{"Uniform": [{"Correct": 0.2401, "Incorrect": 0.7599}], "Trajector": {"Correct": 0.3481775143374004, "Incorrect": 0.6518224856625996}}