{"Uniform": [{"Correct": 0.3201, "Incorrect": 0.6799}], "Trajector": {"Correct": 0.47638659020053115, "Incorrect": 0.5236134097994688}}