{"Uniform": [{"Correct": 0.4257, "Incorrect": 0.5743}], "Trajector": {"Correct": 0.2705438589738655, "Incorrect": 0.7294561410261344}}