{"Uniform": [{"Correct": 0.3317, "Incorrect": 0.6683}], "Trajector": {"Correct": 0.4147646356953158, "Incorrect": 0.5852353643046841}}