{"Uniform": [{"Correct": 0.1811, "Incorrect": 0.8189}], "Trajector": {"Correct": 0.43608791039605865, "Incorrect": 0.5639120896039413}}