{"Uniform": [{"Correct": 0.5372, "Incorrect": 0.4628}], "Trajector": {"Correct": 0.5515184173049537, "Incorrect": 0.4484815826950464}}