{"Uniform": [{"Correct": 0.2932, "Incorrect": 0.7068}], "Trajector": {"Correct": 0.30006543243139217, "Incorrect": 0.6999345675686078}}