{"Uniform": [{"Correct": 0.2788, "Incorrect": 0.7212}], "Trajector": {"Correct": 0.40063892844771176, "Incorrect": 0.5993610715522882}}