{"Uniform": [{"Correct": 0.2846, "Incorrect": 0.7154}], "Trajector": {"Correct": 0.36026326931218966, "Incorrect": 0.6397367306878103}}