{"Uniform": [{"Correct": 0.536, "Incorrect": 0.464}], "Trajector": {"Correct": 0.43870520765174553, "Incorrect": 0.5612947923482545}}