{"Uniform": [{"Correct": 0.3097, "Incorrect": 0.6903}], "Trajector": {"Correct": 0.3631499942265502, "Incorrect": 0.6368500057734499}}