{"Uniform": [{"Correct": 0.5301, "Incorrect": 0.4699}], "Trajector": {"Correct": 0.4288133636118702, "Incorrect": 0.5711866363881298}}