{"Uniform": [{"Correct": 0.4413, "Incorrect": 0.5587}], "Trajector": {"Correct": 0.3226203764289288, "Incorrect": 0.6773796235710712}}