{"Uniform": [{"Correct": 0.4682, "Incorrect": 0.5318}], "Trajector": {"Correct": 0.35091028058966167, "Incorrect": 0.6490897194103383}}