{"Uniform": [{"Correct": 0.4317, "Incorrect": 0.5683}], "Trajector": {"Correct": 0.30268272968707904, "Incorrect": 0.697317270312921}}