{"Uniform": [{"Correct": 0.3539, "Incorrect": 0.6461}], "Trajector": {"Correct": 0.27820330241330204, "Incorrect": 0.721796697586698}}