{"Uniform": [{"Correct": 0.4674, "Incorrect": 0.5326}], "Trajector": {"Correct": 0.37581309418421155, "Incorrect": 0.6241869058157885}}