{"Uniform": [{"Correct": 0.4869, "Incorrect": 0.5131}], "Trajector": {"Correct": 0.3907470844078365, "Incorrect": 0.6092529155921635}}