{"Uniform": [{"Correct": 0.3879, "Incorrect": 0.6121}], "Trajector": {"Correct": 0.39170932604595665, "Incorrect": 0.6082906739540433}}