{"Uniform": [{"Correct": 0.4088, "Incorrect": 0.5912}], "Trajector": {"Correct": 0.3868211385243062, "Incorrect": 0.6131788614756938}}