{"Uniform": [{"Correct": 0.3211, "Incorrect": 0.6789}], "Trajector": {"Correct": 0.3755051768600131, "Incorrect": 0.6244948231399869}}