{"Uniform": [{"Correct": 0.4198, "Incorrect": 0.5802}], "Trajector": {"Correct": 0.5011354451329818, "Incorrect": 0.4988645548670182}}