{"Uniform": [{"Correct": 0.3118, "Incorrect": 0.6882}], "Trajector": {"Correct": 0.3658057811477618, "Incorrect": 0.6341942188522381}}