{"Uniform": [{"Correct": 0.2785, "Incorrect": 0.7215}], "Trajector": {"Correct": 0.41915245756514374, "Incorrect": 0.5808475424348563}}