{"Uniform": [{"Correct": 0.4345, "Incorrect": 0.5655}], "Trajector": {"Correct": 0.4140333320503445, "Incorrect": 0.5859666679496555}}