{"Uniform": [{"Correct": 0.3041, "Incorrect": 0.6959}], "Trajector": {"Correct": 0.39220969169777914, "Incorrect": 0.6077903083022208}}