{"Uniform": [{"Correct": 0.501, "Incorrect": 0.499}], "Trajector": {"Correct": 0.38924598745236905, "Incorrect": 0.610754012547631}}