{"Uniform": [{"Correct": 0.2411, "Incorrect": 0.7589}], "Trajector": {"Correct": 0.34232708517762983, "Incorrect": 0.6576729148223702}}