{"Uniform": [{"Correct": 0.1923, "Incorrect": 0.8077}], "Trajector": {"Correct": 0.34790808667872675, "Incorrect": 0.6520919133212733}}