{"Uniform": [{"Correct": 0.4775, "Incorrect": 0.5225}], "Trajector": {"Correct": 0.5420499595858512, "Incorrect": 0.4579500404141488}}