{"Uniform": [{"Correct": 0.4681, "Incorrect": 0.5319}], "Trajector": {"Correct": 0.3769292944844309, "Incorrect": 0.6230707055155691}}