{"Uniform": [{"Correct": 0.3605, "Incorrect": 0.6395}], "Trajector": {"Correct": 0.3860898348793349, "Incorrect": 0.6139101651206651}}