{"Uniform": [{"Correct": 0.2811, "Incorrect": 0.7189}], "Trajector": {"Correct": 0.373734652245872, "Incorrect": 0.626265347754128}}