{"Uniform": [{"Correct": 0.3024, "Incorrect": 0.6976}], "Trajector": {"Correct": 0.46464724221546516, "Incorrect": 0.5353527577845348}}