{"Uniform": [{"Correct": 0.3181, "Incorrect": 0.6819}], "Trajector": {"Correct": 0.34436703745044456, "Incorrect": 0.6556329625495555}}