{"Uniform": [{"Correct": 0.4044, "Incorrect": 0.5956}], "Trajector": {"Correct": 0.3556445094492129, "Incorrect": 0.6443554905507871}}