{"Uniform": [{"Correct": 0.381, "Incorrect": 0.619}], "Trajector": {"Correct": 0.40113929409953425, "Incorrect": 0.5988607059004657}}