{"Uniform": [{"Correct": 0.3921, "Incorrect": 0.6079}], "Trajector": {"Correct": 0.3381317116354259, "Incorrect": 0.6618682883645741}}