{"Uniform": [{"Correct": 0.4792, "Incorrect": 0.5208}], "Trajector": {"Correct": 0.4237712174281206, "Incorrect": 0.5762287825718795}}