{"Uniform": [{"Correct": 0.3437, "Incorrect": 0.6563}], "Trajector": {"Correct": 0.4458642854393595, "Incorrect": 0.5541357145606405}}