{"Uniform": [{"Correct": 0.3227, "Incorrect": 0.6773}], "Trajector": {"Correct": 0.3601478003156153, "Incorrect": 0.6398521996843848}}