{"Uniform": [{"Correct": 0.5421, "Incorrect": 0.4579}], "Trajector": {"Correct": 0.42338632077287247, "Incorrect": 0.5766136792271275}}