{"Uniform": [{"Correct": 0.2784, "Incorrect": 0.7216}], "Trajector": {"Correct": 0.2767022054578346, "Incorrect": 0.7232977945421655}}