{"Uniform": [{"Correct": 0.3202, "Incorrect": 0.6798}], "Trajector": {"Correct": 0.3360532696970863, "Incorrect": 0.6639467303029136}}