{"Uniform": [{"Correct": 0.3744, "Incorrect": 0.6256}], "Trajector": {"Correct": 0.34413609945729573, "Incorrect": 0.6558639005427043}}