{"Uniform": [{"Correct": 0.3191, "Incorrect": 0.6809}], "Trajector": {"Correct": 0.29721719718255646, "Incorrect": 0.7027828028174435}}