{"Uniform": [{"Correct": 0.3462, "Incorrect": 0.6538}], "Trajector": {"Correct": 0.3780454947846503, "Incorrect": 0.6219545052153497}}