{"Uniform": [{"Correct": 0.2912, "Incorrect": 0.7088}], "Trajector": {"Correct": 0.3311265925099111, "Incorrect": 0.668873407490089}}