{"Uniform": [{"Correct": 0.3433, "Incorrect": 0.6567}], "Trajector": {"Correct": 0.2179284862014549, "Incorrect": 0.7820715137985451}}