{"Uniform": [{"Correct": 0.3623, "Incorrect": 0.6377}], "Trajector": {"Correct": 0.406566336938532, "Incorrect": 0.5934336630614679}}