{"Uniform": [{"Correct": 0.1777, "Incorrect": 0.8223}], "Trajector": {"Correct": 0.262884415534429, "Incorrect": 0.737115584465571}}