{"Uniform": [{"Correct": 0.3418, "Incorrect": 0.6582}], "Trajector": {"Correct": 0.34567568607828797, "Incorrect": 0.654324313921712}}