{"Uniform": [{"Correct": 0.39, "Incorrect": 0.61}], "Trajector": {"Correct": 0.3084946691813248, "Incorrect": 0.6915053308186752}}