{"Uniform": [{"Correct": 0.3858, "Incorrect": 0.6142}], "Trajector": {"Correct": 0.31465301566529386, "Incorrect": 0.6853469843347061}}