{"Uniform": [{"Correct": 0.2178, "Incorrect": 0.7822}], "Trajector": {"Correct": 0.2985258458103999, "Incorrect": 0.7014741541896001}}