{"Uniform": [{"Correct": 0.4657, "Incorrect": 0.5343}], "Trajector": {"Correct": 0.38936145644894343, "Incorrect": 0.6106385435510565}}