{"Uniform": [{"Correct": 0.3495, "Incorrect": 0.6505}], "Trajector": {"Correct": 0.3874754628382279, "Incorrect": 0.612524537161772}}