{"Uniform": [{"Correct": 0.323, "Incorrect": 0.677}], "Trajector": {"Correct": 0.4253877833801624, "Incorrect": 0.5746122166198375}}