{"Uniform": [{"Correct": 0.4329, "Incorrect": 0.5671}], "Trajector": {"Correct": 0.3541434124937454, "Incorrect": 0.6458565875062545}}