{"Uniform": [{"Correct": 0.4252, "Incorrect": 0.5748}], "Trajector": {"Correct": 0.5320426465494015, "Incorrect": 0.4679573534505985}}