{"Uniform": [{"Correct": 0.3731, "Incorrect": 0.6269}], "Trajector": {"Correct": 0.38693660752088066, "Incorrect": 0.6130633924791193}}