{"Uniform": [{"Correct": 0.3444, "Incorrect": 0.6556}], "Trajector": {"Correct": 0.3153458296447404, "Incorrect": 0.6846541703552597}}