{"Uniform": [{"Correct": 0.3513, "Incorrect": 0.6487}], "Trajector": {"Correct": 0.37719872214310457, "Incorrect": 0.6228012778568954}}