{"Uniform": [{"Correct": 0.5121, "Incorrect": 0.4879}], "Trajector": {"Correct": 0.37450444555636814, "Incorrect": 0.6254955544436319}}