{"Uniform": [{"Correct": 0.279, "Incorrect": 0.721}], "Trajector": {"Correct": 0.4140718217158693, "Incorrect": 0.5859281782841307}}