{"Uniform": [{"Correct": 0.5499, "Incorrect": 0.4501}], "Trajector": {"Correct": 0.3494861629652438, "Incorrect": 0.6505138370347562}}