{"Uniform": [{"Correct": 0.2904, "Incorrect": 0.7096}], "Trajector": {"Correct": 0.37923867441591935, "Incorrect": 0.6207613255840807}}