{"Uniform": [{"Correct": 0.3198, "Incorrect": 0.6802}], "Trajector": {"Correct": 0.2869404564874331, "Incorrect": 0.7130595435125668}}