{"Uniform": [{"Correct": 0.4306, "Incorrect": 0.5694}], "Trajector": {"Correct": 0.46703360147800316, "Incorrect": 0.5329663985219969}}