{"Uniform": [{"Correct": 0.4401, "Incorrect": 0.5599}], "Trajector": {"Correct": 0.4623378622839768, "Incorrect": 0.5376621377160232}}