{"Uniform": [{"Correct": 0.3208, "Incorrect": 0.6792}], "Trajector": {"Correct": 0.4556791501481852, "Incorrect": 0.5443208498518148}}