{"Uniform": [{"Correct": 0.3259, "Incorrect": 0.6741}], "Trajector": {"Correct": 0.32750856395057926, "Incorrect": 0.6724914360494207}}