{"Uniform": [{"Correct": 0.4836, "Incorrect": 0.5164}], "Trajector": {"Correct": 0.43716562103075324, "Incorrect": 0.5628343789692467}}