{"Uniform": [{"Correct": 0.4526, "Incorrect": 0.5474}], "Trajector": {"Correct": 0.4568338401139294, "Incorrect": 0.5431661598860706}}