{"Uniform": [{"Correct": 0.4041, "Incorrect": 0.5959}], "Trajector": {"Correct": 0.39101651206651017, "Incorrect": 0.6089834879334899}}