{"Uniform": [{"Correct": 0.3658, "Incorrect": 0.6342}], "Trajector": {"Correct": 0.35656826142180825, "Incorrect": 0.6434317385781918}}