{"Uniform": [{"Correct": 0.4292, "Incorrect": 0.5708}], "Trajector": {"Correct": 0.3469458450406066, "Incorrect": 0.6530541549593935}}