{"Uniform": [{"Correct": 0.2899, "Incorrect": 0.7101}], "Trajector": {"Correct": 0.2883260844463262, "Incorrect": 0.7116739155536739}}