{"Uniform": [{"Correct": 0.3527, "Incorrect": 0.6473}], "Trajector": {"Correct": 0.3748893422116162, "Incorrect": 0.6251106577883838}}