{"Uniform": [{"Correct": 0.3793, "Incorrect": 0.6207}], "Trajector": {"Correct": 0.37130980331780916, "Incorrect": 0.6286901966821908}}