{"Uniform": [{"Correct": 0.4931, "Incorrect": 0.5069}], "Trajector": {"Correct": 0.47115199568915744, "Incorrect": 0.5288480043108426}}