{"Uniform": [{"Correct": 0.3746, "Incorrect": 0.6254}], "Trajector": {"Correct": 0.32562257033986375, "Incorrect": 0.6743774296601363}}