{"Uniform": [{"Correct": 0.3502, "Incorrect": 0.6498}], "Trajector": {"Correct": 0.29059697471228974, "Incorrect": 0.7094030252877103}}