{"Uniform": [{"Correct": 0.3748, "Incorrect": 0.6252}], "Trajector": {"Correct": 0.33970978792194295, "Incorrect": 0.660290212078057}}