{"Uniform": [{"Correct": 0.5039, "Incorrect": 0.4961}], "Trajector": {"Correct": 0.4543705015203418, "Incorrect": 0.5456294984796582}}