{"Uniform": [{"Correct": 0.2771, "Incorrect": 0.7229}], "Trajector": {"Correct": 0.2824371656210308, "Incorrect": 0.7175628343789693}}