{"Uniform": [{"Correct": 0.3423, "Incorrect": 0.6577}], "Trajector": {"Correct": 0.4323544128401524, "Incorrect": 0.5676455871598476}}