{"Uniform": [{"Correct": 0.3267, "Incorrect": 0.6733}], "Trajector": {"Correct": 0.3310496131788615, "Incorrect": 0.6689503868211385}}