{"Uniform": [{"Correct": 0.39, "Incorrect": 0.61}], "Trajector": {"Correct": 0.34544474808513914, "Incorrect": 0.6545552519148609}}