{"Uniform": [{"Correct": 0.2994, "Incorrect": 0.7006}], "Trajector": {"Correct": 0.24868172895577537, "Incorrect": 0.7513182710442247}}