{"Uniform": [{"Correct": 0.31, "Incorrect": 0.69}], "Trajector": {"Correct": 0.3533351295177245, "Incorrect": 0.6466648704822755}}