{"Uniform": [{"Correct": 0.212, "Incorrect": 0.788}], "Trajector": {"Correct": 0.2658096301143143, "Incorrect": 0.7341903698856856}}