{"Uniform": [{"Correct": 0.4181, "Incorrect": 0.5819}], "Trajector": {"Correct": 0.45744967476232634, "Incorrect": 0.5425503252376737}}