{"Uniform": [{"Correct": 0.3905, "Incorrect": 0.6095}], "Trajector": {"Correct": 0.3925945883530272, "Incorrect": 0.6074054116469728}}