{"Uniform": [{"Correct": 0.3726, "Incorrect": 0.6274}], "Trajector": {"Correct": 0.3102651937954659, "Incorrect": 0.6897348062045341}}