{"Uniform": [{"Correct": 0.2224, "Incorrect": 0.7776}], "Trajector": {"Correct": 0.3638043185404719, "Incorrect": 0.6361956814595281}}