{"Uniform": [{"Correct": 0.2426, "Incorrect": 0.7574}], "Trajector": {"Correct": 0.5251914860859859, "Incorrect": 0.4748085139140141}}