{"Uniform": [{"Correct": 0.2002, "Incorrect": 0.7998}], "Trajector": {"Correct": 0.3534121088487741, "Incorrect": 0.646587891151226}}