{"Uniform": [{"Correct": 0.3258, "Incorrect": 0.6742}], "Trajector": {"Correct": 0.3154612986413148, "Incorrect": 0.6845387013586852}}