{"Uniform": [{"Correct": 0.9223, "Incorrect": 0.0777}], "Trajector": {"Correct": 0.9813528014777025, "Incorrect": 0.018647198522297476}}