{"Uniform": [{"Correct": 0.8004, "Incorrect": 0.1996}], "Trajector": {"Correct": 0.8759345588882048, "Incorrect": 0.12406544111179524}}