{"Uniform": [{"Correct": 0.9282, "Incorrect": 0.0718}], "Trajector": {"Correct": 0.9629694784061923, "Incorrect": 0.03703052159380772}}