{"Uniform": [{"Correct": 0.9253, "Incorrect": 0.0747}], "Trajector": {"Correct": 0.9667077139590113, "Incorrect": 0.033292286040988654}}