{"Uniform": [{"Correct": 0.773, "Incorrect": 0.227}], "Trajector": {"Correct": 0.979153839387809, "Incorrect": 0.020846160612191047}}