{"Uniform": [{"Correct": 0.9252, "Incorrect": 0.0748}], "Trajector": {"Correct": 0.9617380596358519, "Incorrect": 0.03826194036414812}}