{"Uniform": [{"Correct": 0.6325, "Incorrect": 0.3675}], "Trajector": {"Correct": 0.979153839387809, "Incorrect": 0.020846160612191047}}