{"Uniform": [{"Correct": 0.7773, "Incorrect": 0.2227}], "Trajector": {"Correct": 0.9797695487729792, "Incorrect": 0.020230451227020847}}