{"Uniform": [{"Correct": 0.9274, "Incorrect": 0.0726}], "Trajector": {"Correct": 0.9734365379540857, "Incorrect": 0.026563462045914327}}