{"Uniform": [{"Correct": 0.9304, "Incorrect": 0.0696}], "Trajector": {"Correct": 0.9867182689770428, "Incorrect": 0.013281731022957164}}