{"Uniform": [{"Correct": 0.9228, "Incorrect": 0.0772}], "Trajector": {"Correct": 0.8577711320256839, "Incorrect": 0.14222886797431614}}