{"Uniform": [{"Correct": 0.9288, "Incorrect": 0.0712}], "Trajector": {"Correct": 0.9772187527487026, "Incorrect": 0.022781247251297387}}