{"Uniform": [{"Correct": 0.9106, "Incorrect": 0.0894}], "Trajector": {"Correct": 0.9751517283842026, "Incorrect": 0.024848271615797345}}