{"Uniform": [{"Correct": 0.9193, "Incorrect": 0.0807}], "Trajector": {"Correct": 0.9326677808074589, "Incorrect": 0.06733221919254112}}