{"Uniform": [{"Correct": 0.9227, "Incorrect": 0.0773}], "Trajector": {"Correct": 0.9853988917231067, "Incorrect": 0.014601108276893307}}