{"Uniform": [{"Correct": 0.8169, "Incorrect": 0.1831}], "Trajector": {"Correct": 0.9037734189462574, "Incorrect": 0.09622658105374263}}