{"Uniform": [{"Correct": 0.7742, "Incorrect": 0.2258}], "Trajector": {"Correct": 0.9055765678599701, "Incorrect": 0.0944234321400299}}