{"Uniform": [{"Correct": 0.8002, "Incorrect": 0.1998}], "Trajector": {"Correct": 0.9824083032808515, "Incorrect": 0.01759169671914856}}