{"Uniform": [{"Correct": 0.6214, "Incorrect": 0.3786}], "Trajector": {"Correct": 0.9248834550092356, "Incorrect": 0.07511654499076435}}