{"Uniform": [{"Correct": 0.926, "Incorrect": 0.074}], "Trajector": {"Correct": 0.9794616940803941, "Incorrect": 0.020538305919605947}}