{"Uniform": [{"Correct": 0.6107, "Incorrect": 0.3893}], "Trajector": {"Correct": 0.9570322807634797, "Incorrect": 0.04296771923652036}}