{"Uniform": [{"Correct": 0.8063, "Incorrect": 0.1937}], "Trajector": {"Correct": 0.916879233002023, "Incorrect": 0.08312076699797695}}