{"Uniform": [{"Correct": 0.7903, "Incorrect": 0.2097}], "Trajector": {"Correct": 0.9822323863136599, "Incorrect": 0.01776761368634005}}