{"Uniform": [{"Correct": 0.4511, "Incorrect": 0.5489}], "Trajector": {"Correct": 0.6077903083022208, "Incorrect": 0.39220969169777914}}