{"Uniform": [{"Correct": 0.3917, "Incorrect": 0.6083}], "Trajector": {"Correct": 0.5695700704360879, "Incorrect": 0.4304299295639121}}