{"Uniform": [{"Correct": 0.5012, "Incorrect": 0.4988}], "Trajector": {"Correct": 0.580886032100381, "Incorrect": 0.41911396789961897}}