{"Uniform": [{"Correct": 0.5821, "Incorrect": 0.4179}], "Trajector": {"Correct": 0.40506523998306454, "Incorrect": 0.5949347600169355}}