{"Uniform": [{"Correct": 0.3301, "Incorrect": 0.6699}], "Trajector": {"Correct": 0.4864708825680305, "Incorrect": 0.5135291174319695}}