{"Uniform": [{"Correct": 0.3255, "Incorrect": 0.6745}], "Trajector": {"Correct": 0.467072091143528, "Incorrect": 0.532927908856472}}