{"Uniform": [{"Correct": 0.5959, "Incorrect": 0.4041}], "Trajector": {"Correct": 0.4947846503213887, "Incorrect": 0.5052153496786113}}