{"Uniform": [{"Correct": 0.4409, "Incorrect": 0.5591}], "Trajector": {"Correct": 0.5199568915746122, "Incorrect": 0.4800431084253878}}