{"Uniform": [{"Correct": 0.3563, "Incorrect": 0.6437}], "Trajector": {"Correct": 0.5388938070128171, "Incorrect": 0.4611061929871829}}