{"Uniform": [{"Correct": 0.2679, "Incorrect": 0.7321}], "Trajector": {"Correct": 0.5210346022093068, "Incorrect": 0.4789653977906932}}