{"Uniform": [{"Correct": 0.3177, "Incorrect": 0.6823}], "Trajector": {"Correct": 0.4597975443593395, "Incorrect": 0.5402024556406605}}