{"Uniform": [{"Correct": 0.4746, "Incorrect": 0.5254}], "Trajector": {"Correct": 0.4924367807243755, "Incorrect": 0.5075632192756245}}