{"Uniform": [{"Correct": 0.9324, "Incorrect": 0.0676}], "Trajector": {"Correct": 0.9857947048992876, "Incorrect": 0.014205295100712464}}