{"Uniform": [{"Correct": 0.6713, "Incorrect": 0.3287}], "Trajector": {"Correct": 0.986674289735245, "Incorrect": 0.013325710264755035}}