{"Uniform": [{"Correct": 0.9287, "Incorrect": 0.0713}], "Trajector": {"Correct": 0.9857947048992876, "Incorrect": 0.014205295100712464}}