{"Uniform": [{"Correct": 0.6978, "Incorrect": 0.3022}], "Trajector": {"Correct": 0.9899287536282875, "Incorrect": 0.010071246371712552}}