{"Uniform": [{"Correct": 0.6271, "Incorrect": 0.3729}], "Trajector": {"Correct": 0.9650365027706922, "Incorrect": 0.03496349722930776}}