{"Uniform": [{"Correct": 0.9382, "Incorrect": 0.0618}], "Trajector": {"Correct": 0.967191485618788, "Incorrect": 0.032808514381212066}}