{"Uniform": [{"Correct": 0.8075, "Incorrect": 0.1925}], "Trajector": {"Correct": 0.9861905180754684, "Incorrect": 0.013809481924531622}}