{"Uniform": [{"Correct": 0.8264, "Incorrect": 0.1736}], "Trajector": {"Correct": 0.9875098953294045, "Incorrect": 0.012490104670595479}}