{"Uniform": [{"Correct": 0.8198, "Incorrect": 0.1802}], "Trajector": {"Correct": 0.9865423520098513, "Incorrect": 0.01345764799014865}}