{"Uniform": [{"Correct": 0.9297, "Incorrect": 0.0703}], "Trajector": {"Correct": 0.9809130090597238, "Incorrect": 0.01908699094027619}}