{"Uniform": [{"Correct": 0.79, "Incorrect": 0.21}], "Trajector": {"Correct": 0.962749582197203, "Incorrect": 0.03725041780279708}}