{"Uniform": [{"Correct": 0.8122, "Incorrect": 0.1878}], "Trajector": {"Correct": 0.9844753276453514, "Incorrect": 0.015524672354648605}}