{"Uniform": [{"Correct": 0.9206, "Incorrect": 0.0794}], "Trajector": {"Correct": 0.9875978538130002, "Incorrect": 0.012402146186999736}}