{"Uniform": [{"Correct": 0.956, "Incorrect": 0.044}], "Trajector": {"Correct": 0.9829800334242238, "Incorrect": 0.017019966575776233}}