{"Uniform": [{"Correct": 0.9264, "Incorrect": 0.0736}], "Trajector": {"Correct": 0.9861905180754684, "Incorrect": 0.013809481924531622}}