{"Uniform": [{"Correct": 0.7524, "Incorrect": 0.2476}], "Trajector": {"Correct": 0.9462133872812033, "Incorrect": 0.05378661271879673}}