{"Uniform": [{"Correct": 0.9183, "Incorrect": 0.0817}], "Trajector": {"Correct": 0.9790219016624153, "Incorrect": 0.02097809833758466}}