{"Uniform": [{"Correct": 0.9281, "Incorrect": 0.0719}], "Trajector": {"Correct": 0.988037646230979, "Incorrect": 0.011962353769021022}}