{"Uniform": [{"Correct": 0.825, "Incorrect": 0.175}], "Trajector": {"Correct": 0.9762951886709473, "Incorrect": 0.023704811329052687}}