{"Uniform": [{"Correct": 0.7732, "Incorrect": 0.2268}], "Trajector": {"Correct": 0.9874659160876067, "Incorrect": 0.01253408391239335}}