{"Uniform": [{"Correct": 0.9285, "Incorrect": 0.0715}], "Trajector": {"Correct": 0.9853109332395109, "Incorrect": 0.014689066760489049}}