{"Uniform": [{"Correct": 0.8091, "Incorrect": 0.1909}], "Trajector": {"Correct": 0.9716773682821708, "Incorrect": 0.028322631717829186}}