{"Uniform": [{"Correct": 0.8235, "Incorrect": 0.1765}], "Trajector": {"Correct": 0.9745360189990324, "Incorrect": 0.025463981000967542}}