{"Uniform": [{"Correct": 0.7896, "Incorrect": 0.2104}], "Trajector": {"Correct": 0.9861465388336705, "Incorrect": 0.013853461166329493}}