{"Uniform": [{"Correct": 0.9332, "Incorrect": 0.0668}], "Trajector": {"Correct": 0.9752836661095963, "Incorrect": 0.02471633389040373}}