{"Uniform": [{"Correct": 0.8067, "Incorrect": 0.1933}], "Trajector": {"Correct": 0.9715894097985751, "Incorrect": 0.02841059020142493}}