{"Uniform": [{"Correct": 0.9358, "Incorrect": 0.0642}], "Trajector": {"Correct": 0.9544814847392031, "Incorrect": 0.0455185152607969}}