{"Uniform": [{"Correct": 0.7179, "Incorrect": 0.2821}], "Trajector": {"Correct": 0.9547453601899903, "Incorrect": 0.04525463981000968}}