{"Uniform": [{"Correct": 0.6778, "Incorrect": 0.3222}], "Trajector": {"Correct": 0.9803852581581494, "Incorrect": 0.019614741841850646}}