{"Uniform": [{"Correct": 0.9475, "Incorrect": 0.0525}], "Trajector": {"Correct": 0.9888732518251385, "Incorrect": 0.011126748174861466}}