{"Uniform": [{"Correct": 0.927, "Incorrect": 0.073}], "Trajector": {"Correct": 0.9855308294485003, "Incorrect": 0.014469170551499691}}