{"Uniform": [{"Correct": 0.9314, "Incorrect": 0.0686}], "Trajector": {"Correct": 0.9872899991204152, "Incorrect": 0.012710000879584836}}