{"Uniform": [{"Correct": 0.6637, "Incorrect": 0.3363}], "Trajector": {"Correct": 0.9864983727680535, "Incorrect": 0.013501627231946521}}