{"Uniform": [{"Correct": 0.931, "Incorrect": 0.069}], "Trajector": {"Correct": 0.9614302049432668, "Incorrect": 0.03856979505673322}}