{"Uniform": [{"Correct": 0.8195, "Incorrect": 0.1805}], "Trajector": {"Correct": 0.9894010027267129, "Incorrect": 0.010598997273287008}}