{"Uniform": [{"Correct": 0.9137, "Incorrect": 0.0863}], "Trajector": {"Correct": 0.9842114521945642, "Incorrect": 0.015788547805435833}}