{"Uniform": [{"Correct": 0.8184, "Incorrect": 0.1816}], "Trajector": {"Correct": 0.9730407247779048, "Incorrect": 0.02695927522209517}}