{"Uniform": [{"Correct": 0.8144, "Incorrect": 0.1856}], "Trajector": {"Correct": 0.9878177500219896, "Incorrect": 0.012182249978010378}}