{"Uniform": [{"Correct": 0.8261, "Incorrect": 0.1739}], "Trajector": {"Correct": 0.9773067112322984, "Incorrect": 0.022693288767701644}}