{"Uniform": [{"Correct": 0.8468, "Incorrect": 0.1532}], "Trajector": {"Correct": 0.9868941859442343, "Incorrect": 0.013105814055765679}}