{"Uniform": [{"Correct": 0.8137, "Incorrect": 0.1863}], "Trajector": {"Correct": 0.9671475063769901, "Incorrect": 0.03285249362300994}}