{"Uniform": [{"Correct": 0.7857, "Incorrect": 0.2143}], "Trajector": {"Correct": 0.9830679919078195, "Incorrect": 0.01693200809218049}}