{"Uniform": [{"Correct": 0.8063, "Incorrect": 0.1937}], "Trajector": {"Correct": 0.9724689946345325, "Incorrect": 0.0275310053654675}}