{"Uniform": [{"Correct": 0.8147, "Incorrect": 0.1853}], "Trajector": {"Correct": 0.9869381651860322, "Incorrect": 0.013061834813967808}}