{"Uniform": [{"Correct": 0.8051, "Incorrect": 0.1949}], "Trajector": {"Correct": 0.9864543935262556, "Incorrect": 0.013545606473744393}}