{"Uniform": [{"Correct": 0.8295, "Incorrect": 0.1705}], "Trajector": {"Correct": 0.9886093763743513, "Incorrect": 0.011390623625648693}}