{"Uniform": [{"Correct": 0.9265, "Incorrect": 0.0735}], "Trajector": {"Correct": 0.9869381651860322, "Incorrect": 0.013061834813967808}}