{"Uniform": [{"Correct": 0.9362, "Incorrect": 0.0638}], "Trajector": {"Correct": 0.9851789955141174, "Incorrect": 0.014821004485882663}}