{"Uniform": [{"Correct": 0.933, "Incorrect": 0.067}], "Trajector": {"Correct": 0.9369777465036503, "Incorrect": 0.06302225349634973}}