{"Uniform": [{"Correct": 0.8121, "Incorrect": 0.1879}], "Trajector": {"Correct": 0.976075292461958, "Incorrect": 0.023924707538042045}}