{"Uniform": [{"Correct": 0.66, "Incorrect": 0.34}], "Trajector": {"Correct": 0.9802093411909578, "Incorrect": 0.01979065880904213}}