{"Uniform": [{"Correct": 0.7807, "Incorrect": 0.2193}], "Trajector": {"Correct": 0.9802972996745536, "Incorrect": 0.01970270032544639}}