{"Uniform": [{"Correct": 0.5848, "Incorrect": 0.4152}], "Trajector": {"Correct": 0.9457735948632245, "Incorrect": 0.054226405136775443}}