{"Uniform": [{"Correct": 0.81, "Incorrect": 0.19}], "Trajector": {"Correct": 0.9772627319905005, "Incorrect": 0.022737268009499517}}