{"Uniform": [{"Correct": 0.8088, "Incorrect": 0.1912}], "Trajector": {"Correct": 0.9806051543671387, "Incorrect": 0.01939484563286129}}