{"Uniform": [{"Correct": 0.9119, "Incorrect": 0.0881}], "Trajector": {"Correct": 0.9771747735069047, "Incorrect": 0.02282522649309526}}