{"Uniform": [{"Correct": 0.7861, "Incorrect": 0.2139}], "Trajector": {"Correct": 0.9778344621338728, "Incorrect": 0.022165537866127186}}