{"Uniform": [{"Correct": 0.8977, "Incorrect": 0.1023}], "Trajector": {"Correct": 0.9615181634268625, "Incorrect": 0.03848183657313748}}