{"Uniform": [{"Correct": 0.7887, "Incorrect": 0.2113}], "Trajector": {"Correct": 0.9840355352273726, "Incorrect": 0.01596446477262732}}