{"Uniform": [{"Correct": 0.73, "Incorrect": 0.27}], "Trajector": {"Correct": 0.9428269856627671, "Incorrect": 0.057173014337232826}}