{"Uniform": [{"Correct": 0.911, "Incorrect": 0.089}], "Trajector": {"Correct": 0.9744480605154368, "Incorrect": 0.025551939484563285}}