{"Uniform": [{"Correct": 0.912, "Incorrect": 0.088}], "Trajector": {"Correct": 0.8841146978626089, "Incorrect": 0.11588530213739115}}