{"Uniform": [{"Correct": 0.7356, "Incorrect": 0.2644}], "Trajector": {"Correct": 0.9450699269944586, "Incorrect": 0.05493007300554138}}