{"Uniform": [{"Correct": 0.6796, "Incorrect": 0.3204}], "Trajector": {"Correct": 0.9725569531181283, "Incorrect": 0.027443046881871755}}