{"Uniform": [{"Correct": 0.9097, "Incorrect": 0.0903}], "Trajector": {"Correct": 0.9681150496965433, "Incorrect": 0.03188495030345677}}