{"Uniform": [{"Correct": 0.9041, "Incorrect": 0.0959}], "Trajector": {"Correct": 0.8749670155686516, "Incorrect": 0.12503298443134842}}