{"Uniform": [{"Correct": 0.8192, "Incorrect": 0.1808}], "Trajector": {"Correct": 0.9776145659248835, "Incorrect": 0.022385434075116544}}