{"Uniform": [{"Correct": 0.7854, "Incorrect": 0.2146}], "Trajector": {"Correct": 0.9845193068871493, "Incorrect": 0.015480693112850734}}