{"Uniform": [{"Correct": 0.8133, "Incorrect": 0.1867}], "Trajector": {"Correct": 0.9757674377693728, "Incorrect": 0.024232562230627145}}