{"Uniform": [{"Correct": 0.8058, "Incorrect": 0.1942}], "Trajector": {"Correct": 0.9802972996745536, "Incorrect": 0.01970270032544639}}