{"Uniform": [{"Correct": 0.8047, "Incorrect": 0.1953}], "Trajector": {"Correct": 0.6951798750989533, "Incorrect": 0.3048201249010467}}