{"Uniform": [{"Correct": 0.8131, "Incorrect": 0.1869}], "Trajector": {"Correct": 0.9142844577359487, "Incorrect": 0.08571554226405137}}