{"Uniform": [{"Correct": 0.6143, "Incorrect": 0.3857}], "Trajector": {"Correct": 0.4071158413228956, "Incorrect": 0.5928841586771044}}