{"Uniform": [{"Correct": 0.911, "Incorrect": 0.089}], "Trajector": {"Correct": 0.9754595830767877, "Incorrect": 0.024540416923212245}}