{"Uniform": [{"Correct": 0.6624, "Incorrect": 0.3376}], "Trajector": {"Correct": 0.9491599964816606, "Incorrect": 0.050840003518339345}}