{"Uniform": [{"Correct": 0.9135, "Incorrect": 0.0865}], "Trajector": {"Correct": 0.9823203447972557, "Incorrect": 0.017679655202744303}}