{"Uniform": [{"Correct": 0.9097, "Incorrect": 0.0903}], "Trajector": {"Correct": 0.9658281291230539, "Incorrect": 0.03417187087694608}}