{"Uniform": [{"Correct": 0.9131, "Incorrect": 0.0869}], "Trajector": {"Correct": 0.9626176444718093, "Incorrect": 0.03738235552819069}}