{"Uniform": [{"Correct": 0.9111, "Incorrect": 0.0889}], "Trajector": {"Correct": 0.8135719940188231, "Incorrect": 0.1864280059811769}}