{"Uniform": [{"Correct": 0.9111, "Incorrect": 0.0889}], "Trajector": {"Correct": 0.9642448764183306, "Incorrect": 0.035755123581669455}}