{"Uniform": [{"Correct": 0.9116, "Incorrect": 0.0884}], "Trajector": {"Correct": 0.9048728999912041, "Incorrect": 0.09512710000879585}}