{"Uniform": [{"Correct": 0.9097, "Incorrect": 0.0903}], "Trajector": {"Correct": 0.9295892338816079, "Incorrect": 0.07041076611839212}}