{"Uniform": [{"Correct": 0.9112, "Incorrect": 0.0888}], "Trajector": {"Correct": 0.9566804468290967, "Incorrect": 0.04331955317090334}}