{"Uniform": [{"Correct": 0.9122, "Incorrect": 0.0878}], "Trajector": {"Correct": 0.976075292461958, "Incorrect": 0.023924707538042045}}