{"Uniform": [{"Correct": 0.9123, "Incorrect": 0.0877}], "Trajector": {"Correct": 0.9679831119711496, "Incorrect": 0.03201688802885038}}