{"Uniform": [{"Correct": 0.9105, "Incorrect": 0.0895}], "Trajector": {"Correct": 0.8831911337848536, "Incorrect": 0.11680886621514645}}