{"Uniform": [{"Correct": 0.9113, "Incorrect": 0.0887}], "Trajector": {"Correct": 0.9225085759521506, "Incorrect": 0.07749142404784941}}