{"Uniform": [{"Correct": 0.9137, "Incorrect": 0.0863}], "Trajector": {"Correct": 0.97128155510599, "Incorrect": 0.02871844489401003}}