{"Uniform": [{"Correct": 0.9064, "Incorrect": 0.0936}], "Trajector": {"Correct": 0.8279092268449292, "Incorrect": 0.17209077315507082}}