{"Uniform": [{"Correct": 0.9127, "Incorrect": 0.0873}], "Trajector": {"Correct": 0.816034831559504, "Incorrect": 0.1839651684404961}}