{"Uniform": [{"Correct": 0.9128, "Incorrect": 0.0872}], "Trajector": {"Correct": 0.970270032544639, "Incorrect": 0.02972996745536107}}