{"Uniform": [{"Correct": 0.9107, "Incorrect": 0.0893}], "Trajector": {"Correct": 0.9533380244524584, "Incorrect": 0.04666197554754156}}