{"Uniform": [{"Correct": 0.8018, "Incorrect": 0.1982}], "Trajector": {"Correct": 0.9690386137742986, "Incorrect": 0.03096138622570147}}