{"Uniform": [{"Correct": 0.922, "Incorrect": 0.078}], "Trajector": {"Correct": 0.9861465388336705, "Incorrect": 0.013853461166329493}}