{"Uniform": [{"Correct": 0.7017, "Incorrect": 0.2983}], "Trajector": {"Correct": 0.9726009323599261, "Incorrect": 0.027399067640073885}}