{"Uniform": [{"Correct": 0.6793, "Incorrect": 0.3207}], "Trajector": {"Correct": 0.9871140821532237, "Incorrect": 0.012885917846776321}}