{"Uniform": [{"Correct": 0.7193, "Incorrect": 0.2807}], "Trajector": {"Correct": 0.9721611399419474, "Incorrect": 0.027838860058052597}}