{"Uniform": [{"Correct": 0.9204, "Incorrect": 0.0796}], "Trajector": {"Correct": 0.9888292725833406, "Incorrect": 0.011170727416659337}}