{"Uniform": [{"Correct": 0.6624, "Incorrect": 0.3376}], "Trajector": {"Correct": 0.9795496525639898, "Incorrect": 0.020450347436010204}}