{"Uniform": [{"Correct": 0.8598, "Incorrect": 0.1402}], "Trajector": {"Correct": 0.9798135280147771, "Incorrect": 0.020186471985222974}}