{"Uniform": [{"Correct": 0.6557, "Incorrect": 0.3443}], "Trajector": {"Correct": 0.9782302753100537, "Incorrect": 0.021769724689946344}}