{"Uniform": [{"Correct": 0.6709, "Incorrect": 0.3291}], "Trajector": {"Correct": 0.9864543935262556, "Incorrect": 0.013545606473744393}}