{"Uniform": [{"Correct": 0.9298, "Incorrect": 0.0702}], "Trajector": {"Correct": 0.9883015216817662, "Incorrect": 0.011698478318233793}}