{"Uniform": [{"Correct": 0.8131, "Incorrect": 0.1869}], "Trajector": {"Correct": 0.9862344973172662, "Incorrect": 0.01376550268273375}}