{"Uniform": [{"Correct": 0.6978, "Incorrect": 0.3022}], "Trajector": {"Correct": 0.9819685108628727, "Incorrect": 0.018031489137127276}}