{"Uniform": [{"Correct": 0.6994, "Incorrect": 0.3006}], "Trajector": {"Correct": 0.9669715894097985, "Incorrect": 0.033028410590201424}}