{"Uniform": [{"Correct": 0.8107, "Incorrect": 0.1893}], "Trajector": {"Correct": 0.9857507256574897, "Incorrect": 0.014249274342510335}}