{"Uniform": [{"Correct": 0.9282, "Incorrect": 0.0718}], "Trajector": {"Correct": 0.9853549124813088, "Incorrect": 0.014645087518691178}}