{"Uniform": [{"Correct": 0.7857, "Incorrect": 0.2143}], "Trajector": {"Correct": 0.9855748086902982, "Incorrect": 0.01442519130970182}}