{"Uniform": [{"Correct": 0.7916, "Incorrect": 0.2084}], "Trajector": {"Correct": 0.9800334242237664, "Incorrect": 0.01996657577623362}}