{"Uniform": [{"Correct": 0.7835, "Incorrect": 0.2165}], "Trajector": {"Correct": 0.9792417978714048, "Incorrect": 0.020758202128595304}}