{"Uniform": [{"Correct": 0.8286, "Incorrect": 0.1714}], "Trajector": {"Correct": 0.986322455800862, "Incorrect": 0.013677544199138006}}