{"Uniform": [{"Correct": 0.7926, "Incorrect": 0.2074}], "Trajector": {"Correct": 0.9862344973172662, "Incorrect": 0.01376550268273375}}