{"Uniform": [{"Correct": 0.627, "Incorrect": 0.373}], "Trajector": {"Correct": 0.9678951534875538, "Incorrect": 0.03210484651244613}}