{"Uniform": [{"Correct": 0.6786, "Incorrect": 0.3214}], "Trajector": {"Correct": 0.9813967807195004, "Incorrect": 0.018603219280499603}}