{"Uniform": [{"Correct": 0.8139, "Incorrect": 0.1861}], "Trajector": {"Correct": 0.9821444278300642, "Incorrect": 0.01785557216993579}}