{"Uniform": [{"Correct": 0.898, "Incorrect": 0.102}], "Trajector": {"Correct": 0.986674289735245, "Incorrect": 0.013325710264755035}}