{"Uniform": [{"Correct": 0.9234, "Incorrect": 0.0766}], "Trajector": {"Correct": 0.9853988917231067, "Incorrect": 0.014601108276893307}}