{"Uniform": [{"Correct": 0.8072, "Incorrect": 0.1928}], "Trajector": {"Correct": 0.968862696807107, "Incorrect": 0.031137303192892953}}