{"Uniform": [{"Correct": 0.7739, "Incorrect": 0.2261}], "Trajector": {"Correct": 0.9842114521945642, "Incorrect": 0.015788547805435833}}