{"Uniform": [{"Correct": 0.6471, "Incorrect": 0.3529}], "Trajector": {"Correct": 0.9769548772979154, "Incorrect": 0.023045122702084617}}