{"Uniform": [{"Correct": 0.6567, "Incorrect": 0.3433}], "Trajector": {"Correct": 0.9777025244084792, "Incorrect": 0.0222974755915208}}