{"Uniform": [{"Correct": 0.8303, "Incorrect": 0.1697}], "Trajector": {"Correct": 0.9872899991204152, "Incorrect": 0.012710000879584836}}