{"Uniform": [{"Correct": 0.703, "Incorrect": 0.297}], "Trajector": {"Correct": 0.9731726625032985, "Incorrect": 0.026827337496701558}}