{"Uniform": [{"Correct": 0.7406, "Incorrect": 0.2594}], "Trajector": {"Correct": 0.983243908875011, "Incorrect": 0.016756091124989006}}