{"Uniform": [{"Correct": 0.8054, "Incorrect": 0.1946}], "Trajector": {"Correct": 0.9488521417890755, "Incorrect": 0.05114785821092444}}