{"Uniform": [{"Correct": 0.744, "Incorrect": 0.256}], "Trajector": {"Correct": 0.9641569179347348, "Incorrect": 0.035843082065265194}}