{"Uniform": [{"Correct": 0.841, "Incorrect": 0.159}], "Trajector": {"Correct": 0.9708417626880113, "Incorrect": 0.02915823731198874}}