{"Uniform": [{"Correct": 0.9198, "Incorrect": 0.0802}], "Trajector": {"Correct": 0.9892250857595215, "Incorrect": 0.010774914240478495}}