{"Uniform": [{"Correct": 0.8407, "Incorrect": 0.1593}], "Trajector": {"Correct": 0.9805171958835429, "Incorrect": 0.01948280411645703}}