{"Uniform": [{"Correct": 0.8416, "Incorrect": 0.1584}], "Trajector": {"Correct": 0.9708857419298091, "Incorrect": 0.02911425807019087}}