{"Uniform": [{"Correct": 0.9178, "Incorrect": 0.0822}], "Trajector": {"Correct": 0.9847392030961386, "Incorrect": 0.015260796903861378}}