{"Uniform": [{"Correct": 0.7697, "Incorrect": 0.2303}], "Trajector": {"Correct": 0.9806931128507345, "Incorrect": 0.019306887149265546}}