{"Uniform": [{"Correct": 0.7576, "Incorrect": 0.2424}], "Trajector": {"Correct": 0.9623537690210221, "Incorrect": 0.03764623097897792}}