{"Uniform": [{"Correct": 0.8141, "Incorrect": 0.1859}], "Trajector": {"Correct": 0.9852229747559152, "Incorrect": 0.014777025244084791}}