{"Uniform": [{"Correct": 0.7724, "Incorrect": 0.2276}], "Trajector": {"Correct": 0.9824522825226493, "Incorrect": 0.01754771747735069}}