{"Uniform": [{"Correct": 0.6752, "Incorrect": 0.3248}], "Trajector": {"Correct": 0.9792417978714048, "Incorrect": 0.020758202128595304}}