{"Uniform": [{"Correct": 0.9113, "Incorrect": 0.0887}], "Trajector": {"Correct": 0.9732166417450964, "Incorrect": 0.026783358254903685}}