{"Uniform": [{"Correct": 0.9561, "Incorrect": 0.0439}], "Trajector": {"Correct": 0.9883455009235641, "Incorrect": 0.011654499076435922}}