{"Uniform": [{"Correct": 0.917, "Incorrect": 0.083}], "Trajector": {"Correct": 0.9777025244084792, "Incorrect": 0.0222974755915208}}