{"Uniform": [{"Correct": 0.7845, "Incorrect": 0.2155}], "Trajector": {"Correct": 0.9849151200633302, "Incorrect": 0.015084879936669892}}