{"Uniform": [{"Correct": 0.9317, "Incorrect": 0.0683}], "Trajector": {"Correct": 0.9557568827513414, "Incorrect": 0.044243117248658634}}