{"Uniform": [{"Correct": 0.9253, "Incorrect": 0.0747}], "Trajector": {"Correct": 0.9788899639370218, "Incorrect": 0.021110036062978274}}