{"Uniform": [{"Correct": 0.9284, "Incorrect": 0.0716}], "Trajector": {"Correct": 0.9861025595918727, "Incorrect": 0.013897440408127364}}