{"Uniform": [{"Correct": 0.9304, "Incorrect": 0.0696}], "Trajector": {"Correct": 0.9785381300026388, "Incorrect": 0.021461869997361247}}