{"Uniform": [{"Correct": 0.9347, "Incorrect": 0.0653}], "Trajector": {"Correct": 0.9901486498372768, "Incorrect": 0.009851350162723194}}