{"Uniform": [{"Correct": 0.7467, "Incorrect": 0.2533}], "Trajector": {"Correct": 0.9749758114170112, "Incorrect": 0.02502418858298883}}