{"Uniform": [{"Correct": 0.7328, "Incorrect": 0.2672}], "Trajector": {"Correct": 0.9754156038349899, "Incorrect": 0.024584396165010115}}