{"Uniform": [{"Correct": 0.9183, "Incorrect": 0.0817}], "Trajector": {"Correct": 0.9822323863136599, "Incorrect": 0.01776761368634005}}