{"Uniform": [{"Correct": 0.7786, "Incorrect": 0.2214}], "Trajector": {"Correct": 0.9693024892250858, "Incorrect": 0.03069751077491424}}