{"Uniform": [{"Correct": 0.868, "Incorrect": 0.132}], "Trajector": {"Correct": 0.9731726625032985, "Incorrect": 0.026827337496701558}}