{"Uniform": [{"Correct": 0.8789, "Incorrect": 0.1211}], "Trajector": {"Correct": 0.9703579910282347, "Incorrect": 0.029642008971765325}}