{"Uniform": [{"Correct": 0.8732, "Incorrect": 0.1268}], "Trajector": {"Correct": 0.9602427654147242, "Incorrect": 0.03975723458527575}}