{"Uniform": [{"Correct": 0.9278, "Incorrect": 0.0722}], "Trajector": {"Correct": 0.9862344973172662, "Incorrect": 0.01376550268273375}}