{"Uniform": [{"Correct": 0.7672, "Incorrect": 0.2328}], "Trajector": {"Correct": 0.9709737004134049, "Incorrect": 0.02902629958659513}}