{"Uniform": [{"Correct": 0.8015, "Incorrect": 0.1985}], "Trajector": {"Correct": 0.9883015216817662, "Incorrect": 0.011698478318233793}}