{"Uniform": [{"Correct": 0.919, "Incorrect": 0.081}], "Trajector": {"Correct": 0.9852229747559152, "Incorrect": 0.014777025244084791}}