{"Uniform": [{"Correct": 0.9168, "Incorrect": 0.0832}], "Trajector": {"Correct": 0.9846952238543407, "Incorrect": 0.01530477614565925}}