{"Uniform": [{"Correct": 0.8218, "Incorrect": 0.1782}], "Trajector": {"Correct": 0.9877297915383939, "Incorrect": 0.012270208461606123}}