{"Uniform": [{"Correct": 0.8388, "Incorrect": 0.1612}], "Trajector": {"Correct": 0.9738323511302666, "Incorrect": 0.026167648869733485}}