{"Uniform": [{"Correct": 0.9264, "Incorrect": 0.0736}], "Trajector": {"Correct": 0.9880816254727769, "Incorrect": 0.011918374527223151}}