{"Uniform": [{"Correct": 0.8714, "Incorrect": 0.1286}], "Trajector": {"Correct": 0.969918198610256, "Incorrect": 0.03008180138974404}}