{"Uniform": [{"Correct": 0.8629, "Incorrect": 0.1371}], "Trajector": {"Correct": 0.9574720731814583, "Incorrect": 0.04252792681854165}}