{"Uniform": [{"Correct": 0.9184, "Incorrect": 0.0816}], "Trajector": {"Correct": 0.9879057085055853, "Incorrect": 0.012094291494414636}}