{"Uniform": [{"Correct": 0.802, "Incorrect": 0.198}], "Trajector": {"Correct": 0.9454657401706394, "Incorrect": 0.05453425982936054}}