{"Uniform": [{"Correct": 0.7502, "Incorrect": 0.2498}], "Trajector": {"Correct": 0.9697862608848623, "Incorrect": 0.030213739115137656}}