{"Uniform": [{"Correct": 0.7095, "Incorrect": 0.2905}], "Trajector": {"Correct": 0.9762512094291494, "Incorrect": 0.02374879057085056}}