{"Uniform": [{"Correct": 0.9262, "Incorrect": 0.0738}], "Trajector": {"Correct": 0.9817925938956812, "Incorrect": 0.01820740610431876}}