{"Uniform": [{"Correct": 0.8708, "Incorrect": 0.1292}], "Trajector": {"Correct": 0.9867622482188407, "Incorrect": 0.013237751781159292}}