{"Uniform": [{"Correct": 0.8306, "Incorrect": 0.1694}], "Trajector": {"Correct": 0.9640249802093412, "Incorrect": 0.035975019790658806}}