{"Uniform": [{"Correct": 0.8395, "Incorrect": 0.1605}], "Trajector": {"Correct": 0.9777025244084792, "Incorrect": 0.0222974755915208}}