{"Uniform": [{"Correct": 0.8308, "Incorrect": 0.1692}], "Trajector": {"Correct": 0.970577887237224, "Incorrect": 0.02942211276277597}}