{"Uniform": [{"Correct": 0.8077, "Incorrect": 0.1923}], "Trajector": {"Correct": 0.988741314099745, "Incorrect": 0.01125868590025508}}