{"Uniform": [{"Correct": 0.7522, "Incorrect": 0.2478}], "Trajector": {"Correct": 0.9602867446565221, "Incorrect": 0.03971325534347788}}