{"Uniform": [{"Correct": 0.7043, "Incorrect": 0.2957}], "Trajector": {"Correct": 0.9817486146538834, "Incorrect": 0.018251385346116634}}