{"Uniform": [{"Correct": 0.6725, "Incorrect": 0.3275}], "Trajector": {"Correct": 0.9796376110475855, "Incorrect": 0.020362388952414462}}