{"Uniform": [{"Correct": 0.7441, "Incorrect": 0.2559}], "Trajector": {"Correct": 0.9568123845544902, "Incorrect": 0.04318761544550972}}