{"Uniform": [{"Correct": 0.8033, "Incorrect": 0.1967}], "Trajector": {"Correct": 0.9625296859882135, "Incorrect": 0.03747031401178644}}