{"Uniform": [{"Correct": 0.672, "Incorrect": 0.328}], "Trajector": {"Correct": 0.9503914152520011, "Incorrect": 0.049608584747998945}}