{"Uniform": [{"Correct": 0.3607, "Incorrect": 0.6393}], "Trajector": {"Correct": 0.4642238558946923, "Incorrect": 0.5357761441053077}}