{"Uniform": [{"Correct": 0.5829, "Incorrect": 0.4171}], "Trajector": {"Correct": 0.5246141411031138, "Incorrect": 0.47538585889688617}}