{"Uniform": [{"Correct": 0.6025, "Incorrect": 0.3975}], "Trajector": {"Correct": 0.31145837342673494, "Incorrect": 0.6885416265732651}}