{"Uniform": [{"Correct": 0.3403, "Incorrect": 0.6597}], "Trajector": {"Correct": 0.35360455717639816, "Incorrect": 0.6463954428236018}}