{"Uniform": [{"Correct": 0.4405, "Incorrect": 0.5595}], "Trajector": {"Correct": 0.4942842846695662, "Incorrect": 0.5057157153304338}}