{"Uniform": [{"Correct": 0.5034, "Incorrect": 0.4966}], "Trajector": {"Correct": 0.5682999114737693, "Incorrect": 0.4317000885262307}}