{"Uniform": [{"Correct": 0.27, "Incorrect": 0.73}], "Trajector": {"Correct": 0.5699164774258112, "Incorrect": 0.4300835225741888}}