{"Uniform": [{"Correct": 0.273, "Incorrect": 0.727}], "Trajector": {"Correct": 0.4697278780647396, "Incorrect": 0.5302721219352604}}