{"Uniform": [{"Correct": 0.2721, "Incorrect": 0.7279}], "Trajector": {"Correct": 0.568954235787691, "Incorrect": 0.431045764212309}}