{"Uniform": [{"Correct": 0.3119, "Incorrect": 0.6881}], "Trajector": {"Correct": 0.3210807898079366, "Incorrect": 0.6789192101920635}}