{"Uniform": [{"Correct": 0.4264, "Incorrect": 0.5736}], "Trajector": {"Correct": 0.5128747931180478, "Incorrect": 0.4871252068819522}}