{"Uniform": [{"Correct": 0.2945, "Incorrect": 0.7055}], "Trajector": {"Correct": 0.33905546360802125, "Incorrect": 0.6609445363919787}}