{"Uniform": [{"Correct": 0.3715, "Incorrect": 0.6285}], "Trajector": {"Correct": 0.40906816519764444, "Incorrect": 0.5909318348023556}}