{"Uniform": [{"Correct": 0.3924, "Incorrect": 0.6076}], "Trajector": {"Correct": 0.3240829837188715, "Incorrect": 0.6759170162811285}}