{"Uniform": [{"Correct": 0.4624, "Incorrect": 0.5376}], "Trajector": {"Correct": 0.42658096301143145, "Incorrect": 0.5734190369885686}}