{"Uniform": [{"Correct": 0.3621, "Incorrect": 0.6379}], "Trajector": {"Correct": 0.3517955428967322, "Incorrect": 0.6482044571032678}}