{"Uniform": [{"Correct": 0.4406, "Incorrect": 0.5594}], "Trajector": {"Correct": 0.2629613948654786, "Incorrect": 0.7370386051345214}}