{"Uniform": [{"Correct": 0.4555, "Incorrect": 0.5445}], "Trajector": {"Correct": 0.5998614372041107, "Incorrect": 0.40013856279588933}}