{"Uniform": [{"Correct": 0.3937, "Incorrect": 0.6063}], "Trajector": {"Correct": 0.43608791039605865, "Incorrect": 0.5639120896039413}}