{"Uniform": [{"Correct": 0.4683, "Incorrect": 0.5317}], "Trajector": {"Correct": 0.4988645548670182, "Incorrect": 0.5011354451329818}}