{"Uniform": [{"Correct": 0.3618, "Incorrect": 0.6382}], "Trajector": {"Correct": 0.3453292790885647, "Incorrect": 0.6546707209114353}}