{"Uniform": [{"Correct": 0.3386, "Incorrect": 0.6614}], "Trajector": {"Correct": 0.3671914091066549, "Incorrect": 0.6328085908933452}}