{"Uniform": [{"Correct": 0.2594, "Incorrect": 0.7406}], "Trajector": {"Correct": 0.4326238404988261, "Incorrect": 0.5673761595011739}}