{"Uniform": [{"Correct": 0.1937, "Incorrect": 0.8063}], "Trajector": {"Correct": 0.24090681651976445, "Incorrect": 0.7590931834802356}}