{"Uniform": [{"Correct": 0.3585, "Incorrect": 0.6415}], "Trajector": {"Correct": 0.5945883530272122, "Incorrect": 0.4054116469727878}}