{"Uniform": [{"Correct": 0.5816, "Incorrect": 0.4184}], "Trajector": {"Correct": 0.44605673376698357, "Incorrect": 0.5539432662330165}}