{"Uniform": [{"Correct": 0.197, "Incorrect": 0.803}], "Trajector": {"Correct": 0.40102382510295986, "Incorrect": 0.5989761748970401}}