{"Uniform": [{"Correct": 0.2619, "Incorrect": 0.7381}], "Trajector": {"Correct": 0.4384357799930719, "Incorrect": 0.5615642200069282}}