{"Uniform": [{"Correct": 0.3256, "Incorrect": 0.6744}], "Trajector": {"Correct": 0.3143835880066202, "Incorrect": 0.6856164119933797}}