{"Uniform": [{"Correct": 0.2978, "Incorrect": 0.7022}], "Trajector": {"Correct": 0.41145452446018244, "Incorrect": 0.5885454755398175}}