{"Uniform": [{"Correct": 0.3107, "Incorrect": 0.6893}], "Trajector": {"Correct": 0.6363111504561025, "Incorrect": 0.36368884954389746}}