{"Uniform": [{"Correct": 0.5555, "Incorrect": 0.4445}], "Trajector": {"Correct": 0.6139871444517148, "Incorrect": 0.3860128555482853}}