{"Uniform": [{"Correct": 0.3535, "Incorrect": 0.6465}], "Trajector": {"Correct": 0.5451676224933605, "Incorrect": 0.45483237750663946}}