{"Uniform": [{"Correct": 0.3264, "Incorrect": 0.6736}], "Trajector": {"Correct": 0.46368500057734496, "Incorrect": 0.536314999422655}}