{"Uniform": [{"Correct": 0.4904, "Incorrect": 0.5096}], "Trajector": {"Correct": 0.49143604942073055, "Incorrect": 0.5085639505792695}}