{"Uniform": [{"Correct": 0.5328, "Incorrect": 0.4672}], "Trajector": {"Correct": 0.4587198337246449, "Incorrect": 0.541280166275355}}