{"Uniform": [{"Correct": 0.3167, "Incorrect": 0.6833}], "Trajector": {"Correct": 0.3107270697817636, "Incorrect": 0.6892729302182364}}