{"Uniform": [{"Correct": 0.4217, "Incorrect": 0.5783}], "Trajector": {"Correct": 0.25714945537123285, "Incorrect": 0.7428505446287672}}