{"Uniform": [{"Correct": 0.2065, "Incorrect": 0.7935}], "Trajector": {"Correct": 0.345483237750664, "Incorrect": 0.6545167622493361}}