{"Uniform": [{"Correct": 0.313, "Incorrect": 0.687}], "Trajector": {"Correct": 0.3855894692275124, "Incorrect": 0.6144105307724876}}