{"Uniform": [{"Correct": 0.5265, "Incorrect": 0.4735}], "Trajector": {"Correct": 0.4958238712905585, "Incorrect": 0.5041761287094415}}