{"Uniform": [{"Correct": 0.4382, "Incorrect": 0.5618}], "Trajector": {"Correct": 0.460297910011162, "Incorrect": 0.539702089988838}}