{"Uniform": [{"Correct": 0.3434, "Incorrect": 0.6566}], "Trajector": {"Correct": 0.32031099649744044, "Incorrect": 0.6796890035025596}}