{"Uniform": [{"Correct": 0.4443, "Incorrect": 0.5557}], "Trajector": {"Correct": 0.6326161425657211, "Incorrect": 0.36738385743427887}}