{"Uniform": [{"Correct": 0.3972, "Incorrect": 0.6028}], "Trajector": {"Correct": 0.48350717832262036, "Incorrect": 0.5164928216773796}}