{"Uniform": [{"Correct": 0.4659, "Incorrect": 0.5341}], "Trajector": {"Correct": 0.4721527269928024, "Incorrect": 0.5278472730071976}}