{"Uniform": [{"Correct": 0.3304, "Incorrect": 0.6696}], "Trajector": {"Correct": 0.4528309148993495, "Incorrect": 0.5471690851006504}}