{"Uniform": [{"Correct": 0.3182, "Incorrect": 0.6818}], "Trajector": {"Correct": 0.3748123628805666, "Incorrect": 0.6251876371194335}}