{"Uniform": [{"Correct": 0.3557, "Incorrect": 0.6443}], "Trajector": {"Correct": 0.3060313305877372, "Incorrect": 0.6939686694122628}}