{"Uniform": [{"Correct": 0.3351, "Incorrect": 0.6649}], "Trajector": {"Correct": 0.48962703514106465, "Incorrect": 0.5103729648589354}}