{"Uniform": [{"Correct": 0.3259, "Incorrect": 0.6741}], "Trajector": {"Correct": 0.5069858742927524, "Incorrect": 0.4930141257072476}}