{"Uniform": [{"Correct": 0.3635, "Incorrect": 0.6365}], "Trajector": {"Correct": 0.538508910357569, "Incorrect": 0.461491089642431}}