{"Uniform": [{"Correct": 0.4688, "Incorrect": 0.5312}], "Trajector": {"Correct": 0.2640006158346484, "Incorrect": 0.7359993841653516}}