{"Uniform": [{"Correct": 0.3853, "Incorrect": 0.6147}], "Trajector": {"Correct": 0.2613063392479119, "Incorrect": 0.7386936607520881}}