{"Uniform": [{"Correct": 0.2562, "Incorrect": 0.7438}], "Trajector": {"Correct": 0.3965975135676071, "Incorrect": 0.6034024864323929}}