{"Uniform": [{"Correct": 0.2982, "Incorrect": 0.7018}], "Trajector": {"Correct": 0.3240829837188715, "Incorrect": 0.6759170162811285}}