{"Uniform": [{"Correct": 0.4516, "Incorrect": 0.5484}], "Trajector": {"Correct": 0.3843962895962434, "Incorrect": 0.6156037104037566}}