{"Uniform": [{"Correct": 0.3126, "Incorrect": 0.6874}], "Trajector": {"Correct": 0.3452907894230399, "Incorrect": 0.6547092105769601}}