{"Uniform": [{"Correct": 0.4834, "Incorrect": 0.5166}], "Trajector": {"Correct": 0.5945883530272122, "Incorrect": 0.4054116469727878}}