{"Uniform": [{"Correct": 0.327, "Incorrect": 0.673}], "Trajector": {"Correct": 0.5836187983526423, "Incorrect": 0.4163812016473577}}