{"Uniform": [{"Correct": 0.3528, "Incorrect": 0.6472}], "Trajector": {"Correct": 0.2607289942650398, "Incorrect": 0.7392710057349602}}