{"Uniform": [{"Correct": 0.2521, "Incorrect": 0.7479}], "Trajector": {"Correct": 0.4735383549516955, "Incorrect": 0.5264616450483045}}