{"Uniform": [{"Correct": 0.2356, "Incorrect": 0.7644}], "Trajector": {"Correct": 0.3141911396789962, "Incorrect": 0.6858088603210039}}