{"Uniform": [{"Correct": 0.5456, "Incorrect": 0.4544}], "Trajector": {"Correct": 0.3088795658365729, "Incorrect": 0.6911204341634272}}