{"Uniform": [{"Correct": 0.3422, "Incorrect": 0.6578}], "Trajector": {"Correct": 0.5497094030252877, "Incorrect": 0.4502905969747123}}