{"Uniform": [{"Correct": 0.4035, "Incorrect": 0.5965}], "Trajector": {"Correct": 0.35141064624148416, "Incorrect": 0.6485893537585158}}