{"Uniform": [{"Correct": 0.5259, "Incorrect": 0.4741}], "Trajector": {"Correct": 0.4339709787921943, "Incorrect": 0.5660290212078057}}