{"Uniform": [{"Correct": 0.3211, "Incorrect": 0.6789}], "Trajector": {"Correct": 0.38820676648319924, "Incorrect": 0.6117932335168007}}