{"Uniform": [{"Correct": 0.3525, "Incorrect": 0.6475}], "Trajector": {"Correct": 0.4404372426003618, "Incorrect": 0.5595627573996382}}