{"Uniform": [{"Correct": 0.5635, "Incorrect": 0.4365}], "Trajector": {"Correct": 0.5325815018667488, "Incorrect": 0.4674184981332512}}