{"Uniform": [{"Correct": 0.3362, "Incorrect": 0.6638}], "Trajector": {"Correct": 0.5149532350563873, "Incorrect": 0.48504676494361265}}