{"Uniform": [{"Correct": 0.3357, "Incorrect": 0.6643}], "Trajector": {"Correct": 0.3648820291751665, "Incorrect": 0.6351179708248336}}