{"Uniform": [{"Correct": 0.4394, "Incorrect": 0.5606}], "Trajector": {"Correct": 0.5634117239521188, "Incorrect": 0.43658827604788114}}