{"Uniform": [{"Correct": 0.2949, "Incorrect": 0.7051}], "Trajector": {"Correct": 0.4770024248489281, "Incorrect": 0.5229975751510719}}