{"Uniform": [{"Correct": 0.5321, "Incorrect": 0.4679}], "Trajector": {"Correct": 0.48088988106693353, "Incorrect": 0.5191101189330665}}