{"Uniform": [{"Correct": 0.2479, "Incorrect": 0.7521}], "Trajector": {"Correct": 0.37254147261460296, "Incorrect": 0.627458527385397}}