{"Uniform": [{"Correct": 0.3305, "Incorrect": 0.6695}], "Trajector": {"Correct": 0.3716946999730572, "Incorrect": 0.6283053000269427}}