{"Uniform": [{"Correct": 0.4162, "Incorrect": 0.5838}], "Trajector": {"Correct": 0.49259073938647474, "Incorrect": 0.5074092606135253}}