{"Uniform": [{"Correct": 0.3929, "Incorrect": 0.6071}], "Trajector": {"Correct": 0.26438551248989645, "Incorrect": 0.7356144875101035}}