{"Uniform": [{"Correct": 0.4261, "Incorrect": 0.5739}], "Trajector": {"Correct": 0.4375505176860013, "Incorrect": 0.5624494823139987}}