{"Uniform": [{"Correct": 0.4537, "Incorrect": 0.5463}], "Trajector": {"Correct": 0.6380431854047188, "Incorrect": 0.3619568145952812}}