{"Uniform": [{"Correct": 0.5992, "Incorrect": 0.4008}], "Trajector": {"Correct": 0.4786189908009699, "Incorrect": 0.5213810091990301}}