{"Uniform": [{"Correct": 0.454, "Incorrect": 0.546}], "Trajector": {"Correct": 0.24102228551633886, "Incorrect": 0.7589777144836611}}