{"Uniform": [{"Correct": 0.2881, "Incorrect": 0.7119}], "Trajector": {"Correct": 0.365767291482237, "Incorrect": 0.634232708517763}}