{"Uniform": [{"Correct": 0.3026, "Incorrect": 0.6974}], "Trajector": {"Correct": 0.4805819637427351, "Incorrect": 0.5194180362572649}}