{"Uniform": [{"Correct": 0.2967, "Incorrect": 0.7033}], "Trajector": {"Correct": 0.35891613101882147, "Incorrect": 0.6410838689811785}}