{"Uniform": [{"Correct": 0.4186, "Incorrect": 0.5814}], "Trajector": {"Correct": 0.5256533620722836, "Incorrect": 0.4743466379277164}}