{"Uniform": [{"Correct": 0.3052, "Incorrect": 0.6948}], "Trajector": {"Correct": 0.37573611485316194, "Incorrect": 0.6242638851468381}}