{"Uniform": [{"Correct": 0.5438, "Incorrect": 0.4562}], "Trajector": {"Correct": 0.4736923136137947, "Incorrect": 0.5263076863862053}}