{"Uniform": [{"Correct": 0.2688, "Incorrect": 0.7312}], "Trajector": {"Correct": 0.179900696662946, "Incorrect": 0.820099303337054}}