{"Uniform": [{"Correct": 0.4014, "Incorrect": 0.5986}], "Trajector": {"Correct": 0.5411262076132558, "Incorrect": 0.45887379238674414}}