{"Uniform": [{"Correct": 0.2176, "Incorrect": 0.7824}], "Trajector": {"Correct": 0.34429005811939495, "Incorrect": 0.655709941880605}}