{"Uniform": [{"Correct": 0.3929, "Incorrect": 0.6071}], "Trajector": {"Correct": 0.405565605634887, "Incorrect": 0.5944343943651129}}