{"Uniform": [{"Correct": 0.515, "Incorrect": 0.485}], "Trajector": {"Correct": 0.6259574304299296, "Incorrect": 0.3740425695700704}}