{"Uniform": [{"Correct": 0.2526, "Incorrect": 0.7474}], "Trajector": {"Correct": 0.1855971671606174, "Incorrect": 0.8144028328393826}}