{"Uniform": [{"Correct": 0.28, "Incorrect": 0.72}], "Trajector": {"Correct": 0.4414379739040068, "Incorrect": 0.5585620260959933}}