{"Uniform": [{"Correct": 0.5191, "Incorrect": 0.4809}], "Trajector": {"Correct": 0.5742273199645895, "Incorrect": 0.42577268003541047}}