{"Uniform": [{"Correct": 0.2458, "Incorrect": 0.7542}], "Trajector": {"Correct": 0.530964935914707, "Incorrect": 0.4690350640852931}}