{"Uniform": [{"Correct": 0.2872, "Incorrect": 0.7128}], "Trajector": {"Correct": 0.34305838882260115, "Incorrect": 0.6569416111773989}}