{"Uniform": [{"Correct": 0.7713, "Incorrect": 0.2287}], "Trajector": {"Correct": 0.9258509983287888, "Incorrect": 0.07414900167121119}}