{"Uniform": [{"Correct": 0.6686, "Incorrect": 0.3314}], "Trajector": {"Correct": 0.9835517635675961, "Incorrect": 0.016448236432403906}}