{"Uniform": [{"Correct": 0.9311, "Incorrect": 0.0689}], "Trajector": {"Correct": 0.8739554930073006, "Incorrect": 0.12604450699269945}}