{"Uniform": [{"Correct": 0.9369, "Incorrect": 0.0631}], "Trajector": {"Correct": 0.9480605154367139, "Incorrect": 0.05193948456328613}}