{"Uniform": [{"Correct": 0.6916, "Incorrect": 0.3084}], "Trajector": {"Correct": 0.9875978538130002, "Incorrect": 0.012402146186999736}}