{"Uniform": [{"Correct": 0.7907, "Incorrect": 0.2093}], "Trajector": {"Correct": 0.9839035975019791, "Incorrect": 0.016096402498020933}}