{"Uniform": [{"Correct": 0.7601, "Incorrect": 0.2399}], "Trajector": {"Correct": 0.8769460814495558, "Incorrect": 0.12305391855044419}}