{"Uniform": [{"Correct": 0.7367, "Incorrect": 0.2633}], "Trajector": {"Correct": 0.9762072301873516, "Incorrect": 0.02379276981264843}}