{"Uniform": [{"Correct": 0.8054, "Incorrect": 0.1946}], "Trajector": {"Correct": 0.986322455800862, "Incorrect": 0.013677544199138006}}