{"Uniform": [{"Correct": 0.9203, "Incorrect": 0.0797}], "Trajector": {"Correct": 0.9843433899199577, "Incorrect": 0.01565661008004222}}