{"Uniform": [{"Correct": 0.7662, "Incorrect": 0.2338}], "Trajector": {"Correct": 0.9708417626880113, "Incorrect": 0.02915823731198874}}