{"Uniform": [{"Correct": 0.7687, "Incorrect": 0.2313}], "Trajector": {"Correct": 0.9772627319905005, "Incorrect": 0.022737268009499517}}