{"Uniform": [{"Correct": 0.924, "Incorrect": 0.076}], "Trajector": {"Correct": 0.9855748086902982, "Incorrect": 0.01442519130970182}}