{"Uniform": [{"Correct": 0.9157, "Incorrect": 0.0843}], "Trajector": {"Correct": 0.9839035975019791, "Incorrect": 0.016096402498020933}}