{"Uniform": [{"Correct": 0.9213, "Incorrect": 0.0787}], "Trajector": {"Correct": 0.9816606561702876, "Incorrect": 0.018339343829712376}}