{"Uniform": [{"Correct": 0.9446, "Incorrect": 0.0554}], "Trajector": {"Correct": 0.9899287536282875, "Incorrect": 0.010071246371712552}}