{"Uniform": [{"Correct": 0.7262, "Incorrect": 0.2738}], "Trajector": {"Correct": 0.981528718444894, "Incorrect": 0.01847128155510599}}