{"Uniform": [{"Correct": 0.785, "Incorrect": 0.215}], "Trajector": {"Correct": 0.9833318673586068, "Incorrect": 0.016668132641393264}}