{"Uniform": [{"Correct": 0.8177, "Incorrect": 0.1823}], "Trajector": {"Correct": 0.9830240126660217, "Incorrect": 0.016975987333978364}}