{"Uniform": [{"Correct": 0.6917, "Incorrect": 0.3083}], "Trajector": {"Correct": 0.9838156390183833, "Incorrect": 0.01618436098161668}}