{"Uniform": [{"Correct": 0.7433, "Incorrect": 0.2567}], "Trajector": {"Correct": 0.9449819685108629, "Incorrect": 0.05501803148913713}}