{"Uniform": [{"Correct": 0.8184, "Incorrect": 0.1816}], "Trajector": {"Correct": 0.9850030785469258, "Incorrect": 0.01499692145307415}}