{"Uniform": [{"Correct": 0.8204, "Incorrect": 0.1796}], "Trajector": {"Correct": 0.9838156390183833, "Incorrect": 0.01618436098161668}}