{"Uniform": [{"Correct": 0.9286, "Incorrect": 0.0714}], "Trajector": {"Correct": 0.9714134928313836, "Incorrect": 0.028586507168616413}}