{"Uniform": [{"Correct": 0.814, "Incorrect": 0.186}], "Trajector": {"Correct": 0.9894449819685108, "Incorrect": 0.010555018031489137}}