{"Uniform": [{"Correct": 0.6776, "Incorrect": 0.3224}], "Trajector": {"Correct": 0.9853549124813088, "Incorrect": 0.014645087518691178}}