{"Uniform": [{"Correct": 0.9299, "Incorrect": 0.0701}], "Trajector": {"Correct": 0.987685812296596, "Incorrect": 0.012314187703403994}}