{"Uniform": [{"Correct": 0.8804, "Incorrect": 0.1196}], "Trajector": {"Correct": 0.9882135631981704, "Incorrect": 0.011786436801829536}}