{"Uniform": [{"Correct": 0.9323, "Incorrect": 0.0677}], "Trajector": {"Correct": 0.9656082329140646, "Incorrect": 0.034391767085935436}}