{"Uniform": [{"Correct": 0.8063, "Incorrect": 0.1937}], "Trajector": {"Correct": 0.9888732518251385, "Incorrect": 0.011126748174861466}}