{"Uniform": [{"Correct": 0.7977, "Incorrect": 0.2023}], "Trajector": {"Correct": 0.9812648429941068, "Incorrect": 0.01873515700589322}}