{"Uniform": [{"Correct": 0.8165, "Incorrect": 0.1835}], "Trajector": {"Correct": 0.9886973348579471, "Incorrect": 0.011302665142052951}}