{"Uniform": [{"Correct": 0.7852, "Incorrect": 0.2148}], "Trajector": {"Correct": 0.9586595127100008, "Incorrect": 0.04134048728999912}}