{"Uniform": [{"Correct": 0.8372, "Incorrect": 0.1628}], "Trajector": {"Correct": 0.9814847392030961, "Incorrect": 0.01851526079690386}}