{"Uniform": [{"Correct": 0.6277, "Incorrect": 0.3723}], "Trajector": {"Correct": 0.9782742545518516, "Incorrect": 0.021725745448148474}}