{"Uniform": [{"Correct": 0.6698, "Incorrect": 0.3302}], "Trajector": {"Correct": 0.986322455800862, "Incorrect": 0.013677544199138006}}