{"Uniform": [{"Correct": 0.8077, "Incorrect": 0.1923}], "Trajector": {"Correct": 0.9848711408215323, "Incorrect": 0.015128859178467763}}