{"Uniform": [{"Correct": 0.9223, "Incorrect": 0.0777}], "Trajector": {"Correct": 0.9883455009235641, "Incorrect": 0.011654499076435922}}