{"Uniform": [{"Correct": 0.932, "Incorrect": 0.068}], "Trajector": {"Correct": 0.9701380948192453, "Incorrect": 0.029861905180754683}}