{"Uniform": [{"Correct": 0.7465, "Incorrect": 0.2535}], "Trajector": {"Correct": 0.9792857771132025, "Incorrect": 0.02071422288679743}}