{"Uniform": [{"Correct": 0.9087, "Incorrect": 0.0913}], "Trajector": {"Correct": 0.9831119711496173, "Incorrect": 0.016888028850382618}}