{"Uniform": [{"Correct": 0.6553, "Incorrect": 0.3447}], "Trajector": {"Correct": 0.9706658457208198, "Incorrect": 0.029334154279180225}}