{"Uniform": [{"Correct": 0.6912, "Incorrect": 0.3088}], "Trajector": {"Correct": 0.9820564693464685, "Incorrect": 0.017943530653531534}}