{"Uniform": [{"Correct": 0.8305, "Incorrect": 0.1695}], "Trajector": {"Correct": 0.9442343214002991, "Incorrect": 0.05576567859970094}}