{"Uniform": [{"Correct": 0.9206, "Incorrect": 0.0794}], "Trajector": {"Correct": 0.9855748086902982, "Incorrect": 0.01442519130970182}}