{"Uniform": [{"Correct": 0.9294, "Incorrect": 0.0706}], "Trajector": {"Correct": 0.9804732166417451, "Incorrect": 0.019526783358254904}}