{"Uniform": [{"Correct": 0.9404, "Incorrect": 0.0596}], "Trajector": {"Correct": 0.9874219368458088, "Incorrect": 0.012578063154191221}}