{"Uniform": [{"Correct": 0.8063, "Incorrect": 0.1937}], "Trajector": {"Correct": 0.9824522825226493, "Incorrect": 0.01754771747735069}}