{"Uniform": [{"Correct": 0.8674, "Incorrect": 0.1326}], "Trajector": {"Correct": 0.9812648429941068, "Incorrect": 0.01873515700589322}}