{"Uniform": [{"Correct": 0.9298, "Incorrect": 0.0702}], "Trajector": {"Correct": 0.9902366083208726, "Incorrect": 0.009763391679127452}}