{"Uniform": [{"Correct": 0.8428, "Incorrect": 0.1572}], "Trajector": {"Correct": 0.9778344621338728, "Incorrect": 0.022165537866127186}}