{"Uniform": [{"Correct": 0.6444, "Incorrect": 0.3556}], "Trajector": {"Correct": 0.9719852229747559, "Incorrect": 0.028014777025244086}}