{"Uniform": [{"Correct": 0.7851, "Incorrect": 0.2149}], "Trajector": {"Correct": 0.973304600228692, "Incorrect": 0.026695399771307943}}