{"Uniform": [{"Correct": 0.6546, "Incorrect": 0.3454}], "Trajector": {"Correct": 0.9809569883015217, "Incorrect": 0.01904301169847832}}