{"Uniform": [{"Correct": 0.8123, "Incorrect": 0.1877}], "Trajector": {"Correct": 0.9612982672178731, "Incorrect": 0.03870173278212684}}