{"Uniform": [{"Correct": 0.8191, "Incorrect": 0.1809}], "Trajector": {"Correct": 0.9714134928313836, "Incorrect": 0.028586507168616413}}