{"Uniform": [{"Correct": 0.7949, "Incorrect": 0.2051}], "Trajector": {"Correct": 0.9875098953294045, "Incorrect": 0.012490104670595479}}