{"Uniform": [{"Correct": 0.7614, "Incorrect": 0.2386}], "Trajector": {"Correct": 0.9738763303720643, "Incorrect": 0.026123669627935615}}