{"Uniform": [{"Correct": 0.6667, "Incorrect": 0.3333}], "Trajector": {"Correct": 0.9865423520098513, "Incorrect": 0.01345764799014865}}