{"Uniform": [{"Correct": 0.8325, "Incorrect": 0.1675}], "Trajector": {"Correct": 0.9869381651860322, "Incorrect": 0.013061834813967808}}