{"Uniform": [{"Correct": 0.9158, "Incorrect": 0.0842}], "Trajector": {"Correct": 0.9868502067024365, "Incorrect": 0.01314979329756355}}