{"Uniform": [{"Correct": 0.8537, "Incorrect": 0.1463}], "Trajector": {"Correct": 0.9729967455361069, "Incorrect": 0.027003254463893043}}