{"Uniform": [{"Correct": 0.9153, "Incorrect": 0.0847}], "Trajector": {"Correct": 0.984607265370745, "Incorrect": 0.015392734629254992}}