{"Uniform": [{"Correct": 0.9078, "Incorrect": 0.0922}], "Trajector": {"Correct": 0.9742281643064473, "Incorrect": 0.025771835693552642}}