{"Uniform": [{"Correct": 0.9639, "Incorrect": 0.0361}], "Trajector": {"Correct": 0.9867622482188407, "Incorrect": 0.013237751781159292}}