{"Uniform": [{"Correct": 0.7872, "Incorrect": 0.2128}], "Trajector": {"Correct": 0.959627056029554, "Incorrect": 0.04037294397044595}}