{"Uniform": [{"Correct": 0.7507, "Incorrect": 0.2493}], "Trajector": {"Correct": 0.9730407247779048, "Incorrect": 0.02695927522209517}}