{"Uniform": [{"Correct": 0.7117, "Incorrect": 0.2883}], "Trajector": {"Correct": 0.9719412437329581, "Incorrect": 0.028058756267041955}}