{"Uniform": [{"Correct": 0.83, "Incorrect": 0.17}], "Trajector": {"Correct": 0.9677632157621603, "Incorrect": 0.03223678423783974}}