{"Uniform": [{"Correct": 0.6787, "Incorrect": 0.3213}], "Trajector": {"Correct": 0.9831119711496173, "Incorrect": 0.016888028850382618}}