{"Uniform": [{"Correct": 0.9285, "Incorrect": 0.0715}], "Trajector": {"Correct": 0.9840795144691705, "Incorrect": 0.015920485530829448}}