{"Uniform": [{"Correct": 0.8008, "Incorrect": 0.1992}], "Trajector": {"Correct": 0.9528542527926819, "Incorrect": 0.047145747207318144}}