{"Uniform": [{"Correct": 0.8881, "Incorrect": 0.1119}], "Trajector": {"Correct": 0.9874659160876067, "Incorrect": 0.01253408391239335}}