{"Uniform": [{"Correct": 0.6359, "Incorrect": 0.3641}], "Trajector": {"Correct": 0.9709737004134049, "Incorrect": 0.02902629958659513}}