{"Uniform": [{"Correct": 0.6517, "Incorrect": 0.3483}], "Trajector": {"Correct": 0.973656434163075, "Incorrect": 0.026343565836924973}}