{"Uniform": [{"Correct": 0.8013, "Incorrect": 0.1987}], "Trajector": {"Correct": 0.974360102031841, "Incorrect": 0.02563989796815903}}