{"Uniform": [{"Correct": 0.747, "Incorrect": 0.253}], "Trajector": {"Correct": 0.9733925587122878, "Incorrect": 0.0266074412877122}}