{"Uniform": [{"Correct": 0.9298, "Incorrect": 0.0702}], "Trajector": {"Correct": 0.9868941859442343, "Incorrect": 0.013105814055765679}}