{"Uniform": [{"Correct": 0.8126, "Incorrect": 0.1874}], "Trajector": {"Correct": 0.9771307942651069, "Incorrect": 0.02286920573489313}}