{"Uniform": [{"Correct": 0.8552, "Incorrect": 0.1448}], "Trajector": {"Correct": 0.9864543935262556, "Incorrect": 0.013545606473744393}}