{"Uniform": [{"Correct": 0.9245, "Incorrect": 0.0755}], "Trajector": {"Correct": 0.9504353944937989, "Incorrect": 0.04956460550620107}}