{"Uniform": [{"Correct": 0.9187, "Incorrect": 0.0813}], "Trajector": {"Correct": 0.9817925938956812, "Incorrect": 0.01820740610431876}}