{"Uniform": [{"Correct": 0.7617, "Incorrect": 0.2383}], "Trajector": {"Correct": 0.9850910370305216, "Incorrect": 0.014908962969478407}}