{"Uniform": [{"Correct": 0.7063, "Incorrect": 0.2937}], "Trajector": {"Correct": 0.9775266074412877, "Incorrect": 0.022473392558712287}}