{"Uniform": [{"Correct": 0.7223, "Incorrect": 0.2777}], "Trajector": {"Correct": 0.974360102031841, "Incorrect": 0.02563989796815903}}