{"Uniform": [{"Correct": 0.814, "Incorrect": 0.186}], "Trajector": {"Correct": 0.9863664350426599, "Incorrect": 0.013633564957340135}}