{"Uniform": [{"Correct": 0.7998, "Incorrect": 0.2002}], "Trajector": {"Correct": 0.9774826281994898, "Incorrect": 0.02251737180051016}}