{"Uniform": [{"Correct": 0.8148, "Incorrect": 0.1852}], "Trajector": {"Correct": 0.9873779576040109, "Incorrect": 0.012622042395989094}}