{"Uniform": [{"Correct": 0.8054, "Incorrect": 0.1946}], "Trajector": {"Correct": 0.9854868502067025, "Incorrect": 0.014513149793297564}}