{"Uniform": [{"Correct": 0.6972, "Incorrect": 0.3028}], "Trajector": {"Correct": 0.9893130442431173, "Incorrect": 0.01068695575688275}}