{"Uniform": [{"Correct": 0.9353, "Incorrect": 0.0647}], "Trajector": {"Correct": 0.9893570234849152, "Incorrect": 0.01064297651508488}}