{"Uniform": [{"Correct": 0.7789, "Incorrect": 0.2211}], "Trajector": {"Correct": 0.9813967807195004, "Incorrect": 0.018603219280499603}}