{"Uniform": [{"Correct": 0.928, "Incorrect": 0.072}], "Trajector": {"Correct": 0.9877297915383939, "Incorrect": 0.012270208461606123}}