{"Uniform": [{"Correct": 0.6831, "Incorrect": 0.3169}], "Trajector": {"Correct": 0.9890051895505322, "Incorrect": 0.01099481044946785}}