{"Uniform": [{"Correct": 0.7953, "Incorrect": 0.2047}], "Trajector": {"Correct": 0.9794616940803941, "Incorrect": 0.020538305919605947}}