{"Uniform": [{"Correct": 0.862, "Incorrect": 0.138}], "Trajector": {"Correct": 0.9833758466004046, "Incorrect": 0.01662415339959539}}