{"Uniform": [{"Correct": 0.9274, "Incorrect": 0.0726}], "Trajector": {"Correct": 0.934690825930161, "Incorrect": 0.06530917406983903}}