{"Uniform": [{"Correct": 0.7744, "Incorrect": 0.2256}], "Trajector": {"Correct": 0.9839035975019791, "Incorrect": 0.016096402498020933}}