{"Uniform": [{"Correct": 0.8308, "Incorrect": 0.1692}], "Trajector": {"Correct": 0.9902805875626705, "Incorrect": 0.00971941243732958}}