{"Uniform": [{"Correct": 0.6491, "Incorrect": 0.3509}], "Trajector": {"Correct": 0.9638930424839476, "Incorrect": 0.036106957516052425}}