{"Uniform": [{"Correct": 0.6809, "Incorrect": 0.3191}], "Trajector": {"Correct": 0.9878177500219896, "Incorrect": 0.012182249978010378}}