{"Uniform": [{"Correct": 0.9341, "Incorrect": 0.0659}], "Trajector": {"Correct": 0.9908083384642449, "Incorrect": 0.009191661535755123}}