{"Uniform": [{"Correct": 0.9305, "Incorrect": 0.0695}], "Trajector": {"Correct": 0.9881256047145747, "Incorrect": 0.01187439528542528}}