{"Uniform": [{"Correct": 0.9282, "Incorrect": 0.0718}], "Trajector": {"Correct": 0.9894449819685108, "Incorrect": 0.010555018031489137}}