{"Uniform": [{"Correct": 0.7898, "Incorrect": 0.2102}], "Trajector": {"Correct": 0.9854428709649046, "Incorrect": 0.014557129035095435}}