{"Uniform": [{"Correct": 0.807, "Incorrect": 0.193}], "Trajector": {"Correct": 0.9844313484035535, "Incorrect": 0.015568651596446477}}