{"Uniform": [{"Correct": 0.9373, "Incorrect": 0.0627}], "Trajector": {"Correct": 0.9824522825226493, "Incorrect": 0.01754771747735069}}