{"Uniform": [{"Correct": 0.6815, "Incorrect": 0.3185}], "Trajector": {"Correct": 0.9816606561702876, "Incorrect": 0.018339343829712376}}