{"Uniform": [{"Correct": 0.8176, "Incorrect": 0.1824}], "Trajector": {"Correct": 0.9847392030961386, "Incorrect": 0.015260796903861378}}