{"Uniform": [{"Correct": 0.9397, "Incorrect": 0.0603}], "Trajector": {"Correct": 0.9837276805347875, "Incorrect": 0.01627231946521242}}