{"Uniform": [{"Correct": 0.9352, "Incorrect": 0.0648}], "Trajector": {"Correct": 0.9845632861289472, "Incorrect": 0.015436713871052863}}