{"Uniform": [{"Correct": 0.6952, "Incorrect": 0.3048}], "Trajector": {"Correct": 0.9589233881607881, "Incorrect": 0.04107661183921189}}