{"Uniform": [{"Correct": 0.8278, "Incorrect": 0.1722}], "Trajector": {"Correct": 0.9914240478494151, "Incorrect": 0.008575952150584924}}