{"Uniform": [{"Correct": 0.929, "Incorrect": 0.071}], "Trajector": {"Correct": 0.9843873691617556, "Incorrect": 0.015612630838244348}}