{"Uniform": [{"Correct": 0.9317, "Incorrect": 0.0683}], "Trajector": {"Correct": 0.9858386841410854, "Incorrect": 0.014161315858914593}}