{"Uniform": [{"Correct": 0.8229, "Incorrect": 0.1771}], "Trajector": {"Correct": 0.9720292022165538, "Incorrect": 0.027970797783446213}}