{"Uniform": [{"Correct": 0.8097, "Incorrect": 0.1903}], "Trajector": {"Correct": 0.9849151200633302, "Incorrect": 0.015084879936669892}}