{"Uniform": [{"Correct": 0.8181, "Incorrect": 0.1819}], "Trajector": {"Correct": 0.9825842202480429, "Incorrect": 0.017415779751957076}}