{"Uniform": [{"Correct": 0.8322, "Incorrect": 0.1678}], "Trajector": {"Correct": 0.9723810361509367, "Incorrect": 0.027618963849063243}}