{"Uniform": [{"Correct": 0.9415, "Incorrect": 0.0585}], "Trajector": {"Correct": 0.9904565045298619, "Incorrect": 0.009543495470138094}}