{"Uniform": [{"Correct": 0.9318, "Incorrect": 0.0682}], "Trajector": {"Correct": 0.987333978362213, "Incorrect": 0.012666021637786965}}