{"Uniform": [{"Correct": 0.9393, "Incorrect": 0.0607}], "Trajector": {"Correct": 0.9850470577887237, "Incorrect": 0.014952942211276278}}