{"Uniform": [{"Correct": 0.8166, "Incorrect": 0.1834}], "Trajector": {"Correct": 0.9879057085055853, "Incorrect": 0.012094291494414636}}