{"Uniform": [{"Correct": 0.8116, "Incorrect": 0.1884}], "Trajector": {"Correct": 0.9876418330547981, "Incorrect": 0.012358166945201865}}