{"Uniform": [{"Correct": 0.9118, "Incorrect": 0.0882}], "Trajector": {"Correct": 0.8667428973524497, "Incorrect": 0.13325710264755036}}