{"Uniform": [{"Correct": 0.9118, "Incorrect": 0.0882}], "Trajector": {"Correct": 0.8766822059987686, "Incorrect": 0.12331779400123141}}