{"Uniform": [{"Correct": 0.9114, "Incorrect": 0.0886}], "Trajector": {"Correct": 0.9579118655994371, "Incorrect": 0.042088134400562936}}