{"Uniform": [{"Correct": 0.9119, "Incorrect": 0.0881}], "Trajector": {"Correct": 0.8612894713695136, "Incorrect": 0.1387105286304864}}