{"Uniform": [{"Correct": 0.9115, "Incorrect": 0.0885}], "Trajector": {"Correct": 0.8012578063154191, "Incorrect": 0.19874219368458088}}