{"Uniform": [{"Correct": 0.9144, "Incorrect": 0.0856}], "Trajector": {"Correct": 0.866610959627056, "Incorrect": 0.13338904037294397}}