{"Uniform": [{"Correct": 0.9121, "Incorrect": 0.0879}], "Trajector": {"Correct": 0.9722051191837453, "Incorrect": 0.027794880816254728}}