{"Uniform": [{"Correct": 0.9119, "Incorrect": 0.0881}], "Trajector": {"Correct": 0.9050927962001936, "Incorrect": 0.0949072037998065}}