{"Uniform": [{"Correct": 0.9101, "Incorrect": 0.0899}], "Trajector": {"Correct": 0.9641129386929369, "Incorrect": 0.03588706130706307}}