{"Uniform": [{"Correct": 0.9111, "Incorrect": 0.0889}], "Trajector": {"Correct": 0.9677632157621603, "Incorrect": 0.03223678423783974}}