{"Uniform": [{"Correct": 0.9107, "Incorrect": 0.0893}], "Trajector": {"Correct": 0.9682469874219368, "Incorrect": 0.03175301257806316}}