{"Uniform": [{"Correct": 0.9129, "Incorrect": 0.0871}], "Trajector": {"Correct": 0.9201776761368634, "Incorrect": 0.0798223238631366}}