{"Uniform": [{"Correct": 0.9114, "Incorrect": 0.0886}], "Trajector": {"Correct": 0.8551763567596095, "Incorrect": 0.14482364324039054}}