{"Uniform": [{"Correct": 0.9106, "Incorrect": 0.0894}], "Trajector": {"Correct": 0.9444542176092884, "Incorrect": 0.05554578239071158}}