{"Uniform": [{"Correct": 0.9122, "Incorrect": 0.0878}], "Trajector": {"Correct": 0.9020582285161404, "Incorrect": 0.09794177148385962}}