{"Uniform": [{"Correct": 0.9119, "Incorrect": 0.0881}], "Trajector": {"Correct": 0.9570762600052775, "Incorrect": 0.042923739994722494}}