{"Uniform": [{"Correct": 0.9162, "Incorrect": 0.0838}], "Trajector": {"Correct": 0.9088310317530126, "Incorrect": 0.09116896824698742}}