{"Uniform": [{"Correct": 0.9108, "Incorrect": 0.0892}], "Trajector": {"Correct": 0.843345940715982, "Incorrect": 0.15665405928401793}}