{"Uniform": [{"Correct": 0.912, "Incorrect": 0.088}], "Trajector": {"Correct": 0.9020142492743425, "Incorrect": 0.09798575072565749}}