{"Uniform": [{"Correct": 0.9141, "Incorrect": 0.0859}], "Trajector": {"Correct": 0.8432140029905885, "Incorrect": 0.15678599700941157}}