{"Uniform": [{"Correct": 0.9086, "Incorrect": 0.0914}], "Trajector": {"Correct": 0.9577359486322455, "Incorrect": 0.04226405136775442}}