{"Uniform": [{"Correct": 0.9114, "Incorrect": 0.0886}], "Trajector": {"Correct": 0.8348579470489929, "Incorrect": 0.16514205295100712}}