{"Uniform": [{"Correct": 0.9092, "Incorrect": 0.0908}], "Trajector": {"Correct": 0.9650365027706922, "Incorrect": 0.03496349722930776}}