{"Uniform": [{"Correct": 0.9108, "Incorrect": 0.0892}], "Trajector": {"Correct": 0.8315595039141526, "Incorrect": 0.1684404960858475}}