{"Uniform": [{"Correct": 0.9119, "Incorrect": 0.0881}], "Trajector": {"Correct": 0.960990412525288, "Incorrect": 0.039009587474711935}}