{"Uniform": [{"Correct": 0.9118, "Incorrect": 0.0882}], "Trajector": {"Correct": 0.9556249450259477, "Incorrect": 0.044375054974052246}}