{"Uniform": [{"Correct": 0.9143, "Incorrect": 0.0857}], "Trajector": {"Correct": 0.9543935262556074, "Incorrect": 0.045606473744392646}}