{"Uniform": [{"Correct": 0.9108, "Incorrect": 0.0892}], "Trajector": {"Correct": 0.9638930424839476, "Incorrect": 0.036106957516052425}}