{"Uniform": [{"Correct": 0.9116, "Incorrect": 0.0884}], "Trajector": {"Correct": 0.970577887237224, "Incorrect": 0.02942211276277597}}