{"Uniform": [{"Correct": 0.9124, "Incorrect": 0.0876}], "Trajector": {"Correct": 0.9436186120151289, "Incorrect": 0.05638138798487114}}