{"Uniform": [{"Correct": 0.9107, "Incorrect": 0.0893}], "Trajector": {"Correct": 0.9715454305567772, "Incorrect": 0.028454569443222798}}