{"Uniform": [{"Correct": 0.9149, "Incorrect": 0.0851}], "Trajector": {"Correct": 0.9581757410502243, "Incorrect": 0.041824258949775706}}