{"Uniform": [{"Correct": 0.9139, "Incorrect": 0.0861}], "Trajector": {"Correct": 0.9623097897792242, "Incorrect": 0.037690210220775795}}