{"Uniform": [{"Correct": 0.9091, "Incorrect": 0.0909}], "Trajector": {"Correct": 0.96033072389832, "Incorrect": 0.03966927610168001}}