{"Uniform": [{"Correct": 0.9076, "Incorrect": 0.0924}], "Trajector": {"Correct": 0.9598909314803413, "Incorrect": 0.040109068519658723}}