{"Uniform": [{"Correct": 0.9137, "Incorrect": 0.0863}], "Trajector": {"Correct": 0.9229043891283314, "Incorrect": 0.07709561087166857}}