{"Uniform": [{"Correct": 0.9121, "Incorrect": 0.0879}], "Trajector": {"Correct": 0.9667516932008092, "Incorrect": 0.03324830679919078}}