{"Uniform": [{"Correct": 0.9115, "Incorrect": 0.0885}], "Trajector": {"Correct": 0.9486762248218841, "Incorrect": 0.05132377517811593}}