{"Uniform": [{"Correct": 0.9102, "Incorrect": 0.0898}], "Trajector": {"Correct": 0.9539097545958307, "Incorrect": 0.046090245404169235}}