{"Uniform": [{"Correct": 0.9106, "Incorrect": 0.0894}], "Trajector": {"Correct": 0.9704459495118304, "Incorrect": 0.029554050488169583}}