{"Uniform": [{"Correct": 0.9159, "Incorrect": 0.0841}], "Trajector": {"Correct": 0.8599700941155775, "Incorrect": 0.14002990588442255}}