{"Uniform": [{"Correct": 0.9123, "Incorrect": 0.0877}], "Trajector": {"Correct": 0.9499076435922245, "Incorrect": 0.05009235640777553}}