{"Uniform": [{"Correct": 0.9109, "Incorrect": 0.0891}], "Trajector": {"Correct": 0.9670595478933943, "Incorrect": 0.032940452106605685}}