{"Uniform": [{"Correct": 0.9122, "Incorrect": 0.0878}], "Trajector": {"Correct": 0.9416395461342246, "Incorrect": 0.058360453865775354}}