{"Uniform": [{"Correct": 0.9116, "Incorrect": 0.0884}], "Trajector": {"Correct": 0.9706658457208198, "Incorrect": 0.029334154279180225}}