{"Uniform": [{"Correct": 0.9119, "Incorrect": 0.0881}], "Trajector": {"Correct": 0.9674553610695752, "Incorrect": 0.03254463893042484}}