{"Uniform": [{"Correct": 0.9118, "Incorrect": 0.0882}], "Trajector": {"Correct": 0.9761192717037558, "Incorrect": 0.023880728296244172}}