{"Uniform": [{"Correct": 0.9121, "Incorrect": 0.0879}], "Trajector": {"Correct": 0.903905356671651, "Incorrect": 0.09609464332834902}}