{"Uniform": [{"Correct": 0.9117, "Incorrect": 0.0883}], "Trajector": {"Correct": 0.9522385434075117, "Incorrect": 0.047761456592488344}}