{"Uniform": [{"Correct": 0.9107, "Incorrect": 0.0893}], "Trajector": {"Correct": 0.9702260533028411, "Incorrect": 0.02977394669715894}}