{"Uniform": [{"Correct": 0.917, "Incorrect": 0.083}], "Trajector": {"Correct": 0.7621162811153136, "Incorrect": 0.23788371888468643}}