{"Uniform": [{"Correct": 0.4051, "Incorrect": 0.5949}], "Trajector": {"Correct": 0.5045610253646896, "Incorrect": 0.4954389746353104}}