{"Uniform": [{"Correct": 0.4494, "Incorrect": 0.5506}], "Trajector": {"Correct": 0.48504676494361265, "Incorrect": 0.5149532350563873}}