{"Uniform": [{"Correct": 0.4678, "Incorrect": 0.5322}], "Trajector": {"Correct": 0.3055309649359147, "Incorrect": 0.6944690350640853}}