{"Uniform": [{"Correct": 0.3449, "Incorrect": 0.6551}], "Trajector": {"Correct": 0.23528732535314267, "Incorrect": 0.7647126746468573}}