{"Uniform": [{"Correct": 0.4967, "Incorrect": 0.5033}], "Trajector": {"Correct": 0.5256148724067587, "Incorrect": 0.4743851275932412}}