{"Uniform": [{"Correct": 0.465, "Incorrect": 0.535}], "Trajector": {"Correct": 0.5840036950078904, "Incorrect": 0.4159963049921096}}