{"Uniform": [{"Correct": 0.3179, "Incorrect": 0.6821}], "Trajector": {"Correct": 0.5710711673915554, "Incorrect": 0.4289288326084446}}