{"Uniform": [{"Correct": 0.2389, "Incorrect": 0.7611}], "Trajector": {"Correct": 0.4713829336823063, "Incorrect": 0.5286170663176937}}