{"Uniform": [{"Correct": 0.2741, "Incorrect": 0.7259}], "Trajector": {"Correct": 0.5581771294407452, "Incorrect": 0.44182287055925484}}