{"Uniform": [{"Correct": 0.2728, "Incorrect": 0.7272}], "Trajector": {"Correct": 0.2831684692660021, "Incorrect": 0.716831530733998}}