{"Uniform": [{"Correct": 0.4073, "Incorrect": 0.5927}], "Trajector": {"Correct": 0.5306570185905084, "Incorrect": 0.46934298140949154}}