{"Uniform": [{"Correct": 0.2485, "Incorrect": 0.7515}], "Trajector": {"Correct": 0.3259304876640622, "Incorrect": 0.6740695123359378}}