{"Uniform": [{"Correct": 0.3983, "Incorrect": 0.6017}], "Trajector": {"Correct": 0.40687425426273044, "Incorrect": 0.5931257457372695}}