{"Uniform": [{"Correct": 0.2166, "Incorrect": 0.7834}], "Trajector": {"Correct": 0.27027443131519185, "Incorrect": 0.7297255686848081}}