{"Uniform": [{"Correct": 0.5101, "Incorrect": 0.4899}], "Trajector": {"Correct": 0.48924213848581655, "Incorrect": 0.5107578615141835}}