{"Uniform": [{"Correct": 0.2666, "Incorrect": 0.7334}], "Trajector": {"Correct": 0.24375505176860013, "Incorrect": 0.7562449482313999}}