{"Uniform": [{"Correct": 0.4068, "Incorrect": 0.5932}], "Trajector": {"Correct": 0.24337015511335205, "Incorrect": 0.756629844886648}}