{"Uniform": [{"Correct": 0.4164, "Incorrect": 0.5836}], "Trajector": {"Correct": 0.554020245564066, "Incorrect": 0.44597975443593396}}