{"Uniform": [{"Correct": 0.316, "Incorrect": 0.684}], "Trajector": {"Correct": 0.4542935221892922, "Incorrect": 0.5457064778107078}}