{"Uniform": [{"Correct": 0.3804, "Incorrect": 0.6196}], "Trajector": {"Correct": 0.5326969708633232, "Incorrect": 0.4673030291366768}}