{"Uniform": [{"Correct": 0.3643, "Incorrect": 0.6357}], "Trajector": {"Correct": 0.35591393710788655, "Incorrect": 0.6440860628921135}}