{"Uniform": [{"Correct": 0.3815, "Incorrect": 0.6185}], "Trajector": {"Correct": 0.3655363534890882, "Incorrect": 0.6344636465109118}}