{"Uniform": [{"Correct": 0.3428, "Incorrect": 0.6572}], "Trajector": {"Correct": 0.43100727454678417, "Incorrect": 0.5689927254532158}}