{"Uniform": [{"Correct": 0.1245, "Incorrect": 0.8755}], "Trajector": {"Correct": 0.23286247642507987, "Incorrect": 0.7671375235749202}}