{"Uniform": [{"Correct": 0.3438, "Incorrect": 0.6562}], "Trajector": {"Correct": 0.4339324891266695, "Incorrect": 0.5660675108733305}}