{"Uniform": [{"Correct": 0.4911, "Incorrect": 0.5089}], "Trajector": {"Correct": 0.46287671760132404, "Incorrect": 0.5371232823986759}}