{"Uniform": [{"Correct": 0.1846, "Incorrect": 0.8154}], "Trajector": {"Correct": 0.32285131442207765, "Incorrect": 0.6771486855779223}}