{"Uniform": [{"Correct": 0.2296, "Incorrect": 0.7704}], "Trajector": {"Correct": 0.4981332512220469, "Incorrect": 0.5018667487779531}}