{"Uniform": [{"Correct": 0.3199, "Incorrect": 0.6801}], "Trajector": {"Correct": 0.26353873984835074, "Incorrect": 0.7364612601516493}}