{"Uniform": [{"Correct": 0.3693, "Incorrect": 0.6307}], "Trajector": {"Correct": 0.3905931257457373, "Incorrect": 0.6094068742542628}}