{"Uniform": [{"Correct": 0.282, "Incorrect": 0.718}], "Trajector": {"Correct": 0.4618374966321543, "Incorrect": 0.5381625033678458}}