{"Uniform": [{"Correct": 0.4943, "Incorrect": 0.5057}], "Trajector": {"Correct": 0.5896231861745121, "Incorrect": 0.41037681382548785}}