{"Uniform": [{"Correct": 0.4191, "Incorrect": 0.5809}], "Trajector": {"Correct": 0.5423193872445249, "Incorrect": 0.45768061275547517}}