{"Uniform": [{"Correct": 0.3154, "Incorrect": 0.6846}], "Trajector": {"Correct": 0.44178438089373, "Incorrect": 0.5582156191062699}}