{"Uniform": [{"Correct": 0.4919, "Incorrect": 0.5081}], "Trajector": {"Correct": 0.4708055886994342, "Incorrect": 0.5291944113005658}}