{"Uniform": [{"Correct": 0.4307, "Incorrect": 0.5693}], "Trajector": {"Correct": 0.4374735383549517, "Incorrect": 0.5625264616450483}}