{"Uniform": [{"Correct": 0.3414, "Incorrect": 0.6586}], "Trajector": {"Correct": 0.3494861629652438, "Incorrect": 0.6505138370347562}}