{"Uniform": [{"Correct": 0.2831, "Incorrect": 0.7169}], "Trajector": {"Correct": 0.301104653400562, "Incorrect": 0.6988953465994381}}