{"Uniform": [{"Correct": 0.2233, "Incorrect": 0.7767}], "Trajector": {"Correct": 0.3236980870636234, "Incorrect": 0.6763019129363765}}