{"Uniform": [{"Correct": 0.3224, "Incorrect": 0.6776}], "Trajector": {"Correct": 0.36007082098456566, "Incorrect": 0.6399291790154343}}