{"Uniform": [{"Correct": 0.4495, "Incorrect": 0.5505}], "Trajector": {"Correct": 0.5079481159308725, "Incorrect": 0.4920518840691274}}