{"Uniform": [{"Correct": 0.3674, "Incorrect": 0.6326}], "Trajector": {"Correct": 0.3838574342788961, "Incorrect": 0.6161425657211039}}