{"Uniform": [{"Correct": 0.3216, "Incorrect": 0.6784}], "Trajector": {"Correct": 0.387860359493476, "Incorrect": 0.612139640506524}}