{"Uniform": [{"Correct": 0.3158, "Incorrect": 0.6842}], "Trajector": {"Correct": 0.2880181671221277, "Incorrect": 0.7119818328778723}}