{"Uniform": [{"Correct": 0.3922, "Incorrect": 0.6078}], "Trajector": {"Correct": 0.39644355490550787, "Incorrect": 0.6035564450944921}}