{"Uniform": [{"Correct": 0.3605, "Incorrect": 0.6395}], "Trajector": {"Correct": 0.3128824910511528, "Incorrect": 0.6871175089488473}}