{"Uniform": [{"Correct": 0.4222, "Incorrect": 0.5778}], "Trajector": {"Correct": 0.35968592432931756, "Incorrect": 0.6403140756706824}}