{"Uniform": [{"Correct": 0.2773, "Incorrect": 0.7227}], "Trajector": {"Correct": 0.4690735537508179, "Incorrect": 0.5309264462491821}}