{"Uniform": [{"Correct": 0.2819, "Incorrect": 0.7181}], "Trajector": {"Correct": 0.30926446249182094, "Incorrect": 0.6907355375081791}}