{"Uniform": [{"Correct": 0.2855, "Incorrect": 0.7145}], "Trajector": {"Correct": 0.25264616450483046, "Incorrect": 0.7473538354951695}}