{"Uniform": [{"Correct": 0.28, "Incorrect": 0.72}], "Trajector": {"Correct": 0.43412493745429354, "Incorrect": 0.5658750625457065}}