{"Uniform": [{"Correct": 0.3402, "Incorrect": 0.6598}], "Trajector": {"Correct": 0.4878180208613987, "Incorrect": 0.5121819791386013}}