{"Uniform": [{"Correct": 0.4782, "Incorrect": 0.5218}], "Trajector": {"Correct": 0.5224202301681998, "Incorrect": 0.47757976983180017}}