{"Uniform": [{"Correct": 0.3804, "Incorrect": 0.6196}], "Trajector": {"Correct": 0.28205226896578267, "Incorrect": 0.7179477310342173}}