{"Uniform": [{"Correct": 0.3571, "Incorrect": 0.6429}], "Trajector": {"Correct": 0.30179746738000846, "Incorrect": 0.6982025326199915}}