{"Uniform": [{"Correct": 0.2277, "Incorrect": 0.7723}], "Trajector": {"Correct": 0.3895539047765675, "Incorrect": 0.6104460952234325}}