{"Uniform": [{"Correct": 0.3021, "Incorrect": 0.6979}], "Trajector": {"Correct": 0.3059158615911628, "Incorrect": 0.6940841384088372}}