{"Uniform": [{"Correct": 0.4452, "Incorrect": 0.5548}], "Trajector": {"Correct": 0.3572610754012548, "Incorrect": 0.6427389245987453}}