{"Uniform": [{"Correct": 0.2936, "Incorrect": 0.7064}], "Trajector": {"Correct": 0.3371309803317809, "Incorrect": 0.6628690196682191}}