{"Uniform": [{"Correct": 0.4106, "Incorrect": 0.5894}], "Trajector": {"Correct": 0.6003618028559332, "Incorrect": 0.39963819714406684}}