{"Uniform": [{"Correct": 0.249, "Incorrect": 0.751}], "Trajector": {"Correct": 0.5169931873292021, "Incorrect": 0.48300681267079787}}