{"Uniform": [{"Correct": 0.2803, "Incorrect": 0.7197}], "Trajector": {"Correct": 0.26765713405950503, "Incorrect": 0.732342865940495}}