{"Uniform": [{"Correct": 0.2543, "Incorrect": 0.7457}], "Trajector": {"Correct": 0.47161387167545515, "Incorrect": 0.5283861283245449}}