{"Uniform": [{"Correct": 0.1404, "Incorrect": 0.8596}], "Trajector": {"Correct": 0.34783110734767714, "Incorrect": 0.6521688926523228}}