{"Uniform": [{"Correct": 0.5051, "Incorrect": 0.4949}], "Trajector": {"Correct": 0.29752511450675495, "Incorrect": 0.7024748854932451}}