{"Uniform": [{"Correct": 0.2821, "Incorrect": 0.7179}], "Trajector": {"Correct": 0.5901235518263346, "Incorrect": 0.40987644817366536}}