{"Uniform": [{"Correct": 0.4035, "Incorrect": 0.5965}], "Trajector": {"Correct": 0.36199530426080595, "Incorrect": 0.638004695739194}}