{"Uniform": [{"Correct": 0.5289, "Incorrect": 0.4711}], "Trajector": {"Correct": 0.49513105731111196, "Incorrect": 0.504868942688888}}