{"Uniform": [{"Correct": 0.3216, "Incorrect": 0.6784}], "Trajector": {"Correct": 0.2919826026711828, "Incorrect": 0.7080173973288172}}