{"Uniform": [{"Correct": 0.1934, "Incorrect": 0.8066}], "Trajector": {"Correct": 0.27150610061198566, "Incorrect": 0.7284938993880143}}