{"Uniform": [{"Correct": 0.4184, "Incorrect": 0.5816}], "Trajector": {"Correct": 0.52338247180632, "Incorrect": 0.47661752819368}}