{"Uniform": [{"Correct": 0.3297, "Incorrect": 0.6703}], "Trajector": {"Correct": 0.5121049998075516, "Incorrect": 0.4878950001924483}}