{"Uniform": [{"Correct": 0.246, "Incorrect": 0.754}], "Trajector": {"Correct": 0.35241137754512913, "Incorrect": 0.6475886224548709}}