{"Uniform": [{"Correct": 0.4605, "Incorrect": 0.5395}], "Trajector": {"Correct": 0.5642200069281398, "Incorrect": 0.4357799930718602}}