{"Uniform": [{"Correct": 0.3018, "Incorrect": 0.6982}], "Trajector": {"Correct": 0.4560255571379085, "Incorrect": 0.5439744428620915}}