{"Uniform": [{"Correct": 0.4356, "Incorrect": 0.5644}], "Trajector": {"Correct": 0.45779608175204956, "Incorrect": 0.5422039182479504}}