{"Uniform": [{"Correct": 0.2473, "Incorrect": 0.7527}], "Trajector": {"Correct": 0.3849351449135907, "Incorrect": 0.6150648550864093}}