{"Uniform": [{"Correct": 0.3158, "Incorrect": 0.6842}], "Trajector": {"Correct": 0.32150417612870946, "Incorrect": 0.6784958238712906}}