{"Uniform": [{"Correct": 0.4408, "Incorrect": 0.5592}], "Trajector": {"Correct": 0.5156460490358339, "Incorrect": 0.4843539509641661}}