{"Uniform": [{"Correct": 0.3921, "Incorrect": 0.6079}], "Trajector": {"Correct": 0.26419306416227245, "Incorrect": 0.7358069358377276}}