{"Uniform": [{"Correct": 0.3811, "Incorrect": 0.6189}], "Trajector": {"Correct": 0.38335706862707364, "Incorrect": 0.6166429313729264}}