{"Uniform": [{"Correct": 0.4441, "Incorrect": 0.5559}], "Trajector": {"Correct": 0.4878565105269235, "Incorrect": 0.5121434894730765}}