{"Uniform": [{"Correct": 0.3637, "Incorrect": 0.6363}], "Trajector": {"Correct": 0.37473538354951696, "Incorrect": 0.625264616450483}}