{"Uniform": [{"Correct": 0.4427, "Incorrect": 0.5573}], "Trajector": {"Correct": 0.31153535275778454, "Incorrect": 0.6884646472422155}}