{"Uniform": [{"Correct": 0.3002, "Incorrect": 0.6998}], "Trajector": {"Correct": 0.3165774989415342, "Incorrect": 0.6834225010584658}}