{"Uniform": [{"Correct": 0.2056, "Incorrect": 0.7944}], "Trajector": {"Correct": 0.18240252492205844, "Incorrect": 0.8175974750779416}}