{"Uniform": [{"Correct": 0.1961, "Incorrect": 0.8039}], "Trajector": {"Correct": 0.2854778491974905, "Incorrect": 0.7145221508025096}}