{"Uniform": [{"Correct": 0.5423, "Incorrect": 0.4577}], "Trajector": {"Correct": 0.5525961279396482, "Incorrect": 0.4474038720603518}}