{"Uniform": [{"Correct": 0.287, "Incorrect": 0.713}], "Trajector": {"Correct": 0.35664524075285786, "Incorrect": 0.6433547592471421}}