{"Uniform": [{"Correct": 0.5726, "Incorrect": 0.4274}], "Trajector": {"Correct": 0.4904353181170856, "Incorrect": 0.5095646818829145}}