{"Uniform": [{"Correct": 0.2721, "Incorrect": 0.7279}], "Trajector": {"Correct": 0.1956429698625919, "Incorrect": 0.8043570301374081}}