{"Uniform": [{"Correct": 0.3879, "Incorrect": 0.6121}], "Trajector": {"Correct": 0.532543012201224, "Incorrect": 0.46745698779877604}}