{"Uniform": [{"Correct": 0.2178, "Incorrect": 0.7822}], "Trajector": {"Correct": 0.34552172741618875, "Incorrect": 0.6544782725838112}}