{"Uniform": [{"Correct": 0.371, "Incorrect": 0.629}], "Trajector": {"Correct": 0.43069935722258573, "Incorrect": 0.5693006427774142}}