{"Uniform": [{"Correct": 0.4809, "Incorrect": 0.5191}], "Trajector": {"Correct": 0.6060967630191294, "Incorrect": 0.39390323698087065}}