{"Uniform": [{"Correct": 0.2511, "Incorrect": 0.7489}], "Trajector": {"Correct": 0.17193333589931103, "Incorrect": 0.828066664100689}}