{"Uniform": [{"Correct": 0.2637, "Incorrect": 0.7363}], "Trajector": {"Correct": 0.3109195181093876, "Incorrect": 0.6890804818906123}}