{"Uniform": [{"Correct": 0.5579, "Incorrect": 0.4421}], "Trajector": {"Correct": 0.5716485123744275, "Incorrect": 0.4283514876255725}}