{"Uniform": [{"Correct": 0.267, "Incorrect": 0.733}], "Trajector": {"Correct": 0.505677225664909, "Incorrect": 0.49432277433509103}}