{"Uniform": [{"Correct": 0.2305, "Incorrect": 0.7695}], "Trajector": {"Correct": 0.2868634771563835, "Incorrect": 0.7131365228436165}}