{"Uniform": [{"Correct": 0.9172, "Incorrect": 0.0828}], "Trajector": {"Correct": 0.9708417626880113, "Incorrect": 0.02915823731198874}}