{"Uniform": [{"Correct": 0.9113, "Incorrect": 0.0887}], "Trajector": {"Correct": 0.952458439616501, "Incorrect": 0.047541560383498986}}