{"Uniform": [{"Correct": 0.9116, "Incorrect": 0.0884}], "Trajector": {"Correct": 0.9639370217257455, "Incorrect": 0.03606297827425455}}