{"Uniform": [{"Correct": 0.9138, "Incorrect": 0.0862}], "Trajector": {"Correct": 0.9637171255167561, "Incorrect": 0.03628287448324391}}