{"Uniform": [{"Correct": 0.9099, "Incorrect": 0.0901}], "Trajector": {"Correct": 0.9568563637962881, "Incorrect": 0.043143636203711845}}