{"Uniform": [{"Correct": 0.9115, "Incorrect": 0.0885}], "Trajector": {"Correct": 0.9575160524232562, "Incorrect": 0.04248394757674378}}