{"Uniform": [{"Correct": 0.9121, "Incorrect": 0.0879}], "Trajector": {"Correct": 0.8022253496349723, "Incorrect": 0.1977746503650277}}