{"Uniform": [{"Correct": 0.7342, "Incorrect": 0.2658}], "Trajector": {"Correct": 0.4222316308071283, "Incorrect": 0.5777683691928717}}