{"Uniform": [{"Correct": 0.6534, "Incorrect": 0.3466}], "Trajector": {"Correct": 0.45583310881028444, "Incorrect": 0.5441668911897155}}