{"Uniform": [{"Correct": 0.7031, "Incorrect": 0.2969}], "Trajector": {"Correct": 0.42184673415188023, "Incorrect": 0.5781532658481198}}