{"Uniform": [{"Correct": 0.7356, "Incorrect": 0.2644}], "Trajector": {"Correct": 0.4210384511758593, "Incorrect": 0.5789615488241407}}