{"Uniform": [{"Correct": 0.5819, "Incorrect": 0.4181}], "Trajector": {"Correct": 0.40895269620107, "Incorrect": 0.59104730379893}}