{"Uniform": [{"Correct": 0.6478, "Incorrect": 0.3522}], "Trajector": {"Correct": 0.4198452715445903, "Incorrect": 0.5801547284554097}}