{"Uniform": [{"Correct": 0.6528, "Incorrect": 0.3472}], "Trajector": {"Correct": 0.3738116315769216, "Incorrect": 0.6261883684230785}}