{"Uniform": [{"Correct": 0.7042, "Incorrect": 0.2958}], "Trajector": {"Correct": 0.3938647473153458, "Incorrect": 0.6061352526846542}}