{"Uniform": [{"Correct": 0.5813, "Incorrect": 0.4187}], "Trajector": {"Correct": 0.34894730764789655, "Incorrect": 0.6510526923521035}}