{"Uniform": [{"Correct": 0.7346, "Incorrect": 0.2654}], "Trajector": {"Correct": 0.4209999615103345, "Incorrect": 0.5790000384896655}}