{"Uniform": [{"Correct": 0.7071, "Incorrect": 0.2929}], "Trajector": {"Correct": 0.4449020438012394, "Incorrect": 0.5550979561987607}}