{"Uniform": [{"Correct": 0.3877, "Incorrect": 0.6123}], "Trajector": {"Correct": 0.5227666371579232, "Incorrect": 0.4772333628420769}}