{"Uniform": [{"Correct": 0.4009, "Incorrect": 0.5991}], "Trajector": {"Correct": 0.6161810553866287, "Incorrect": 0.3838189446133713}}