{"Uniform": [{"Correct": 0.4583, "Incorrect": 0.5417}], "Trajector": {"Correct": 0.5776144105307724, "Incorrect": 0.4223855894692275}}