{"Uniform": [{"Correct": 0.5274, "Incorrect": 0.4726}], "Trajector": {"Correct": 0.4661098495054078, "Incorrect": 0.5338901504945922}}