{"Uniform": [{"Correct": 0.3304, "Incorrect": 0.6696}], "Trajector": {"Correct": 0.4783495631422963, "Incorrect": 0.5216504368577037}}