{"Uniform": [{"Correct": 0.2831, "Incorrect": 0.7169}], "Trajector": {"Correct": 0.4192679265617182, "Incorrect": 0.5807320734382818}}