{"Uniform": [{"Correct": 0.5911, "Incorrect": 0.4089}], "Trajector": {"Correct": 0.49274469804857396, "Incorrect": 0.5072553019514261}}