{"Uniform": [{"Correct": 0.447, "Incorrect": 0.553}], "Trajector": {"Correct": 0.5131057311111966, "Incorrect": 0.4868942688888034}}