{"Uniform": [{"Correct": 0.3561, "Incorrect": 0.6439}], "Trajector": {"Correct": 0.5330818675185712, "Incorrect": 0.4669181324814287}}