{"Uniform": [{"Correct": 0.2029, "Incorrect": 0.7971}], "Trajector": {"Correct": 0.525768831068858, "Incorrect": 0.474231168931142}}