{"Uniform": [{"Correct": 0.3183, "Incorrect": 0.6817}], "Trajector": {"Correct": 0.3954428236018629, "Incorrect": 0.6045571763981371}}