{"Uniform": [{"Correct": 0.4483, "Incorrect": 0.5517}], "Trajector": {"Correct": 0.49455371232823986, "Incorrect": 0.5054462876717601}}