{"Uniform": [{"Correct": 0.9126, "Incorrect": 0.0874}], "Trajector": {"Correct": 0.8778696455273111, "Incorrect": 0.12213035447268888}}