{"Uniform": [{"Correct": 0.9127, "Incorrect": 0.0873}], "Trajector": {"Correct": 0.972644911601724, "Incorrect": 0.027355088398276012}}