{"Uniform": [{"Correct": 0.9132, "Incorrect": 0.0868}], "Trajector": {"Correct": 0.8742193684580878, "Incorrect": 0.1257806315419122}}