{"Uniform": [{"Correct": 0.9106, "Incorrect": 0.0894}], "Trajector": {"Correct": 0.9701380948192453, "Incorrect": 0.029861905180754683}}