{"Uniform": [{"Correct": 0.912, "Incorrect": 0.088}], "Trajector": {"Correct": 0.9653883367050752, "Incorrect": 0.034611663294924794}}