{"Uniform": [{"Correct": 0.9116, "Incorrect": 0.0884}], "Trajector": {"Correct": 0.9602427654147242, "Incorrect": 0.03975723458527575}}