{"Uniform": [{"Correct": 0.9139, "Incorrect": 0.0861}], "Trajector": {"Correct": 0.964772627319905, "Incorrect": 0.035227372680094994}}