{"Uniform": [{"Correct": 0.9106, "Incorrect": 0.0894}], "Trajector": {"Correct": 0.9640249802093412, "Incorrect": 0.035975019790658806}}