{"Uniform": [{"Correct": 0.9137, "Incorrect": 0.0863}], "Trajector": {"Correct": 0.9571642184888732, "Incorrect": 0.04283578151112675}}