{"Uniform": [{"Correct": 0.9115, "Incorrect": 0.0885}], "Trajector": {"Correct": 0.972293077667341, "Incorrect": 0.027706922332658986}}