{"Uniform": [{"Correct": 0.9107, "Incorrect": 0.0893}], "Trajector": {"Correct": 0.9695223854340751, "Incorrect": 0.030477614565924883}}