{"Uniform": [{"Correct": 0.9126, "Incorrect": 0.0874}], "Trajector": {"Correct": 0.9595390975459583, "Incorrect": 0.04046090245404169}}