{"Uniform": [{"Correct": 0.9091, "Incorrect": 0.0909}], "Trajector": {"Correct": 0.9557129035095435, "Incorrect": 0.04428709649045651}}