{"Uniform": [{"Correct": 0.9119, "Incorrect": 0.0881}], "Trajector": {"Correct": 0.9633652915823732, "Incorrect": 0.03663470841762688}}