{"Uniform": [{"Correct": 0.4009, "Incorrect": 0.5991}], "Trajector": {"Correct": 0.41915245756514374, "Incorrect": 0.5808475424348563}}