{"Uniform": [{"Correct": 0.2931, "Incorrect": 0.7069}], "Trajector": {"Correct": 0.6172202763557985, "Incorrect": 0.38277972364420154}}