{"Uniform": [{"Correct": 0.4581, "Incorrect": 0.5419}], "Trajector": {"Correct": 0.572533774681498, "Incorrect": 0.427466225318502}}