{"Uniform": [{"Correct": 0.2398, "Incorrect": 0.7602}], "Trajector": {"Correct": 0.5539817558985413, "Incorrect": 0.44601824410145874}}