{"Uniform": [{"Correct": 0.4833, "Incorrect": 0.5167}], "Trajector": {"Correct": 0.5131442207767215, "Incorrect": 0.48685577922327855}}