{"Uniform": [{"Correct": 0.1687, "Incorrect": 0.8313}], "Trajector": {"Correct": 0.36738385743427887, "Incorrect": 0.6326161425657211}}