{"Uniform": [{"Correct": 0.5736, "Incorrect": 0.4264}], "Trajector": {"Correct": 0.5638735999384166, "Incorrect": 0.4361264000615835}}