{"Uniform": [{"Correct": 0.2632, "Incorrect": 0.7368}], "Trajector": {"Correct": 0.6326161425657211, "Incorrect": 0.36738385743427887}}