{"Uniform": [{"Correct": 0.2821, "Incorrect": 0.7179}], "Trajector": {"Correct": 0.4610292136561333, "Incorrect": 0.5389707863438666}}