{"Uniform": [{"Correct": 0.2004, "Incorrect": 0.7996}], "Trajector": {"Correct": 0.46522458719833726, "Incorrect": 0.5347754128016627}}