{"Uniform": [{"Correct": 0.3311, "Incorrect": 0.6689}], "Trajector": {"Correct": 0.451945652592279, "Incorrect": 0.5480543474077211}}