{"Uniform": [{"Correct": 0.4115, "Incorrect": 0.5885}], "Trajector": {"Correct": 0.39351834032562255, "Incorrect": 0.6064816596743774}}