{"Uniform": [{"Correct": 0.8132, "Incorrect": 0.1868}], "Trajector": {"Correct": 0.9858826633828833, "Incorrect": 0.014117336617116722}}