{"Uniform": [{"Correct": 0.6635, "Incorrect": 0.3365}], "Trajector": {"Correct": 0.9789339431788195, "Incorrect": 0.0210660568211804}}