{"Uniform": [{"Correct": 0.8119, "Incorrect": 0.1881}], "Trajector": {"Correct": 0.9837716597765854, "Incorrect": 0.016228340223414548}}