{"Uniform": [{"Correct": 0.6993, "Incorrect": 0.3007}], "Trajector": {"Correct": 0.9669715894097985, "Incorrect": 0.033028410590201424}}