{"Uniform": [{"Correct": 0.7863, "Incorrect": 0.2137}], "Trajector": {"Correct": 0.9850910370305216, "Incorrect": 0.014908962969478407}}