{"Uniform": [{"Correct": 0.7806, "Incorrect": 0.2194}], "Trajector": {"Correct": 0.978450171519043, "Incorrect": 0.02154982848095699}}