{"Uniform": [{"Correct": 0.8054, "Incorrect": 0.1946}], "Trajector": {"Correct": 0.9572961562142669, "Incorrect": 0.04270384378573314}}