{"Uniform": [{"Correct": 0.8074, "Incorrect": 0.1926}], "Trajector": {"Correct": 0.9807370920925323, "Incorrect": 0.019262907907467677}}