{"Uniform": [{"Correct": 0.6875, "Incorrect": 0.3125}], "Trajector": {"Correct": 0.9569883015216818, "Incorrect": 0.04301169847831823}}