{"Uniform": [{"Correct": 0.9288, "Incorrect": 0.0712}], "Trajector": {"Correct": 0.9890931480341278, "Incorrect": 0.010906851965872108}}