{"Uniform": [{"Correct": 0.7894, "Incorrect": 0.2106}], "Trajector": {"Correct": 0.9862784765590641, "Incorrect": 0.013721523440935877}}