{"Uniform": [{"Correct": 0.6716, "Incorrect": 0.3284}], "Trajector": {"Correct": 0.9682909666637347, "Incorrect": 0.031709033336265284}}