{"Uniform": [{"Correct": 0.7426, "Incorrect": 0.2574}], "Trajector": {"Correct": 0.988037646230979, "Incorrect": 0.011962353769021022}}