{"Uniform": [{"Correct": 0.8019, "Incorrect": 0.1981}], "Trajector": {"Correct": 0.9714574720731814, "Incorrect": 0.02854252792681854}}