{"Uniform": [{"Correct": 0.8268, "Incorrect": 0.1732}], "Trajector": {"Correct": 0.9876418330547981, "Incorrect": 0.012358166945201865}}