{"Uniform": [{"Correct": 0.8152, "Incorrect": 0.1848}], "Trajector": {"Correct": 0.9720292022165538, "Incorrect": 0.027970797783446213}}