{"Uniform": [{"Correct": 0.8544, "Incorrect": 0.1456}], "Trajector": {"Correct": 0.9872460198786173, "Incorrect": 0.012753980121382708}}