{"Uniform": [{"Correct": 0.9291, "Incorrect": 0.0709}], "Trajector": {"Correct": 0.9884334594071599, "Incorrect": 0.01156654059284018}}