{"Uniform": [{"Correct": 0.8157, "Incorrect": 0.1843}], "Trajector": {"Correct": 0.9839035975019791, "Incorrect": 0.016096402498020933}}