{"Uniform": [{"Correct": 0.778, "Incorrect": 0.222}], "Trajector": {"Correct": 0.967851174245756, "Incorrect": 0.032148825754244}}