{"Uniform": [{"Correct": 0.9269, "Incorrect": 0.0731}], "Trajector": {"Correct": 0.9672794441023836, "Incorrect": 0.03272055589761633}}