{"Uniform": [{"Correct": 0.9133, "Incorrect": 0.0867}], "Trajector": {"Correct": 0.9781423168264579, "Incorrect": 0.02185768317354209}}