{"Uniform": [{"Correct": 0.793, "Incorrect": 0.207}], "Trajector": {"Correct": 0.9469170551499693, "Incorrect": 0.05308294485003079}}