{"Uniform": [{"Correct": 0.933, "Incorrect": 0.067}], "Trajector": {"Correct": 0.987333978362213, "Incorrect": 0.012666021637786965}}