{"Uniform": [{"Correct": 0.788, "Incorrect": 0.212}], "Trajector": {"Correct": 0.9830240126660217, "Incorrect": 0.016975987333978364}}