{"Uniform": [{"Correct": 0.929, "Incorrect": 0.071}], "Trajector": {"Correct": 0.9859266426246811, "Incorrect": 0.014073357375318849}}