{"Uniform": [{"Correct": 0.9119, "Incorrect": 0.0881}], "Trajector": {"Correct": 0.9762951886709473, "Incorrect": 0.023704811329052687}}