{"Uniform": [{"Correct": 0.9194, "Incorrect": 0.0806}], "Trajector": {"Correct": 0.9854428709649046, "Incorrect": 0.014557129035095435}}