{"Uniform": [{"Correct": 0.6825, "Incorrect": 0.3175}], "Trajector": {"Correct": 0.983243908875011, "Incorrect": 0.016756091124989006}}