{"Uniform": [{"Correct": 0.8025, "Incorrect": 0.1975}], "Trajector": {"Correct": 0.9736124549212771, "Incorrect": 0.026387545078722843}}