{"Uniform": [{"Correct": 0.617, "Incorrect": 0.383}], "Trajector": {"Correct": 0.957955844841235, "Incorrect": 0.04204415515876506}}