{"Uniform": [{"Correct": 0.7987, "Incorrect": 0.2013}], "Trajector": {"Correct": 0.9678951534875538, "Incorrect": 0.03210484651244613}}