{"Uniform": [{"Correct": 0.7938, "Incorrect": 0.2062}], "Trajector": {"Correct": 0.985970621866479, "Incorrect": 0.014029378133520978}}