{"Uniform": [{"Correct": 0.6005, "Incorrect": 0.3995}], "Trajector": {"Correct": 0.9578678863576392, "Incorrect": 0.0421321136423608}}