{"Uniform": [{"Correct": 0.8165, "Incorrect": 0.1835}], "Trajector": {"Correct": 0.9802093411909578, "Incorrect": 0.01979065880904213}}