{"Uniform": [{"Correct": 0.7558, "Incorrect": 0.2442}], "Trajector": {"Correct": 0.9513149793297564, "Incorrect": 0.04868502067024365}}