{"Uniform": [{"Correct": 0.9243, "Incorrect": 0.0757}], "Trajector": {"Correct": 0.9873779576040109, "Incorrect": 0.012622042395989094}}