{"Uniform": [{"Correct": 0.6574, "Incorrect": 0.3426}], "Trajector": {"Correct": 0.9601108276893306, "Incorrect": 0.039889172310669366}}