{"Uniform": [{"Correct": 0.9391, "Incorrect": 0.0609}], "Trajector": {"Correct": 0.9737443926466708, "Incorrect": 0.026255607353329227}}