{"Uniform": [{"Correct": 0.9206, "Incorrect": 0.0794}], "Trajector": {"Correct": 0.9819245316210748, "Incorrect": 0.01807546837892515}}