{"Uniform": [{"Correct": 0.9393, "Incorrect": 0.0607}], "Trajector": {"Correct": 0.9882135631981704, "Incorrect": 0.011786436801829536}}