{"Uniform": [{"Correct": 0.8146, "Incorrect": 0.1854}], "Trajector": {"Correct": 0.9696103439176709, "Incorrect": 0.03038965608232914}}