{"Uniform": [{"Correct": 0.7877, "Incorrect": 0.2123}], "Trajector": {"Correct": 0.9787580262116281, "Incorrect": 0.02124197378837189}}