{"Uniform": [{"Correct": 0.8042, "Incorrect": 0.1958}], "Trajector": {"Correct": 0.9208373647638315, "Incorrect": 0.07916263523616852}}