{"Uniform": [{"Correct": 0.6387, "Incorrect": 0.3613}], "Trajector": {"Correct": 0.9726009323599261, "Incorrect": 0.027399067640073885}}