{"Uniform": [{"Correct": 0.9296, "Incorrect": 0.0704}], "Trajector": {"Correct": 0.9642448764183306, "Incorrect": 0.035755123581669455}}