{"Uniform": [{"Correct": 0.9326, "Incorrect": 0.0674}], "Trajector": {"Correct": 0.9833318673586068, "Incorrect": 0.016668132641393264}}