{"Uniform": [{"Correct": 0.7939, "Incorrect": 0.2061}], "Trajector": {"Correct": 0.9835077843257982, "Incorrect": 0.016492215674201775}}