{"Uniform": [{"Correct": 0.929, "Incorrect": 0.071}], "Trajector": {"Correct": 0.9861025595918727, "Incorrect": 0.013897440408127364}}