{"Uniform": [{"Correct": 0.9288, "Incorrect": 0.0712}], "Trajector": {"Correct": 0.9779224206174686, "Incorrect": 0.022077579382531444}}