{"Uniform": [{"Correct": 0.7915, "Incorrect": 0.2085}], "Trajector": {"Correct": 0.9659160876066497, "Incorrect": 0.03408391239335034}}