{"Uniform": [{"Correct": 0.7751, "Incorrect": 0.2249}], "Trajector": {"Correct": 0.9523265018911073, "Incorrect": 0.047673498108892605}}