{"Uniform": [{"Correct": 0.7889, "Incorrect": 0.2111}], "Trajector": {"Correct": 0.9861465388336705, "Incorrect": 0.013853461166329493}}