{"Uniform": [{"Correct": 0.9261, "Incorrect": 0.0739}], "Trajector": {"Correct": 0.985618787932096, "Incorrect": 0.014381212067903949}}