{"Uniform": [{"Correct": 0.9272, "Incorrect": 0.0728}], "Trajector": {"Correct": 0.9747559152080219, "Incorrect": 0.025244084791978188}}