{"Uniform": [{"Correct": 0.7932, "Incorrect": 0.2068}], "Trajector": {"Correct": 0.9867622482188407, "Incorrect": 0.013237751781159292}}