{"Uniform": [{"Correct": 0.7868, "Incorrect": 0.2132}], "Trajector": {"Correct": 0.9861025595918727, "Incorrect": 0.013897440408127364}}