{"Uniform": [{"Correct": 0.814, "Incorrect": 0.186}], "Trajector": {"Correct": 0.9594071598205647, "Incorrect": 0.040592840179435305}}