{"Uniform": [{"Correct": 0.6601, "Incorrect": 0.3399}], "Trajector": {"Correct": 0.9831119711496173, "Incorrect": 0.016888028850382618}}