{"Uniform": [{"Correct": 0.6558, "Incorrect": 0.3442}], "Trajector": {"Correct": 0.9812648429941068, "Incorrect": 0.01873515700589322}}