{"Uniform": [{"Correct": 0.6014, "Incorrect": 0.3986}], "Trajector": {"Correct": 0.9626176444718093, "Incorrect": 0.03738235552819069}}