{"Uniform": [{"Correct": 0.4542, "Incorrect": 0.5458}], "Trajector": {"Correct": 0.5084484815826951, "Incorrect": 0.49155151841730493}}