{"Uniform": [{"Correct": 0.4463, "Incorrect": 0.5537}], "Trajector": {"Correct": 0.5292713906316154, "Incorrect": 0.47072860936838457}}