{"Uniform": [{"Correct": 0.5665, "Incorrect": 0.4335}], "Trajector": {"Correct": 0.31811708556252644, "Incorrect": 0.6818829144374735}}