{"Uniform": [{"Correct": 0.4266, "Incorrect": 0.5734}], "Trajector": {"Correct": 0.2760478811439129, "Incorrect": 0.7239521188560871}}