{"Uniform": [{"Correct": 0.4042, "Incorrect": 0.5958}], "Trajector": {"Correct": 0.47742581116970095, "Incorrect": 0.522574188830299}}