{"Uniform": [{"Correct": 0.4727, "Incorrect": 0.5273}], "Trajector": {"Correct": 0.4942457950040414, "Incorrect": 0.5057542049959586}}