{"Uniform": [{"Correct": 0.3122, "Incorrect": 0.6878}], "Trajector": {"Correct": 0.5321196258804511, "Incorrect": 0.4678803741195489}}