{"Uniform": [{"Correct": 0.3451, "Incorrect": 0.6549}], "Trajector": {"Correct": 0.5569839498094762, "Incorrect": 0.44301605019052387}}