{"Uniform": [{"Correct": 0.5026, "Incorrect": 0.4974}], "Trajector": {"Correct": 0.4546399291790154, "Incorrect": 0.5453600708209846}}