{"Uniform": [{"Correct": 0.3315, "Incorrect": 0.6685}], "Trajector": {"Correct": 0.38647473153458295, "Incorrect": 0.613525268465417}}