{"Uniform": [{"Correct": 0.4793, "Incorrect": 0.5207}], "Trajector": {"Correct": 0.5467072091143528, "Incorrect": 0.4532927908856472}}