{"Uniform": [{"Correct": 0.3098, "Incorrect": 0.6902}], "Trajector": {"Correct": 0.35845425503252376, "Incorrect": 0.6415457449674762}}