{"Uniform": [{"Correct": 0.3495, "Incorrect": 0.6505}], "Trajector": {"Correct": 0.4737308032793195, "Incorrect": 0.5262691967206805}}