{"Uniform": [{"Correct": 0.3586, "Incorrect": 0.6414}], "Trajector": {"Correct": 0.3003733497555906, "Incorrect": 0.6996266502444094}}