{"Uniform": [{"Correct": 0.4204, "Incorrect": 0.5796}], "Trajector": {"Correct": 0.30810977252607674, "Incorrect": 0.6918902274739233}}