{"Uniform": [{"Correct": 0.4006, "Incorrect": 0.5994}], "Trajector": {"Correct": 0.3953658442708133, "Incorrect": 0.6046341557291867}}