{"Uniform": [{"Correct": 0.3548, "Incorrect": 0.6452}], "Trajector": {"Correct": 0.28297602093837804, "Incorrect": 0.717023979061622}}