{"Uniform": [{"Correct": 0.4608, "Incorrect": 0.5392}], "Trajector": {"Correct": 0.5184942842846696, "Incorrect": 0.4815057157153304}}