{"Uniform": [{"Correct": 0.3025, "Incorrect": 0.6975}], "Trajector": {"Correct": 0.48088988106693353, "Incorrect": 0.5191101189330665}}