{"Uniform": [{"Correct": 0.4168, "Incorrect": 0.5832}], "Trajector": {"Correct": 0.49563142296293444, "Incorrect": 0.5043685770370655}}