{"Uniform": [{"Correct": 0.3053, "Incorrect": 0.6947}], "Trajector": {"Correct": 0.5007890381432585, "Incorrect": 0.49921096185674146}}