{"Uniform": [{"Correct": 0.4084, "Incorrect": 0.5916}], "Trajector": {"Correct": 0.4482506447018975, "Incorrect": 0.5517493552981024}}