{"Uniform": [{"Correct": 0.3534, "Incorrect": 0.6466}], "Trajector": {"Correct": 0.4427466225318502, "Incorrect": 0.5572533774681498}}