{"Uniform": [{"Correct": 0.2715, "Incorrect": 0.7285}], "Trajector": {"Correct": 0.4035641430275971, "Incorrect": 0.5964358569724029}}