{"Uniform": [{"Correct": 0.3701, "Incorrect": 0.6299}], "Trajector": {"Correct": 0.3896308841076171, "Incorrect": 0.6103691158923829}}