{"Uniform": [{"Correct": 0.3743, "Incorrect": 0.6257}], "Trajector": {"Correct": 0.4369731727031292, "Incorrect": 0.5630268272968708}}