{"Uniform": [{"Correct": 0.3731, "Incorrect": 0.6269}], "Trajector": {"Correct": 0.40194757707555523, "Incorrect": 0.5980524229244448}}