{"Uniform": [{"Correct": 0.5183, "Incorrect": 0.4817}], "Trajector": {"Correct": 0.4213078788345329, "Incorrect": 0.5786921211654671}}