{"Uniform": [{"Correct": 0.3816, "Incorrect": 0.6184}], "Trajector": {"Correct": 0.33797775297332666, "Incorrect": 0.6620222470266733}}