{"Uniform": [{"Correct": 0.3617, "Incorrect": 0.6383}], "Trajector": {"Correct": 0.4432469881836727, "Incorrect": 0.5567530118163273}}