{"Uniform": [{"Correct": 0.4429, "Incorrect": 0.5571}], "Trajector": {"Correct": 0.4886263038374197, "Incorrect": 0.5113736961625803}}