{"Uniform": [{"Correct": 0.2732, "Incorrect": 0.7268}], "Trajector": {"Correct": 0.5053308186751857, "Incorrect": 0.4946691813248143}}