{"Uniform": [{"Correct": 0.2432, "Incorrect": 0.7568}], "Trajector": {"Correct": 0.4059505022901351, "Incorrect": 0.5940494977098649}}