{"Uniform": [{"Correct": 0.3707, "Incorrect": 0.6293}], "Trajector": {"Correct": 0.4719602786651784, "Incorrect": 0.5280397213348216}}