{"Uniform": [{"Correct": 0.3846, "Incorrect": 0.6154}], "Trajector": {"Correct": 0.43781994534467494, "Incorrect": 0.5621800546553251}}