{"Uniform": [{"Correct": 0.4156, "Incorrect": 0.5844}], "Trajector": {"Correct": 0.4223470998037027, "Incorrect": 0.5776529001962973}}