{"Uniform": [{"Correct": 0.4702, "Incorrect": 0.5298}], "Trajector": {"Correct": 0.46341557291867136, "Incorrect": 0.5365844270813287}}