{"Uniform": [{"Correct": 0.411, "Incorrect": 0.589}], "Trajector": {"Correct": 0.3849736345791155, "Incorrect": 0.6150263654208845}}