{"Uniform": [{"Correct": 0.2846, "Incorrect": 0.7154}], "Trajector": {"Correct": 0.38770640083137675, "Incorrect": 0.6122935991686232}}