{"Uniform": [{"Correct": 0.2801, "Incorrect": 0.7199}], "Trajector": {"Correct": 0.4559485778068589, "Incorrect": 0.5440514221931412}}