{"Uniform": [{"Correct": 0.4108, "Incorrect": 0.5892}], "Trajector": {"Correct": 0.5081790539240214, "Incorrect": 0.4918209460759786}}