{"Uniform": [{"Correct": 0.3404, "Incorrect": 0.6596}], "Trajector": {"Correct": 0.44109156691428353, "Incorrect": 0.5589084330857165}}