{"Uniform": [{"Correct": 0.4938, "Incorrect": 0.5062}], "Trajector": {"Correct": 0.3564527924252338, "Incorrect": 0.6435472075747661}}