{"Uniform": [{"Correct": 0.5571, "Incorrect": 0.4429}], "Trajector": {"Correct": 0.42150032716215696, "Incorrect": 0.5784996728378431}}