{"Uniform": [{"Correct": 0.5658, "Incorrect": 0.4342}], "Trajector": {"Correct": 0.47515492090373734, "Incorrect": 0.5248450790962627}}