{"Uniform": [{"Correct": 0.404, "Incorrect": 0.596}], "Trajector": {"Correct": 0.39159385704938227, "Incorrect": 0.6084061429506178}}