{"Uniform": [{"Correct": 0.3847, "Incorrect": 0.6153}], "Trajector": {"Correct": 0.3760440321773604, "Incorrect": 0.6239559678226396}}