{"Uniform": [{"Correct": 0.3892, "Incorrect": 0.6108}], "Trajector": {"Correct": 0.46406989723259306, "Incorrect": 0.5359301027674069}}