{"Uniform": [{"Correct": 0.3527, "Incorrect": 0.6473}], "Trajector": {"Correct": 0.2668488510834841, "Incorrect": 0.7331511489165159}}