{"Uniform": [{"Correct": 0.4029, "Incorrect": 0.5971}], "Trajector": {"Correct": 0.27812632308225244, "Incorrect": 0.7218736769177476}}