{"Uniform": [{"Correct": 0.3004, "Incorrect": 0.6996}], "Trajector": {"Correct": 0.5111812478349563, "Incorrect": 0.48881875216504367}}