{"Uniform": [{"Correct": 0.3697, "Incorrect": 0.6303}], "Trajector": {"Correct": 0.4183441745891228, "Incorrect": 0.5816558254108771}}