{"Uniform": [{"Correct": 0.4002, "Incorrect": 0.5998}], "Trajector": {"Correct": 0.5290404526384666, "Incorrect": 0.47095954736153345}}