{"Uniform": [{"Correct": 0.3907, "Incorrect": 0.6093}], "Trajector": {"Correct": 0.35545206112158884, "Incorrect": 0.6445479388784111}}