{"Uniform": [{"Correct": 0.3266, "Incorrect": 0.6734}], "Trajector": {"Correct": 0.3622647319194796, "Incorrect": 0.6377352680805204}}