{"Uniform": [{"Correct": 0.2806, "Incorrect": 0.7194}], "Trajector": {"Correct": 0.4368577037065548, "Incorrect": 0.5631422962934453}}