{"Uniform": [{"Correct": 0.5441, "Incorrect": 0.4559}], "Trajector": {"Correct": 0.3960971479157846, "Incorrect": 0.6039028520842153}}