{"Uniform": [{"Correct": 0.3872, "Incorrect": 0.6128}], "Trajector": {"Correct": 0.4305453985604865, "Incorrect": 0.5694546014395135}}