{"Uniform": [{"Correct": 0.3582, "Incorrect": 0.6418}], "Trajector": {"Correct": 0.4890112004926677, "Incorrect": 0.5109887995073323}}