{"Uniform": [{"Correct": 0.3536, "Incorrect": 0.6464}], "Trajector": {"Correct": 0.38589738655171085, "Incorrect": 0.6141026134482891}}