{"Uniform": [{"Correct": 0.3979, "Incorrect": 0.6021}], "Trajector": {"Correct": 0.5350833301258612, "Incorrect": 0.46491666987413877}}