{"Uniform": [{"Correct": 0.2831, "Incorrect": 0.7169}], "Trajector": {"Correct": 0.25052923290096607, "Incorrect": 0.7494707670990339}}