{"Uniform": [{"Correct": 0.3611, "Incorrect": 0.6389}], "Trajector": {"Correct": 0.5151841730495362, "Incorrect": 0.4848158269504638}}