{"Uniform": [{"Correct": 0.2312, "Incorrect": 0.7688}], "Trajector": {"Correct": 0.3721950656248797, "Incorrect": 0.6278049343751203}}