{"Uniform": [{"Correct": 0.3922, "Incorrect": 0.6078}], "Trajector": {"Correct": 0.3758515838497363, "Incorrect": 0.6241484161502636}}