{"Uniform": [{"Correct": 0.306, "Incorrect": 0.694}], "Trajector": {"Correct": 0.5164543320118549, "Incorrect": 0.4835456679881452}}