{"Uniform": [{"Correct": 0.3097, "Incorrect": 0.6903}], "Trajector": {"Correct": 0.39817558985412416, "Incorrect": 0.6018244101458758}}