{"Uniform": [{"Correct": 0.5157, "Incorrect": 0.4843}], "Trajector": {"Correct": 0.5471305954351257, "Incorrect": 0.45286940456487434}}