{"Uniform": [{"Correct": 0.4545, "Incorrect": 0.5455}], "Trajector": {"Correct": 0.4446326161425657, "Incorrect": 0.5553673838574342}}