{"Uniform": [{"Correct": 0.3621, "Incorrect": 0.6379}], "Trajector": {"Correct": 0.40610446095223435, "Incorrect": 0.5938955390477657}}