{"Uniform": [{"Correct": 0.2671, "Incorrect": 0.7329}], "Trajector": {"Correct": 0.4510988799507332, "Incorrect": 0.5489011200492667}}