{"Uniform": [{"Correct": 0.3191, "Incorrect": 0.6809}], "Trajector": {"Correct": 0.4679188637850737, "Incorrect": 0.5320811362149263}}