{"Uniform": [{"Correct": 0.3259, "Incorrect": 0.6741}], "Trajector": {"Correct": 0.3249297563604172, "Incorrect": 0.6750702436395828}}