{"Uniform": [{"Correct": 0.5158, "Incorrect": 0.4842}], "Trajector": {"Correct": 0.5190331396020169, "Incorrect": 0.48096686039798314}}