{"Uniform": [{"Correct": 0.4304, "Incorrect": 0.5696}], "Trajector": {"Correct": 0.36191832492975634, "Incorrect": 0.6380816750702436}}