{"Uniform": [{"Correct": 0.4262, "Incorrect": 0.5738}], "Trajector": {"Correct": 0.4209999615103345, "Incorrect": 0.5790000384896655}}