{"Uniform": [{"Correct": 0.5137, "Incorrect": 0.4863}], "Trajector": {"Correct": 0.3563373234286594, "Incorrect": 0.6436626765713406}}