{"Uniform": [{"Correct": 0.6579, "Incorrect": 0.3421}], "Trajector": {"Correct": 0.3555675301181633, "Incorrect": 0.6444324698818368}}