{"Uniform": [{"Correct": 0.4068, "Incorrect": 0.5932}], "Trajector": {"Correct": 0.47869597013201953, "Incorrect": 0.5213040298679804}}