{"Uniform": [{"Correct": 0.3992, "Incorrect": 0.6008}], "Trajector": {"Correct": 0.4078749855663754, "Incorrect": 0.5921250144336245}}