{"Uniform": [{"Correct": 0.5151, "Incorrect": 0.4849}], "Trajector": {"Correct": 0.4429005811939494, "Incorrect": 0.5570994188060506}}