{"Uniform": [{"Correct": 0.497, "Incorrect": 0.503}], "Trajector": {"Correct": 0.5244216927754898, "Incorrect": 0.4755783072245102}}