{"Uniform": [{"Correct": 0.4872, "Incorrect": 0.5128}], "Trajector": {"Correct": 0.277010122782033, "Incorrect": 0.7229898772179669}}