{"Uniform": [{"Correct": 0.3481, "Incorrect": 0.6519}], "Trajector": {"Correct": 0.291944113005658, "Incorrect": 0.708055886994342}}