{"Uniform": [{"Correct": 0.3153, "Incorrect": 0.6847}], "Trajector": {"Correct": 0.3780070051191255, "Incorrect": 0.6219929948808745}}