{"Uniform": [{"Correct": 0.4262, "Incorrect": 0.5738}], "Trajector": {"Correct": 0.4836611369847196, "Incorrect": 0.5163388630152804}}