{"Uniform": [{"Correct": 0.2702, "Incorrect": 0.7298}], "Trajector": {"Correct": 0.33031830953389013, "Incorrect": 0.6696816904661098}}