{"Uniform": [{"Correct": 0.3415, "Incorrect": 0.6585}], "Trajector": {"Correct": 0.49978830683961356, "Incorrect": 0.5002116931603864}}