{"Uniform": [{"Correct": 0.3178, "Incorrect": 0.6822}], "Trajector": {"Correct": 0.38162503367845735, "Incorrect": 0.6183749663215427}}