{"Uniform": [{"Correct": 0.477, "Incorrect": 0.523}], "Trajector": {"Correct": 0.37358069358377277, "Incorrect": 0.6264193064162272}}