{"Uniform": [{"Correct": 0.3457, "Incorrect": 0.6543}], "Trajector": {"Correct": 0.39417266463954426, "Incorrect": 0.6058273353604557}}