{"Uniform": [{"Correct": 0.2476, "Incorrect": 0.7524}], "Trajector": {"Correct": 0.4165736499749817, "Incorrect": 0.5834263500250183}}