{"Uniform": [{"Correct": 0.4148, "Incorrect": 0.5852}], "Trajector": {"Correct": 0.4632616142565721, "Incorrect": 0.5367383857434279}}