{"Uniform": [{"Correct": 0.4007, "Incorrect": 0.5993}], "Trajector": {"Correct": 0.4780416458180978, "Incorrect": 0.5219583541819022}}