{"Uniform": [{"Correct": 0.3717, "Incorrect": 0.6283}], "Trajector": {"Correct": 0.5241522651168161, "Incorrect": 0.4758477348831839}}