{"Uniform": [{"Correct": 0.4834, "Incorrect": 0.5166}], "Trajector": {"Correct": 0.3791232054193449, "Incorrect": 0.6208767945806551}}