{"Uniform": [{"Correct": 0.2991, "Incorrect": 0.7009}], "Trajector": {"Correct": 0.3586467033601478, "Incorrect": 0.6413532966398522}}