{"Uniform": [{"Correct": 0.3462, "Incorrect": 0.6538}], "Trajector": {"Correct": 0.5472075747661753, "Incorrect": 0.45279242523382474}}