{"Uniform": [{"Correct": 0.363, "Incorrect": 0.637}], "Trajector": {"Correct": 0.5012509141295562, "Incorrect": 0.4987490858704438}}