{"Uniform": [{"Correct": 0.3267, "Incorrect": 0.6733}], "Trajector": {"Correct": 0.3322043031446057, "Incorrect": 0.6677956968553943}}