{"Uniform": [{"Correct": 0.1727, "Incorrect": 0.8273}], "Trajector": {"Correct": 0.24337015511335205, "Incorrect": 0.756629844886648}}