{"Uniform": [{"Correct": 0.3588, "Incorrect": 0.6412}], "Trajector": {"Correct": 0.3274700742850545, "Incorrect": 0.6725299257149455}}