{"Uniform": [{"Correct": 0.3537, "Incorrect": 0.6463}], "Trajector": {"Correct": 0.2540702821292483, "Incorrect": 0.7459297178707517}}