{"Uniform": [{"Correct": 0.3594, "Incorrect": 0.6406}], "Trajector": {"Correct": 0.33959431892536857, "Incorrect": 0.6604056810746315}}