{"Uniform": [{"Correct": 0.2611, "Incorrect": 0.7389}], "Trajector": {"Correct": 0.31753974057965434, "Incorrect": 0.6824602594203456}}