{"Uniform": [{"Correct": 0.3558, "Incorrect": 0.6442}], "Trajector": {"Correct": 0.3066086755706093, "Incorrect": 0.6933913244293907}}