{"Uniform": [{"Correct": 0.4574, "Incorrect": 0.5426}], "Trajector": {"Correct": 0.34159578153265846, "Incorrect": 0.6584042184673415}}