{"Uniform": [{"Correct": 0.353, "Incorrect": 0.647}], "Trajector": {"Correct": 0.3001809014279666, "Incorrect": 0.6998190985720334}}