{"Uniform": [{"Correct": 0.3522, "Incorrect": 0.6478}], "Trajector": {"Correct": 0.28436164889727106, "Incorrect": 0.7156383511027289}}