{"Uniform": [{"Correct": 0.4675, "Incorrect": 0.5325}], "Trajector": {"Correct": 0.37712174281205496, "Incorrect": 0.622878257187945}}