{"Uniform": [{"Correct": 0.3584, "Incorrect": 0.6416}], "Trajector": {"Correct": 0.31696239559678224, "Incorrect": 0.6830376044032177}}