{"Uniform": [{"Correct": 0.4536, "Incorrect": 0.5464}], "Trajector": {"Correct": 0.3364381663523344, "Incorrect": 0.6635618336476656}}