{"Uniform": [{"Correct": 0.3555, "Incorrect": 0.6445}], "Trajector": {"Correct": 0.29706323852045724, "Incorrect": 0.7029367614795428}}