{"Uniform": [{"Correct": 0.3545, "Incorrect": 0.6455}], "Trajector": {"Correct": 0.2808590893345137, "Incorrect": 0.7191409106654864}}