{"Uniform": [{"Correct": 0.2403, "Incorrect": 0.7597}], "Trajector": {"Correct": 0.23640352565336206, "Incorrect": 0.7635964743466379}}