{"Uniform": [{"Correct": 0.3539, "Incorrect": 0.6461}], "Trajector": {"Correct": 0.32439090104306995, "Incorrect": 0.6756090989569301}}