{"Uniform": [{"Correct": 0.3563, "Incorrect": 0.6437}], "Trajector": {"Correct": 0.3141141603479466, "Incorrect": 0.6858858396520534}}