{"Uniform": [{"Correct": 0.4566, "Incorrect": 0.5434}], "Trajector": {"Correct": 0.30345252299757514, "Incorrect": 0.6965474770024248}}