{"Uniform": [{"Correct": 0.4561, "Incorrect": 0.5439}], "Trajector": {"Correct": 0.32365959739809863, "Incorrect": 0.6763404026019014}}