{"Uniform": [{"Correct": 0.3582, "Incorrect": 0.6418}], "Trajector": {"Correct": 0.3189253685385474, "Incorrect": 0.6810746314614526}}