{"Uniform": [{"Correct": 0.523, "Incorrect": 0.477}], "Trajector": {"Correct": 0.38874562180054656, "Incorrect": 0.6112543781994535}}