{"Uniform": [{"Correct": 0.3532, "Incorrect": 0.6468}], "Trajector": {"Correct": 0.2611523805858127, "Incorrect": 0.7388476194141873}}