{"Uniform": [{"Correct": 0.3558, "Incorrect": 0.6442}], "Trajector": {"Correct": 0.3173088025865055, "Incorrect": 0.6826911974134945}}