{"Uniform": [{"Correct": 0.2431, "Incorrect": 0.7569}], "Trajector": {"Correct": 0.3138062430237481, "Incorrect": 0.6861937569762518}}