{"Uniform": [{"Correct": 0.4523, "Incorrect": 0.5477}], "Trajector": {"Correct": 0.3334744621069243, "Incorrect": 0.6665255378930757}}