{"Uniform": [{"Correct": 0.2599, "Incorrect": 0.7401}], "Trajector": {"Correct": 0.22924444786574805, "Incorrect": 0.770755552134252}}