{"Uniform": [{"Correct": 0.3545, "Incorrect": 0.6455}], "Trajector": {"Correct": 0.2891343674223471, "Incorrect": 0.7108656325776529}}