{"Uniform": [{"Correct": 0.3538, "Incorrect": 0.6462}], "Trajector": {"Correct": 0.30991878680574264, "Incorrect": 0.6900812131942573}}