{"Uniform": [{"Correct": 0.3358, "Incorrect": 0.6642}], "Trajector": {"Correct": 0.239405719564297, "Incorrect": 0.760594280435703}}