{"Uniform": [{"Correct": 0.3397, "Incorrect": 0.6603}], "Trajector": {"Correct": 0.36249566991262844, "Incorrect": 0.6375043300873715}}