{"Uniform": [{"Correct": 0.3023, "Incorrect": 0.6977}], "Trajector": {"Correct": 0.28955775374312, "Incorrect": 0.71044224625688}}