{"Uniform": [{"Correct": 0.3553, "Incorrect": 0.6447}], "Trajector": {"Correct": 0.29918017012432163, "Incorrect": 0.7008198298756784}}