{"Uniform": [{"Correct": 0.2608, "Incorrect": 0.7392}], "Trajector": {"Correct": 0.26896578268734844, "Incorrect": 0.7310342173126515}}