{"Uniform": [{"Correct": 0.4565, "Incorrect": 0.5435}], "Trajector": {"Correct": 0.3451368307609407, "Incorrect": 0.6548631692390593}}