{"Uniform": [{"Correct": 0.3552, "Incorrect": 0.6448}], "Trajector": {"Correct": 0.3173088025865055, "Incorrect": 0.6826911974134945}}