{"Uniform": [{"Correct": 0.3535, "Incorrect": 0.6465}], "Trajector": {"Correct": 0.30441476463569533, "Incorrect": 0.6955852353643047}}