{"Uniform": [{"Correct": 0.5184, "Incorrect": 0.4816}], "Trajector": {"Correct": 0.32335168007390014, "Incorrect": 0.6766483199260999}}