{"Uniform": [{"Correct": 0.3529, "Incorrect": 0.6471}], "Trajector": {"Correct": 0.2862476425079866, "Incorrect": 0.7137523574920134}}