{"Uniform": [{"Correct": 0.3403, "Incorrect": 0.6597}], "Trajector": {"Correct": 0.3526038258727532, "Incorrect": 0.6473961741272468}}