{"Uniform": [{"Correct": 0.3574, "Incorrect": 0.6426}], "Trajector": {"Correct": 0.3366306146799584, "Incorrect": 0.6633693853200415}}