{"Uniform": [{"Correct": 0.3569, "Incorrect": 0.6431}], "Trajector": {"Correct": 0.3319733651514568, "Incorrect": 0.6680266348485432}}