{"Uniform": [{"Correct": 0.337, "Incorrect": 0.663}], "Trajector": {"Correct": 0.3265463223124591, "Incorrect": 0.6734536776875409}}