{"Uniform": [{"Correct": 0.3541, "Incorrect": 0.6459}], "Trajector": {"Correct": 0.29540818290289056, "Incorrect": 0.7045918170971094}}