{"Uniform": [{"Correct": 0.3536, "Incorrect": 0.6464}], "Trajector": {"Correct": 0.2278203302413302, "Incorrect": 0.7721796697586698}}