{"Uniform": [{"Correct": 0.3557, "Incorrect": 0.6443}], "Trajector": {"Correct": 0.29764058350332934, "Incorrect": 0.7023594164966707}}