{"Uniform": [{"Correct": 0.3537, "Incorrect": 0.6463}], "Trajector": {"Correct": 0.2985258458103999, "Incorrect": 0.7014741541896001}}