{"Uniform": [{"Correct": 0.2712, "Incorrect": 0.7288}], "Trajector": {"Correct": 0.2640006158346484, "Incorrect": 0.7359993841653516}}