{"Uniform": [{"Correct": 0.3537, "Incorrect": 0.6463}], "Trajector": {"Correct": 0.3332820137793003, "Incorrect": 0.6667179862206998}}