{"Uniform": [{"Correct": 0.3013, "Incorrect": 0.6987}], "Trajector": {"Correct": 0.3025672606905046, "Incorrect": 0.6974327393094955}}