{"Uniform": [{"Correct": 0.34, "Incorrect": 0.66}], "Trajector": {"Correct": 0.3704630306762634, "Incorrect": 0.6295369693237366}}