{"Uniform": [{"Correct": 0.3533, "Incorrect": 0.6467}], "Trajector": {"Correct": 0.29860282514144953, "Incorrect": 0.7013971748585505}}