{"Uniform": [{"Correct": 0.3411, "Incorrect": 0.6589}], "Trajector": {"Correct": 0.3311650821754359, "Incorrect": 0.6688349178245641}}