{"Uniform": [{"Correct": 0.3353, "Incorrect": 0.6647}], "Trajector": {"Correct": 0.27377699087794927, "Incorrect": 0.7262230091220507}}