{"Uniform": [{"Correct": 0.3579, "Incorrect": 0.6421}], "Trajector": {"Correct": 0.31553827797236444, "Incorrect": 0.6844617220276356}}