{"Uniform": [{"Correct": 0.3532, "Incorrect": 0.6468}], "Trajector": {"Correct": 0.2667718717524345, "Incorrect": 0.7332281282475656}}