{"Uniform": [{"Correct": 0.1745, "Incorrect": 0.8255}], "Trajector": {"Correct": 0.2277818405758054, "Incorrect": 0.7722181594241946}}