{"Uniform": [{"Correct": 0.3579, "Incorrect": 0.6421}], "Trajector": {"Correct": 0.3397482775874678, "Incorrect": 0.6602517224125323}}