{"Uniform": [{"Correct": 0.3528, "Incorrect": 0.6472}], "Trajector": {"Correct": 0.27100573496016317, "Incorrect": 0.7289942650398368}}