{"Uniform": [{"Correct": 0.5551, "Incorrect": 0.4449}], "Trajector": {"Correct": 0.4354720757476618, "Incorrect": 0.5645279242523382}}