{"Uniform": [{"Correct": 0.5306, "Incorrect": 0.4694}], "Trajector": {"Correct": 0.4247334590662407, "Incorrect": 0.5752665409337593}}