{"Uniform": [{"Correct": 0.4125, "Incorrect": 0.5875}], "Trajector": {"Correct": 0.33559139371078867, "Incorrect": 0.6644086062892114}}