{"Uniform": [{"Correct": 0.5741, "Incorrect": 0.4259}], "Trajector": {"Correct": 0.35945498633616874, "Incorrect": 0.6405450136638312}}