{"Uniform": [{"Correct": 0.3696, "Incorrect": 0.6304}], "Trajector": {"Correct": 0.38570493822408686, "Incorrect": 0.6142950617759132}}