{"Uniform": [{"Correct": 0.524, "Incorrect": 0.476}], "Trajector": {"Correct": 0.43762749701705095, "Incorrect": 0.562372502982949}}