{"Uniform": [{"Correct": 0.2617, "Incorrect": 0.7383}], "Trajector": {"Correct": 0.29040452638466574, "Incorrect": 0.7095954736153343}}