{"Uniform": [{"Correct": 0.3241, "Incorrect": 0.6759}], "Trajector": {"Correct": 0.3761595011739348, "Incorrect": 0.6238404988260652}}