{"Uniform": [{"Correct": 0.5727, "Incorrect": 0.4273}], "Trajector": {"Correct": 0.36926985104499443, "Incorrect": 0.6307301489550056}}