{"Uniform": [{"Correct": 0.4896, "Incorrect": 0.5104}], "Trajector": {"Correct": 0.375120280204765, "Incorrect": 0.6248797197952349}}