{"Uniform": [{"Correct": 0.4894, "Incorrect": 0.5106}], "Trajector": {"Correct": 0.4083753512181979, "Incorrect": 0.5916246487818021}}