{"Uniform": [{"Correct": 0.9126, "Incorrect": 0.0874}], "Trajector": {"Correct": 0.9567244260708946, "Incorrect": 0.043275573929105464}}