{"Uniform": [{"Correct": 0.9124, "Incorrect": 0.0876}], "Trajector": {"Correct": 0.8397836221303545, "Incorrect": 0.16021637786964552}}