{"Uniform": [{"Correct": 0.9102, "Incorrect": 0.0898}], "Trajector": {"Correct": 0.9588794089189903, "Incorrect": 0.041120591081009766}}