{"Uniform": [{"Correct": 0.9134, "Incorrect": 0.0866}], "Trajector": {"Correct": 0.9566804468290967, "Incorrect": 0.04331955317090334}}