{"Uniform": [{"Correct": 0.9114, "Incorrect": 0.0886}], "Trajector": {"Correct": 0.9721611399419474, "Incorrect": 0.027838860058052597}}