{"Uniform": [{"Correct": 0.9089, "Incorrect": 0.0911}], "Trajector": {"Correct": 0.9550532148825754, "Incorrect": 0.04494678511742457}}