{"Uniform": [{"Correct": 0.9139, "Incorrect": 0.0861}], "Trajector": {"Correct": 0.9441903421585012, "Incorrect": 0.055809657841498814}}