{"Uniform": [{"Correct": 0.911, "Incorrect": 0.089}], "Trajector": {"Correct": 0.9566804468290967, "Incorrect": 0.04331955317090334}}