{"Uniform": [{"Correct": 0.9123, "Incorrect": 0.0877}], "Trajector": {"Correct": 0.8596182601811945, "Incorrect": 0.14038173981880553}}