{"Uniform": [{"Correct": 0.9117, "Incorrect": 0.0883}], "Trajector": {"Correct": 0.9718972644911602, "Incorrect": 0.028102735508839828}}