{"Uniform": [{"Correct": 0.9122, "Incorrect": 0.0878}], "Trajector": {"Correct": 0.7007212595654851, "Incorrect": 0.2992787404345149}}