{"Uniform": [{"Correct": 0.9123, "Incorrect": 0.0877}], "Trajector": {"Correct": 0.9034215850118744, "Incorrect": 0.09657841498812561}}