{"Uniform": [{"Correct": 0.911, "Incorrect": 0.089}], "Trajector": {"Correct": 0.9646406895945114, "Incorrect": 0.035359310405488606}}