{"Uniform": [{"Correct": 0.9118, "Incorrect": 0.0882}], "Trajector": {"Correct": 0.7235025068167825, "Incorrect": 0.27649749318321754}}