{"Uniform": [{"Correct": 0.911, "Incorrect": 0.089}], "Trajector": {"Correct": 0.8048641041428446, "Incorrect": 0.19513589585715543}}