{"Uniform": [{"Correct": 0.9116, "Incorrect": 0.0884}], "Trajector": {"Correct": 0.901530477614566, "Incorrect": 0.09846952238543408}}