{"Uniform": [{"Correct": 0.9088, "Incorrect": 0.0912}], "Trajector": {"Correct": 0.8235992611487378, "Incorrect": 0.1764007388512622}}