{"Uniform": [{"Correct": 0.9124, "Incorrect": 0.0876}], "Trajector": {"Correct": 0.9638050840003518, "Incorrect": 0.036194915999648164}}