{"Uniform": [{"Correct": 0.9123, "Incorrect": 0.0877}], "Trajector": {"Correct": 0.9717213475239687, "Incorrect": 0.028278652476031313}}