{"Uniform": [{"Correct": 0.9127, "Incorrect": 0.0873}], "Trajector": {"Correct": 0.9396604802533204, "Incorrect": 0.06033951974667957}}