{"Uniform": [{"Correct": 0.4783, "Incorrect": 0.5217}], "Trajector": {"Correct": 0.5206112158885339, "Incorrect": 0.47938878411146607}}