{"Uniform": [{"Correct": 0.3076, "Incorrect": 0.6924}], "Trajector": {"Correct": 0.5014048727916555, "Incorrect": 0.49859512720834454}}