{"Uniform": [{"Correct": 0.53, "Incorrect": 0.47}], "Trajector": {"Correct": 0.37073245833493707, "Incorrect": 0.6292675416650629}}