{"Uniform": [{"Correct": 0.4431, "Incorrect": 0.5569}], "Trajector": {"Correct": 0.49513105731111196, "Incorrect": 0.504868942688888}}