{"Uniform": [{"Correct": 0.165, "Incorrect": 0.835}], "Trajector": {"Correct": 0.46433932489126667, "Incorrect": 0.5356606751087333}}