{"Uniform": [{"Correct": 0.4174, "Incorrect": 0.5826}], "Trajector": {"Correct": 0.5570994188060506, "Incorrect": 0.4429005811939494}}