{"Uniform": [{"Correct": 0.3751, "Incorrect": 0.6249}], "Trajector": {"Correct": 0.4760401832108079, "Incorrect": 0.5239598167891921}}