{"Uniform": [{"Correct": 0.5098, "Incorrect": 0.4902}], "Trajector": {"Correct": 0.5243062237789153, "Incorrect": 0.47569377622108466}}