{"Uniform": [{"Correct": 0.3813, "Incorrect": 0.6187}], "Trajector": {"Correct": 0.36126400061583464, "Incorrect": 0.6387359993841654}}