{"Uniform": [{"Correct": 0.4349, "Incorrect": 0.5651}], "Trajector": {"Correct": 0.4941688156729918, "Incorrect": 0.5058311843270082}}