{"Uniform": [{"Correct": 0.2833, "Incorrect": 0.7167}], "Trajector": {"Correct": 0.37754512913282784, "Incorrect": 0.6224548708671722}}