{"Uniform": [{"Correct": 0.494, "Incorrect": 0.506}], "Trajector": {"Correct": 0.5057157153304338, "Incorrect": 0.4942842846695662}}