{"Uniform": [{"Correct": 0.4075, "Incorrect": 0.5925}], "Trajector": {"Correct": 0.3516030945691082, "Incorrect": 0.6483969054308918}}