{"Uniform": [{"Correct": 0.2777, "Incorrect": 0.7223}], "Trajector": {"Correct": 0.3556829991147377, "Incorrect": 0.6443170008852623}}