{"Uniform": [{"Correct": 0.3623, "Incorrect": 0.6377}], "Trajector": {"Correct": 0.45148377660598127, "Incorrect": 0.5485162233940187}}