{"Uniform": [{"Correct": 0.324, "Incorrect": 0.676}], "Trajector": {"Correct": 0.35668373041838264, "Incorrect": 0.6433162695816174}}