{"Uniform": [{"Correct": 0.4674, "Incorrect": 0.5326}], "Trajector": {"Correct": 0.538316462029945, "Incorrect": 0.461683537970055}}