{"Uniform": [{"Correct": 0.2939, "Incorrect": 0.7061}], "Trajector": {"Correct": 0.4409376082521843, "Incorrect": 0.5590623917478157}}