{"Uniform": [{"Correct": 0.4155, "Incorrect": 0.5845}], "Trajector": {"Correct": 0.5615257303414033, "Incorrect": 0.43847426965859665}}