{"Uniform": [{"Correct": 0.2361, "Incorrect": 0.7639}], "Trajector": {"Correct": 0.5487471613871675, "Incorrect": 0.45125283861283244}}