{"Uniform": [{"Correct": 0.3904, "Incorrect": 0.6096}], "Trajector": {"Correct": 0.4439013124975944, "Incorrect": 0.5560986875024057}}