{"Uniform": [{"Correct": 0.2818, "Incorrect": 0.7182}], "Trajector": {"Correct": 0.43601093106500904, "Incorrect": 0.5639890689349909}}