{"Uniform": [{"Correct": 0.1907, "Incorrect": 0.8093}], "Trajector": {"Correct": 0.32200454178053195, "Incorrect": 0.677995458219468}}