{"Uniform": [{"Correct": 0.2813, "Incorrect": 0.7187}], "Trajector": {"Correct": 0.4333551441437974, "Incorrect": 0.5666448558562026}}