{"Uniform": [{"Correct": 0.3844, "Incorrect": 0.6156}], "Trajector": {"Correct": 0.49505407798006235, "Incorrect": 0.5049459220199376}}