{"Uniform": [{"Correct": 0.4544, "Incorrect": 0.5456}], "Trajector": {"Correct": 0.4198452715445903, "Incorrect": 0.5801547284554097}}