{"Uniform": [{"Correct": 0.3491, "Incorrect": 0.6509}], "Trajector": {"Correct": 0.4409376082521843, "Incorrect": 0.5590623917478157}}