{"Uniform": [{"Correct": 0.2796, "Incorrect": 0.7204}], "Trajector": {"Correct": 0.3129979600477272, "Incorrect": 0.6870020399522728}}