{"Uniform": [{"Correct": 0.3208, "Incorrect": 0.6792}], "Trajector": {"Correct": 0.39178630537700626, "Incorrect": 0.6082136946229937}}