{"Uniform": [{"Correct": 0.4779, "Incorrect": 0.5221}], "Trajector": {"Correct": 0.5969362226242254, "Incorrect": 0.4030637773757746}}