{"Uniform": [{"Correct": 0.3823, "Incorrect": 0.6177}], "Trajector": {"Correct": 0.5373157307263, "Incorrect": 0.4626842692737}}