{"Uniform": [{"Correct": 0.2328, "Incorrect": 0.7672}], "Trajector": {"Correct": 0.4889727108271429, "Incorrect": 0.5110272891728571}}