{"Uniform": [{"Correct": 0.4201, "Incorrect": 0.5799}], "Trajector": {"Correct": 0.4853546822678111, "Incorrect": 0.5146453177321889}}