{"Uniform": [{"Correct": 0.4266, "Incorrect": 0.5734}], "Trajector": {"Correct": 0.4892806281513414, "Incorrect": 0.5107193718486587}}