{"Uniform": [{"Correct": 0.3555, "Incorrect": 0.6445}], "Trajector": {"Correct": 0.4281975289634733, "Incorrect": 0.5718024710365267}}