{"Uniform": [{"Correct": 0.4174, "Incorrect": 0.5826}], "Trajector": {"Correct": 0.5082945229205958, "Incorrect": 0.4917054770794042}}