{"Uniform": [{"Correct": 0.3936, "Incorrect": 0.6064}], "Trajector": {"Correct": 0.3638812978715215, "Incorrect": 0.6361187021284785}}