{"Uniform": [{"Correct": 0.2918, "Incorrect": 0.7082}], "Trajector": {"Correct": 0.4651091182017628, "Incorrect": 0.5348908817982372}}