{"Uniform": [{"Correct": 0.4115, "Incorrect": 0.5885}], "Trajector": {"Correct": 0.4944382433316655, "Incorrect": 0.5055617566683346}}