{"Uniform": [{"Correct": 0.5402, "Incorrect": 0.4598}], "Trajector": {"Correct": 0.5216889265232285, "Incorrect": 0.4783110734767715}}