{"Uniform": [{"Correct": 0.4854, "Incorrect": 0.5146}], "Trajector": {"Correct": 0.5171856356568262, "Incorrect": 0.4828143643431739}}