{"Uniform": [{"Correct": 0.4519, "Incorrect": 0.5481}], "Trajector": {"Correct": 0.32512220468804126, "Incorrect": 0.6748777953119587}}