{"Uniform": [{"Correct": 0.3957, "Incorrect": 0.6043}], "Trajector": {"Correct": 0.4393210423001424, "Incorrect": 0.5606789576998575}}