{"Uniform": [{"Correct": 0.5237, "Incorrect": 0.4763}], "Trajector": {"Correct": 0.5266540933759286, "Incorrect": 0.47334590662407144}}