{"Uniform": [{"Correct": 0.4905, "Incorrect": 0.5095}], "Trajector": {"Correct": 0.467072091143528, "Incorrect": 0.532927908856472}}