{"Uniform": [{"Correct": 0.3883, "Incorrect": 0.6117}], "Trajector": {"Correct": 0.446172202763558, "Incorrect": 0.553827797236442}}