{"Uniform": [{"Correct": 0.4975, "Incorrect": 0.5025}], "Trajector": {"Correct": 0.5025595627573997, "Incorrect": 0.49744043724260034}}