{"Uniform": [{"Correct": 0.3322, "Incorrect": 0.6678}], "Trajector": {"Correct": 0.3523728878796043, "Incorrect": 0.6476271121203957}}