{"Uniform": [{"Correct": 0.3163, "Incorrect": 0.6837}], "Trajector": {"Correct": 0.3231977214118009, "Incorrect": 0.6768022785881991}}