{"Uniform": [{"Correct": 0.2952, "Incorrect": 0.7048}], "Trajector": {"Correct": 0.4796197221046149, "Incorrect": 0.5203802778953851}}