{"Uniform": [{"Correct": 0.3857, "Incorrect": 0.6143}], "Trajector": {"Correct": 0.4182287055925484, "Incorrect": 0.5817712944074516}}