{"Uniform": [{"Correct": 0.5259, "Incorrect": 0.4741}], "Trajector": {"Correct": 0.47072860936838457, "Incorrect": 0.5292713906316154}}