{"Uniform": [{"Correct": 0.4442, "Incorrect": 0.5558}], "Trajector": {"Correct": 0.3065701859050845, "Incorrect": 0.6934298140949156}}