{"Uniform": [{"Correct": 0.4148, "Incorrect": 0.5852}], "Trajector": {"Correct": 0.2936376582887495, "Incorrect": 0.7063623417112506}}