{"Uniform": [{"Correct": 0.4648, "Incorrect": 0.5352}], "Trajector": {"Correct": 0.47507794157268773, "Incorrect": 0.5249220584273123}}