{"Uniform": [{"Correct": 0.3753, "Incorrect": 0.6247}], "Trajector": {"Correct": 0.5051383703475617, "Incorrect": 0.4948616296524383}}