{"Uniform": [{"Correct": 0.475, "Incorrect": 0.525}], "Trajector": {"Correct": 0.42592663869750974, "Incorrect": 0.5740733613024903}}