{"Uniform": [{"Correct": 0.4289, "Incorrect": 0.5711}], "Trajector": {"Correct": 0.5067549362996036, "Incorrect": 0.49324506370039645}}