{"Uniform": [{"Correct": 0.3522, "Incorrect": 0.6478}], "Trajector": {"Correct": 0.390439167083638, "Incorrect": 0.609560832916362}}