{"Uniform": [{"Correct": 0.3316, "Incorrect": 0.6684}], "Trajector": {"Correct": 0.5283861283245449, "Incorrect": 0.47161387167545515}}