{"Uniform": [{"Correct": 0.2997, "Incorrect": 0.7003}], "Trajector": {"Correct": 0.41903698856856936, "Incorrect": 0.5809630114314307}}