{"Uniform": [{"Correct": 0.3192, "Incorrect": 0.6808}], "Trajector": {"Correct": 0.49744043724260034, "Incorrect": 0.5025595627573997}}