{"Uniform": [{"Correct": 0.2998, "Incorrect": 0.7002}], "Trajector": {"Correct": 0.36926985104499443, "Incorrect": 0.6307301489550056}}