{"Uniform": [{"Correct": 0.3682, "Incorrect": 0.6318}], "Trajector": {"Correct": 0.3786228397675224, "Incorrect": 0.6213771602324776}}