{"Uniform": [{"Correct": 0.3057, "Incorrect": 0.6943}], "Trajector": {"Correct": 0.5027520110850237, "Incorrect": 0.49724798891497635}}