{"Uniform": [{"Correct": 0.4605, "Incorrect": 0.5395}], "Trajector": {"Correct": 0.3978676725299257, "Incorrect": 0.6021323274700743}}