{"Uniform": [{"Correct": 0.4352, "Incorrect": 0.5648}], "Trajector": {"Correct": 0.5343520264808899, "Incorrect": 0.46564797351911014}}