{"Uniform": [{"Correct": 0.3772, "Incorrect": 0.6228}], "Trajector": {"Correct": 0.38235633732342866, "Incorrect": 0.6176436626765713}}