{"Uniform": [{"Correct": 0.3608, "Incorrect": 0.6392}], "Trajector": {"Correct": 0.3792001847503945, "Incorrect": 0.6207998152496055}}