{"Uniform": [{"Correct": 0.6144, "Incorrect": 0.3856}], "Trajector": {"Correct": 0.5020591971055771, "Incorrect": 0.49794080289442283}}