{"Uniform": [{"Correct": 0.4891, "Incorrect": 0.5109}], "Trajector": {"Correct": 0.4689965744197683, "Incorrect": 0.5310034255802317}}