{"Uniform": [{"Correct": 0.3271, "Incorrect": 0.6729}], "Trajector": {"Correct": 0.3327046687964282, "Incorrect": 0.6672953312035719}}