{"Uniform": [{"Correct": 0.3459, "Incorrect": 0.6541}], "Trajector": {"Correct": 0.5340825988222162, "Incorrect": 0.46591740117778374}}