{"Uniform": [{"Correct": 0.4942, "Incorrect": 0.5058}], "Trajector": {"Correct": 0.42738924598745237, "Incorrect": 0.5726107540125477}}