{"Uniform": [{"Correct": 0.5694, "Incorrect": 0.4306}], "Trajector": {"Correct": 0.48285285400869865, "Incorrect": 0.5171471459913013}}