{"Uniform": [{"Correct": 0.3674, "Incorrect": 0.6326}], "Trajector": {"Correct": 0.39578923059158616, "Incorrect": 0.6042107694084139}}