{"Uniform": [{"Correct": 0.6574, "Incorrect": 0.3426}], "Trajector": {"Correct": 0.49782533389784844, "Incorrect": 0.5021746661021516}}