{"Uniform": [{"Correct": 0.2482, "Incorrect": 0.7518}], "Trajector": {"Correct": 0.4868172895577537, "Incorrect": 0.5131827104422463}}