{"Uniform": [{"Correct": 0.3344, "Incorrect": 0.6656}], "Trajector": {"Correct": 0.49613178861475693, "Incorrect": 0.5038682113852431}}