{"Uniform": [{"Correct": 0.3208, "Incorrect": 0.6792}], "Trajector": {"Correct": 0.4360494207305339, "Incorrect": 0.5639505792694661}}