{"Uniform": [{"Correct": 0.5781, "Incorrect": 0.4219}], "Trajector": {"Correct": 0.5482852854008698, "Incorrect": 0.45171471459913015}}