{"Uniform": [{"Correct": 0.296, "Incorrect": 0.704}], "Trajector": {"Correct": 0.3100342558023171, "Incorrect": 0.689965744197683}}