{"Uniform": [{"Correct": 0.3803, "Incorrect": 0.6197}], "Trajector": {"Correct": 0.29155921635040993, "Incorrect": 0.7084407836495901}}