{"Uniform": [{"Correct": 0.3131, "Incorrect": 0.6869}], "Trajector": {"Correct": 0.35133366691043455, "Incorrect": 0.6486663330895655}}