{"Uniform": [{"Correct": 0.428, "Incorrect": 0.572}], "Trajector": {"Correct": 0.5181478772949463, "Incorrect": 0.4818521227050537}}