{"Uniform": [{"Correct": 0.555, "Incorrect": 0.445}], "Trajector": {"Correct": 0.5275778453485239, "Incorrect": 0.4724221546514761}}