{"Uniform": [{"Correct": 0.3494, "Incorrect": 0.6506}], "Trajector": {"Correct": 0.49251376005542513, "Incorrect": 0.5074862399445749}}