{"Uniform": [{"Correct": 0.4925, "Incorrect": 0.5075}], "Trajector": {"Correct": 0.4987490858704438, "Incorrect": 0.5012509141295562}}