{"Uniform": [{"Correct": 0.4541, "Incorrect": 0.5459}], "Trajector": {"Correct": 0.39301797467380006, "Incorrect": 0.6069820253261999}}