{"Uniform": [{"Correct": 0.349, "Incorrect": 0.651}], "Trajector": {"Correct": 0.4094530618528925, "Incorrect": 0.5905469381471075}}