{"Uniform": [{"Correct": 0.319, "Incorrect": 0.681}], "Trajector": {"Correct": 0.42669643200800583, "Incorrect": 0.5733035679919941}}