{"Uniform": [{"Correct": 0.1909, "Incorrect": 0.8091}], "Trajector": {"Correct": 0.36238020091605405, "Incorrect": 0.637619799083946}}