{"Uniform": [{"Correct": 0.2774, "Incorrect": 0.7226}], "Trajector": {"Correct": 0.46564797351911014, "Incorrect": 0.5343520264808899}}