{"Uniform": [{"Correct": 0.3697, "Incorrect": 0.6303}], "Trajector": {"Correct": 0.5096031715484393, "Incorrect": 0.49039682845156074}}