{"Uniform": [{"Correct": 0.3705, "Incorrect": 0.6295}], "Trajector": {"Correct": 0.3179631269004272, "Incorrect": 0.6820368730995727}}