{"Uniform": [{"Correct": 0.103, "Incorrect": 0.897}], "Trajector": {"Correct": 0.3868981178553558, "Incorrect": 0.6131018821446441}}