{"Uniform": [{"Correct": 0.3988, "Incorrect": 0.6012}], "Trajector": {"Correct": 0.585466302297833, "Incorrect": 0.41453369770216697}}