{"Uniform": [{"Correct": 0.2018, "Incorrect": 0.7982}], "Trajector": {"Correct": 0.3801239367229899, "Incorrect": 0.6198760632770102}}