{"Uniform": [{"Correct": 0.443, "Incorrect": 0.557}], "Trajector": {"Correct": 0.34937069396866943, "Incorrect": 0.6506293060313306}}