{"Uniform": [{"Correct": 0.4873, "Incorrect": 0.5127}], "Trajector": {"Correct": 0.47180632000307915, "Incorrect": 0.5281936799969208}}