{"Uniform": [{"Correct": 0.5374, "Incorrect": 0.4626}], "Trajector": {"Correct": 0.5813094184211539, "Incorrect": 0.4186905815788461}}