{"Uniform": [{"Correct": 0.5182, "Incorrect": 0.4818}], "Trajector": {"Correct": 0.48508525460913743, "Incorrect": 0.5149147453908626}}