{"Uniform": [{"Correct": 0.3618, "Incorrect": 0.6382}], "Trajector": {"Correct": 0.4131095800777491, "Incorrect": 0.5868904199222509}}