{"Uniform": [{"Correct": 0.5077, "Incorrect": 0.4923}], "Trajector": {"Correct": 0.4444016781494169, "Incorrect": 0.5555983218505831}}