{"Uniform": [{"Correct": 0.2384, "Incorrect": 0.7616}], "Trajector": {"Correct": 0.3920172433701551, "Incorrect": 0.6079827566298449}}