{"Uniform": [{"Correct": 0.4671, "Incorrect": 0.5329}], "Trajector": {"Correct": 0.4445171471459913, "Incorrect": 0.5554828528540087}}