{"Uniform": [{"Correct": 0.4064, "Incorrect": 0.5936}], "Trajector": {"Correct": 0.35002501828259114, "Incorrect": 0.6499749817174089}}