{"Uniform": [{"Correct": 0.3297, "Incorrect": 0.6703}], "Trajector": {"Correct": 0.44813517570532313, "Incorrect": 0.5518648242946769}}