{"Uniform": [{"Correct": 0.2281, "Incorrect": 0.7719}], "Trajector": {"Correct": 0.5286555559832185, "Incorrect": 0.4713444440167815}}