{"Uniform": [{"Correct": 0.452, "Incorrect": 0.548}], "Trajector": {"Correct": 0.552634617605173, "Incorrect": 0.447365382394827}}