{"Uniform": [{"Correct": 0.4944, "Incorrect": 0.5056}], "Trajector": {"Correct": 0.40679727493168083, "Incorrect": 0.5932027250683192}}