{"Uniform": [{"Correct": 0.7826, "Incorrect": 0.2174}], "Trajector": {"Correct": 0.8571994018823116, "Incorrect": 0.14280059811768844}}