{"Uniform": [{"Correct": 0.8536, "Incorrect": 0.1464}], "Trajector": {"Correct": 0.9058404433107573, "Incorrect": 0.09415955668924268}}