{"Uniform": [{"Correct": 0.8077, "Incorrect": 0.1923}], "Trajector": {"Correct": 0.9683349459055326, "Incorrect": 0.03166505409446741}}