{"Uniform": [{"Correct": 0.6897, "Incorrect": 0.3103}], "Trajector": {"Correct": 0.98016536194916, "Incorrect": 0.019834638050840004}}