{"Uniform": [{"Correct": 0.8496, "Incorrect": 0.1504}], "Trajector": {"Correct": 0.9724250153927346, "Incorrect": 0.02757498460726537}}