{"Uniform": [{"Correct": 0.7317, "Incorrect": 0.2683}], "Trajector": {"Correct": 0.9495558096578415, "Incorrect": 0.0504441903421585}}