{"Uniform": [{"Correct": 0.8558, "Incorrect": 0.1442}], "Trajector": {"Correct": 0.9645087518691178, "Incorrect": 0.035491248130882225}}