{"Uniform": [{"Correct": 0.7688, "Incorrect": 0.2312}], "Trajector": {"Correct": 0.9114697862608848, "Incorrect": 0.08853021373911514}}