{"Uniform": [{"Correct": 0.6901, "Incorrect": 0.3099}], "Trajector": {"Correct": 0.9549212771571818, "Incorrect": 0.04507872284281819}}