{"Uniform": [{"Correct": 0.8245, "Incorrect": 0.1755}], "Trajector": {"Correct": 0.9827601372152344, "Incorrect": 0.01723986278476559}}