{"Uniform": [{"Correct": 0.8504, "Incorrect": 0.1496}], "Trajector": {"Correct": 0.9847392030961386, "Incorrect": 0.015260796903861378}}