{"Uniform": [{"Correct": 0.7904, "Incorrect": 0.2096}], "Trajector": {"Correct": 0.9711056381387985, "Incorrect": 0.028894361861201513}}