{"Uniform": [{"Correct": 0.921, "Incorrect": 0.079}], "Trajector": {"Correct": 0.9301169847831824, "Incorrect": 0.06988301521681767}}