{"Uniform": [{"Correct": 0.8409, "Incorrect": 0.1591}], "Trajector": {"Correct": 0.9778784413756707, "Incorrect": 0.022121558624329317}}