{"Uniform": [{"Correct": 0.8122, "Incorrect": 0.1878}], "Trajector": {"Correct": 0.9228164306447357, "Incorrect": 0.07718356935526431}}