{"Uniform": [{"Correct": 0.8495, "Incorrect": 0.1505}], "Trajector": {"Correct": 0.9602867446565221, "Incorrect": 0.03971325534347788}}