{"Uniform": [{"Correct": 0.8395, "Incorrect": 0.1605}], "Trajector": {"Correct": 0.9536458791450435, "Incorrect": 0.04635412085495646}}