{"Uniform": [{"Correct": 0.817, "Incorrect": 0.183}], "Trajector": {"Correct": 0.9802093411909578, "Incorrect": 0.01979065880904213}}