{"Uniform": [{"Correct": 0.8742, "Incorrect": 0.1258}], "Trajector": {"Correct": 0.8356495734013546, "Incorrect": 0.16435042659864543}}