{"Uniform": [{"Correct": 0.8491, "Incorrect": 0.1509}], "Trajector": {"Correct": 0.961694080394054, "Incorrect": 0.038305919605945996}}