{"Uniform": [{"Correct": 0.9292, "Incorrect": 0.0708}], "Trajector": {"Correct": 0.9865423520098513, "Incorrect": 0.01345764799014865}}