{"Uniform": [{"Correct": 0.9318, "Incorrect": 0.0682}], "Trajector": {"Correct": 0.9750197906588091, "Incorrect": 0.024980209341190957}}