{"Uniform": [{"Correct": 0.9172, "Incorrect": 0.0828}], "Trajector": {"Correct": 0.9801213827073622, "Incorrect": 0.019878617292637873}}