{"Uniform": [{"Correct": 0.7823, "Incorrect": 0.2177}], "Trajector": {"Correct": 0.9703579910282347, "Incorrect": 0.029642008971765325}}