{"Uniform": [{"Correct": 0.9304, "Incorrect": 0.0696}], "Trajector": {"Correct": 0.9858826633828833, "Incorrect": 0.014117336617116722}}