{"Uniform": [{"Correct": 0.908, "Incorrect": 0.092}], "Trajector": {"Correct": 0.9062802357287361, "Incorrect": 0.09371976427126397}}