{"Uniform": [{"Correct": 0.7807, "Incorrect": 0.2193}], "Trajector": {"Correct": 0.9741402058228517, "Incorrect": 0.025859794177148385}}