{"Uniform": [{"Correct": 0.7829, "Incorrect": 0.2171}], "Trajector": {"Correct": 0.8707889875978538, "Incorrect": 0.1292110124021462}}