{"Uniform": [{"Correct": 0.8368, "Incorrect": 0.1632}], "Trajector": {"Correct": 0.8827953206086727, "Incorrect": 0.1172046793913273}}