{"Uniform": [{"Correct": 0.7622, "Incorrect": 0.2378}], "Trajector": {"Correct": 0.9728648078107134, "Incorrect": 0.027135192189286658}}