{"Uniform": [{"Correct": 0.8717, "Incorrect": 0.1283}], "Trajector": {"Correct": 0.9540416923212244, "Incorrect": 0.045958307678775616}}