{"Uniform": [{"Correct": 0.9193, "Incorrect": 0.0807}], "Trajector": {"Correct": 0.8383323071510247, "Incorrect": 0.16166769284897528}}