{"Uniform": [{"Correct": 0.7825, "Incorrect": 0.2175}], "Trajector": {"Correct": 0.9826721787316387, "Incorrect": 0.017327821268361333}}