{"Uniform": [{"Correct": 0.8327, "Incorrect": 0.1673}], "Trajector": {"Correct": 0.9848271615797344, "Incorrect": 0.015172838420265634}}