{"Uniform": [{"Correct": 0.848, "Incorrect": 0.152}], "Trajector": {"Correct": 0.972293077667341, "Incorrect": 0.027706922332658986}}