{"Uniform": [{"Correct": 0.7798, "Incorrect": 0.2202}], "Trajector": {"Correct": 0.9413756706834374, "Incorrect": 0.058624329316562585}}