{"Uniform": [{"Correct": 0.8157, "Incorrect": 0.1843}], "Trajector": {"Correct": 0.9821444278300642, "Incorrect": 0.01785557216993579}}