{"Uniform": [{"Correct": 0.7472, "Incorrect": 0.2528}], "Trajector": {"Correct": 0.9717653267657665, "Incorrect": 0.028234673234233443}}