{"Uniform": [{"Correct": 0.7705, "Incorrect": 0.2295}], "Trajector": {"Correct": 0.9618260181194476, "Incorrect": 0.03817398188055238}}