{"Uniform": [{"Correct": 0.9175, "Incorrect": 0.0825}], "Trajector": {"Correct": 0.8804644207933855, "Incorrect": 0.11953557920661448}}