{"Uniform": [{"Correct": 0.7231, "Incorrect": 0.2769}], "Trajector": {"Correct": 0.9486322455800862, "Incorrect": 0.0513677544199138}}