{"Uniform": [{"Correct": 0.7997, "Incorrect": 0.2003}], "Trajector": {"Correct": 0.9749758114170112, "Incorrect": 0.02502418858298883}}