{"Uniform": [{"Correct": 0.8052, "Incorrect": 0.1948}], "Trajector": {"Correct": 0.9766470226053303, "Incorrect": 0.023352977394669718}}