{"Uniform": [{"Correct": 0.8404, "Incorrect": 0.1596}], "Trajector": {"Correct": 0.9659600668484475, "Incorrect": 0.034039933151552466}}