{"Uniform": [{"Correct": 0.7829, "Incorrect": 0.2171}], "Trajector": {"Correct": 0.9653883367050752, "Incorrect": 0.034611663294924794}}