{"Uniform": [{"Correct": 0.8512, "Incorrect": 0.1488}], "Trajector": {"Correct": 0.9786260884862344, "Incorrect": 0.0213739115137655}}