{"Uniform": [{"Correct": 0.7913, "Incorrect": 0.2087}], "Trajector": {"Correct": 0.9310845281027355, "Incorrect": 0.06891547189726449}}