{"Uniform": [{"Correct": 0.7965, "Incorrect": 0.2035}], "Trajector": {"Correct": 0.9411557744744481, "Incorrect": 0.05884422552555194}}