{"Uniform": [{"Correct": 0.8306, "Incorrect": 0.1694}], "Trajector": {"Correct": 0.9422552555193948, "Incorrect": 0.057744744480605154}}