{"Uniform": [{"Correct": 0.8042, "Incorrect": 0.1958}], "Trajector": {"Correct": 0.9700941155774474, "Incorrect": 0.029905884422552556}}