{"Uniform": [{"Correct": 0.7828, "Incorrect": 0.2172}], "Trajector": {"Correct": 0.9727768493271176, "Incorrect": 0.0272231506728824}}