{"Uniform": [{"Correct": 0.6652, "Incorrect": 0.3348}], "Trajector": {"Correct": 0.9626616237136072, "Incorrect": 0.037338376286392826}}