{"Uniform": [{"Correct": 0.9059, "Incorrect": 0.0941}], "Trajector": {"Correct": 0.8327029642008972, "Incorrect": 0.16729703579910282}}