{"Uniform": [{"Correct": 0.6363, "Incorrect": 0.3637}], "Trajector": {"Correct": 0.9269944586155334, "Incorrect": 0.07300554138446654}}