{"Uniform": [{"Correct": 0.8556, "Incorrect": 0.1444}], "Trajector": {"Correct": 0.9575600316650541, "Incorrect": 0.042439968334945906}}