{"Uniform": [{"Correct": 0.9104, "Incorrect": 0.0896}], "Trajector": {"Correct": 0.9710616588970006, "Incorrect": 0.028938341102999383}}