{"Uniform": [{"Correct": 0.9122, "Incorrect": 0.0878}], "Trajector": {"Correct": 0.9728208285689155, "Incorrect": 0.027179171431084528}}