{"Uniform": [{"Correct": 0.7279, "Incorrect": 0.2721}], "Trajector": {"Correct": 0.9448500307854693, "Incorrect": 0.05514996921453074}}