{"Uniform": [{"Correct": 0.5849, "Incorrect": 0.4151}], "Trajector": {"Correct": 0.9465652212155863, "Incorrect": 0.05343477878441376}}