{"Uniform": [{"Correct": 0.5848, "Incorrect": 0.4152}], "Trajector": {"Correct": 0.9454657401706394, "Incorrect": 0.05453425982936054}}