{"Uniform": [{"Correct": 0.9116, "Incorrect": 0.0884}], "Trajector": {"Correct": 0.9772187527487026, "Incorrect": 0.022781247251297387}}