{"Uniform": [{"Correct": 0.788, "Incorrect": 0.212}], "Trajector": {"Correct": 0.9737883718884687, "Incorrect": 0.026211628111531358}}