{"Uniform": [{"Correct": 0.5845, "Incorrect": 0.4155}], "Trajector": {"Correct": 0.9430029026299587, "Incorrect": 0.05699709737004134}}