{"Uniform": [{"Correct": 0.8043, "Incorrect": 0.1957}], "Trajector": {"Correct": 0.8182777728911954, "Incorrect": 0.18172222710880465}}