{"Uniform": [{"Correct": 0.9121, "Incorrect": 0.0879}], "Trajector": {"Correct": 0.8808162547277685, "Incorrect": 0.11918374527223151}}