{"Uniform": [{"Correct": 0.6638, "Incorrect": 0.3362}], "Trajector": {"Correct": 0.8862696807107046, "Incorrect": 0.11373031928929546}}