{"Uniform": [{"Correct": 0.8222, "Incorrect": 0.1778}], "Trajector": {"Correct": 0.960990412525288, "Incorrect": 0.039009587474711935}}