{"Uniform": [{"Correct": 0.5849, "Incorrect": 0.4151}], "Trajector": {"Correct": 0.9466092004573842, "Incorrect": 0.053390799542615885}}