{"Uniform": [{"Correct": 0.9106, "Incorrect": 0.0894}], "Trajector": {"Correct": 0.9718532852493623, "Incorrect": 0.028146714750637698}}