{"Uniform": [{"Correct": 0.9121, "Incorrect": 0.0879}], "Trajector": {"Correct": 0.8497669100184713, "Incorrect": 0.1502330899815287}}