{"Uniform": [{"Correct": 0.9121, "Incorrect": 0.0879}], "Trajector": {"Correct": 0.9673234233441815, "Incorrect": 0.032676576655818454}}