{"Uniform": [{"Correct": 0.5841, "Incorrect": 0.4159}], "Trajector": {"Correct": 0.803016975987334, "Incorrect": 0.196983024012666}}