{"Uniform": [{"Correct": 0.9122, "Incorrect": 0.0878}], "Trajector": {"Correct": 0.6336089365819333, "Incorrect": 0.36639106341806665}}