{"Uniform": [{"Correct": 0.9121, "Incorrect": 0.0879}], "Trajector": {"Correct": 0.4379013105814056, "Incorrect": 0.5620986894185944}}