{"Uniform": [{"Correct": 0.7674, "Incorrect": 0.2326}], "Trajector": {"Correct": 0.9393086463189375, "Incorrect": 0.060691353681062536}}