{"Uniform": [{"Correct": 0.912, "Incorrect": 0.088}], "Trajector": {"Correct": 0.8886885390095874, "Incorrect": 0.11131146099041253}}