{"Uniform": [{"Correct": 0.9095, "Incorrect": 0.0905}], "Trajector": {"Correct": 0.9678071950039582, "Incorrect": 0.032192804996041866}}