{"Uniform": [{"Correct": 0.7905, "Incorrect": 0.2095}], "Trajector": {"Correct": 0.9687747383235114, "Incorrect": 0.031225261676488696}}