{"Uniform": [{"Correct": 0.7923, "Incorrect": 0.2077}], "Trajector": {"Correct": 0.9672354648605858, "Incorrect": 0.0327645351394142}}