{"Uniform": [{"Correct": 0.9117, "Incorrect": 0.0883}], "Trajector": {"Correct": 0.5908171343126044, "Incorrect": 0.40918286568739554}}