{"Uniform": [{"Correct": 0.8202, "Incorrect": 0.1798}], "Trajector": {"Correct": 0.9790658809042132, "Incorrect": 0.02093411909578679}}