{"Uniform": [{"Correct": 0.911, "Incorrect": 0.089}], "Trajector": {"Correct": 0.9742281643064473, "Incorrect": 0.025771835693552642}}