{"Uniform": [{"Correct": 0.9117, "Incorrect": 0.0883}], "Trajector": {"Correct": 0.9768669188143196, "Incorrect": 0.02313308118568036}}