{"Uniform": [{"Correct": 0.8164, "Incorrect": 0.1836}], "Trajector": {"Correct": 0.6017239862784766, "Incorrect": 0.39827601372152344}}