{"Uniform": [{"Correct": 0.912, "Incorrect": 0.088}], "Trajector": {"Correct": 0.8044243117248658, "Incorrect": 0.19557568827513414}}