{"Uniform": [{"Correct": 0.7857, "Incorrect": 0.2143}], "Trajector": {"Correct": 0.9715014513149793, "Incorrect": 0.02849854868502067}}