{"Uniform": [{"Correct": 0.9077, "Incorrect": 0.0923}], "Trajector": {"Correct": 0.9560647374439265, "Incorrect": 0.04393526255607353}}