{"Uniform": [{"Correct": 0.5844, "Incorrect": 0.4156}], "Trajector": {"Correct": 0.9433547365643417, "Incorrect": 0.05664526343565837}}