{"Uniform": [{"Correct": 0.7625, "Incorrect": 0.2375}], "Trajector": {"Correct": 0.29659600668484476, "Incorrect": 0.7034039933151552}}