{"Uniform": [{"Correct": 0.8026, "Incorrect": 0.1974}], "Trajector": {"Correct": 0.9792417978714048, "Incorrect": 0.020758202128595304}}