{"Uniform": [{"Correct": 0.5846, "Incorrect": 0.4154}], "Trajector": {"Correct": 0.9474008268097458, "Incorrect": 0.0525991731902542}}