{"Uniform": [{"Correct": 0.7208, "Incorrect": 0.2792}], "Trajector": {"Correct": 0.9341630750285865, "Incorrect": 0.0658369249714135}}