{"Uniform": [{"Correct": 0.912, "Incorrect": 0.088}], "Trajector": {"Correct": 0.8835869469610343, "Incorrect": 0.11641305303896561}}