{"Uniform": [{"Correct": 0.5843, "Incorrect": 0.4157}], "Trajector": {"Correct": 0.9431348403553522, "Incorrect": 0.05686515964464773}}