{"Uniform": [{"Correct": 0.8039, "Incorrect": 0.1961}], "Trajector": {"Correct": 0.9727768493271176, "Incorrect": 0.0272231506728824}}