{"Uniform": [{"Correct": 0.9078, "Incorrect": 0.0922}], "Trajector": {"Correct": 0.9562406544111179, "Incorrect": 0.043759345588882045}}