{"Uniform": [{"Correct": 0.9108, "Incorrect": 0.0892}], "Trajector": {"Correct": 0.9761632509455537, "Incorrect": 0.023836749054446302}}