{"Uniform": [{"Correct": 0.585, "Incorrect": 0.415}], "Trajector": {"Correct": 0.9377253936142141, "Incorrect": 0.062274606385785906}}