{"Uniform": [{"Correct": 0.9097, "Incorrect": 0.0903}], "Trajector": {"Correct": 0.9662679215410326, "Incorrect": 0.03373207845896737}}