{"Uniform": [{"Correct": 0.9074, "Incorrect": 0.0926}], "Trajector": {"Correct": 0.5531709033336265, "Incorrect": 0.4468290966663735}}