{"Uniform": [{"Correct": 0.9095, "Incorrect": 0.0905}], "Trajector": {"Correct": 0.9675872987949687, "Incorrect": 0.03241270120503122}}