{"Uniform": [{"Correct": 0.7852, "Incorrect": 0.2148}], "Trajector": {"Correct": 0.9739642888556601, "Incorrect": 0.026035711144339873}}