{"Uniform": [{"Correct": 0.5852, "Incorrect": 0.4148}], "Trajector": {"Correct": 0.9371536634708417, "Incorrect": 0.06284633652915823}}