{"Uniform": [{"Correct": 0.5838, "Incorrect": 0.4162}], "Trajector": {"Correct": 0.9294572961562143, "Incorrect": 0.07054270384378573}}