{"Uniform": [{"Correct": 0.7642, "Incorrect": 0.2358}], "Trajector": {"Correct": 0.8184536898583868, "Incorrect": 0.18154631014161315}}