{"Uniform": [{"Correct": 0.7955, "Incorrect": 0.2045}], "Trajector": {"Correct": 0.9773067112322984, "Incorrect": 0.022693288767701644}}