{"Uniform": [{"Correct": 0.8094, "Incorrect": 0.1906}], "Trajector": {"Correct": 0.9782302753100537, "Incorrect": 0.021769724689946344}}