{"Uniform": [{"Correct": 0.7827, "Incorrect": 0.2173}], "Trajector": {"Correct": 0.983243908875011, "Incorrect": 0.016756091124989006}}