{"Uniform": [{"Correct": 0.9115, "Incorrect": 0.0885}], "Trajector": {"Correct": 0.9769988565397133, "Incorrect": 0.023001143460286744}}