{"Uniform": [{"Correct": 0.8213, "Incorrect": 0.1787}], "Trajector": {"Correct": 0.9762512094291494, "Incorrect": 0.02374879057085056}}