{"Uniform": [{"Correct": 0.8078, "Incorrect": 0.1922}], "Trajector": {"Correct": 0.957252176972469, "Incorrect": 0.042747823027531}}