{"Uniform": [{"Correct": 0.912, "Incorrect": 0.088}], "Trajector": {"Correct": 0.9712375758641921, "Incorrect": 0.028762424135807898}}