{"Uniform": [{"Correct": 0.9038, "Incorrect": 0.0962}], "Trajector": {"Correct": 0.9419034215850118, "Incorrect": 0.05809657841498812}}