{"Uniform": [{"Correct": 0.7534, "Incorrect": 0.2466}], "Trajector": {"Correct": 0.8889963937021725, "Incorrect": 0.11100360629782742}}