{"Uniform": [{"Correct": 0.9084, "Incorrect": 0.0916}], "Trajector": {"Correct": 0.9601108276893306, "Incorrect": 0.039889172310669366}}