{"Uniform": [{"Correct": 0.9119, "Incorrect": 0.0881}], "Trajector": {"Correct": 0.9758553962529686, "Incorrect": 0.024144603747031403}}