{"Uniform": [{"Correct": 0.9109, "Incorrect": 0.0891}], "Trajector": {"Correct": 0.975063769900607, "Incorrect": 0.024936230099393088}}