{"Uniform": [{"Correct": 0.8819, "Incorrect": 0.1181}], "Trajector": {"Correct": 0.960682557832703, "Incorrect": 0.03931744216729704}}