{"Uniform": [{"Correct": 0.5807, "Incorrect": 0.4193}], "Trajector": {"Correct": 0.942870964904565, "Incorrect": 0.05712903509543495}}