{"Uniform": [{"Correct": 0.9108, "Incorrect": 0.0892}], "Trajector": {"Correct": 0.9736124549212771, "Incorrect": 0.026387545078722843}}