{"Uniform": [{"Correct": 0.6569, "Incorrect": 0.3431}], "Trajector": {"Correct": 0.9836837012929897, "Incorrect": 0.01631629870701029}}