{"Uniform": [{"Correct": 0.9112, "Incorrect": 0.0888}], "Trajector": {"Correct": 0.9739642888556601, "Incorrect": 0.026035711144339873}}