{"Uniform": [{"Correct": 0.9057, "Incorrect": 0.0943}], "Trajector": {"Correct": 0.9419474008268097, "Incorrect": 0.05805259917319026}}