{"Uniform": [{"Correct": 0.5846, "Incorrect": 0.4154}], "Trajector": {"Correct": 0.9338552203360014, "Incorrect": 0.06614477966399859}}