{"Uniform": [{"Correct": 0.9121, "Incorrect": 0.0879}], "Trajector": {"Correct": 0.9671475063769901, "Incorrect": 0.03285249362300994}}