{"Uniform": [{"Correct": 0.5843, "Incorrect": 0.4157}], "Trajector": {"Correct": 0.8546046266162372, "Incorrect": 0.14539537338376288}}