{"Uniform": [{"Correct": 0.9121, "Incorrect": 0.0879}], "Trajector": {"Correct": 0.9575160524232562, "Incorrect": 0.04248394757674378}}