{"Uniform": [{"Correct": 0.912, "Incorrect": 0.088}], "Trajector": {"Correct": 0.9736124549212771, "Incorrect": 0.026387545078722843}}