{"Uniform": [{"Correct": 0.5845, "Incorrect": 0.4155}], "Trajector": {"Correct": 0.9473568475679479, "Incorrect": 0.05264315243205207}}