{"Uniform": [{"Correct": 0.8271, "Incorrect": 0.1729}], "Trajector": {"Correct": 0.6959275222095171, "Incorrect": 0.3040724777904829}}