{"Uniform": [{"Correct": 0.9104, "Incorrect": 0.0896}], "Trajector": {"Correct": 0.9711056381387985, "Incorrect": 0.028894361861201513}}