{"Uniform": [{"Correct": 0.7864, "Incorrect": 0.2136}], "Trajector": {"Correct": 0.9762951886709473, "Incorrect": 0.023704811329052687}}