{"Uniform": [{"Correct": 0.9112, "Incorrect": 0.0888}], "Trajector": {"Correct": 0.9740522473392559, "Incorrect": 0.025947752660744127}}