{"Uniform": [{"Correct": 0.913, "Incorrect": 0.087}], "Trajector": {"Correct": 0.2830064209693025, "Incorrect": 0.7169935790306975}}