{"Uniform": [{"Correct": 0.9119, "Incorrect": 0.0881}], "Trajector": {"Correct": 0.836880992171695, "Incorrect": 0.16311900782830505}}