{"Uniform": [{"Correct": 0.5842, "Incorrect": 0.4158}], "Trajector": {"Correct": 0.9131849766910018, "Incorrect": 0.08681502330899815}}