{"Uniform": [{"Correct": 0.586, "Incorrect": 0.414}], "Trajector": {"Correct": 0.8838068431700238, "Incorrect": 0.11619315682997625}}