{"Uniform": [{"Correct": 0.7946, "Incorrect": 0.2054}], "Trajector": {"Correct": 0.9651684404960859, "Incorrect": 0.03483155950391415}}