{"Uniform": [{"Correct": 0.7602, "Incorrect": 0.2398}], "Trajector": {"Correct": 0.8729439704459495, "Incorrect": 0.1270560295540505}}