{"Uniform": [{"Correct": 0.924, "Incorrect": 0.076}], "Trajector": {"Correct": 0.9063681942123318, "Incorrect": 0.09363180578766822}}