{"Uniform": [{"Correct": 0.8064, "Incorrect": 0.1936}], "Trajector": {"Correct": 0.9671475063769901, "Incorrect": 0.03285249362300994}}