{"Uniform": [{"Correct": 0.7134, "Incorrect": 0.2866}], "Trajector": {"Correct": 0.9810449467851174, "Incorrect": 0.018955053214882576}}