{"Uniform": [{"Correct": 0.8634, "Incorrect": 0.1366}], "Trajector": {"Correct": 0.9818365731374791, "Incorrect": 0.01816342686252089}}