{"Uniform": [{"Correct": 0.6185, "Incorrect": 0.3815}], "Trajector": {"Correct": 0.9476207230187351, "Incorrect": 0.05237927698126484}}