{"Uniform": [{"Correct": 0.782, "Incorrect": 0.218}], "Trajector": {"Correct": 0.9188143196411294, "Incorrect": 0.08118568035887061}}