{"Uniform": [{"Correct": 0.6326, "Incorrect": 0.3674}], "Trajector": {"Correct": 0.9514908962969478, "Incorrect": 0.048509103703052156}}