{"Uniform": [{"Correct": 0.7884, "Incorrect": 0.2116}], "Trajector": {"Correct": 0.9836837012929897, "Incorrect": 0.01631629870701029}}