{"Uniform": [{"Correct": 0.9264, "Incorrect": 0.0736}], "Trajector": {"Correct": 0.977438648957692, "Incorrect": 0.02256135104230803}}