{"Uniform": [{"Correct": 0.5998, "Incorrect": 0.4002}], "Trajector": {"Correct": 0.9549652563989797, "Incorrect": 0.04503474360102032}}