{"Uniform": [{"Correct": 0.9111, "Incorrect": 0.0889}], "Trajector": {"Correct": 0.9782742545518516, "Incorrect": 0.021725745448148474}}