{"Uniform": [{"Correct": 0.7153, "Incorrect": 0.2847}], "Trajector": {"Correct": 0.8501187439528542, "Incorrect": 0.14988125604714575}}