{"Uniform": [{"Correct": 0.7834, "Incorrect": 0.2166}], "Trajector": {"Correct": 0.9595390975459583, "Incorrect": 0.04046090245404169}}