{"Uniform": [{"Correct": 0.7865, "Incorrect": 0.2135}], "Trajector": {"Correct": 0.9481044946785118, "Incorrect": 0.051895505321488254}}