{"Uniform": [{"Correct": 0.9022, "Incorrect": 0.0978}], "Trajector": {"Correct": 0.9723370569091389, "Incorrect": 0.027662943090861113}}