{"Uniform": [{"Correct": 0.7953, "Incorrect": 0.2047}], "Trajector": {"Correct": 0.9506552907027883, "Incorrect": 0.049344709297211714}}