{"Uniform": [{"Correct": 0.7685, "Incorrect": 0.2315}], "Trajector": {"Correct": 0.8355616149177588, "Incorrect": 0.16443838508224118}}