{"Uniform": [{"Correct": 0.9318, "Incorrect": 0.0682}], "Trajector": {"Correct": 0.9744920397572346, "Incorrect": 0.025507960242765415}}