{"Uniform": [{"Correct": 0.8337, "Incorrect": 0.1663}], "Trajector": {"Correct": 0.9795936318057876, "Incorrect": 0.02040636819421233}}