{"Uniform": [{"Correct": 0.9305, "Incorrect": 0.0695}], "Trajector": {"Correct": 0.9867182689770428, "Incorrect": 0.013281731022957164}}