{"Uniform": [{"Correct": 0.8227, "Incorrect": 0.1773}], "Trajector": {"Correct": 0.9072037998064914, "Incorrect": 0.09279620019350866}}