{"Uniform": [{"Correct": 0.8153, "Incorrect": 0.1847}], "Trajector": {"Correct": 0.979153839387809, "Incorrect": 0.020846160612191047}}