{"Uniform": [{"Correct": 0.6577, "Incorrect": 0.3423}], "Trajector": {"Correct": 0.8680622746063857, "Incorrect": 0.1319377253936142}}