{"Uniform": [{"Correct": 0.7928, "Incorrect": 0.2072}], "Trajector": {"Correct": 0.8582549036854604, "Incorrect": 0.14174509631453955}}