{"Uniform": [{"Correct": 0.8562, "Incorrect": 0.1438}], "Trajector": {"Correct": 0.9756355000439793, "Incorrect": 0.024364499956020757}}