{"Uniform": [{"Correct": 0.7619, "Incorrect": 0.2381}], "Trajector": {"Correct": 0.9725569531181283, "Incorrect": 0.027443046881871755}}