{"Uniform": [{"Correct": 0.8329, "Incorrect": 0.1671}], "Trajector": {"Correct": 0.9841234937109684, "Incorrect": 0.01587650628903158}}