{"Uniform": [{"Correct": 0.7472, "Incorrect": 0.2528}], "Trajector": {"Correct": 0.9202656346204592, "Incorrect": 0.07973436537954086}}