{"Uniform": [{"Correct": 0.6964, "Incorrect": 0.3036}], "Trajector": {"Correct": 0.9621338728120328, "Incorrect": 0.03786612718796728}}