{"Uniform": [{"Correct": 0.7677, "Incorrect": 0.2323}], "Trajector": {"Correct": 0.9693024892250858, "Incorrect": 0.03069751077491424}}