{"Uniform": [{"Correct": 0.9214, "Incorrect": 0.0786}], "Trajector": {"Correct": 0.9496437681414373, "Incorrect": 0.05035623185856276}}