{"Uniform": [{"Correct": 0.9078, "Incorrect": 0.0922}], "Trajector": {"Correct": 0.8824874659160876, "Incorrect": 0.11751253408391239}}