{"Uniform": [{"Correct": 0.7559, "Incorrect": 0.2441}], "Trajector": {"Correct": 0.9594511390623626, "Incorrect": 0.04054886093763743}}