{"Uniform": [{"Correct": 0.8012, "Incorrect": 0.1988}], "Trajector": {"Correct": 0.9765150848799367, "Incorrect": 0.02348491512006333}}