{"Uniform": [{"Correct": 0.8122, "Incorrect": 0.1878}], "Trajector": {"Correct": 0.9156478142316826, "Incorrect": 0.08435218576831735}}