{"Uniform": [{"Correct": 0.7649, "Incorrect": 0.2351}], "Trajector": {"Correct": 0.9711056381387985, "Incorrect": 0.028894361861201513}}