{"Uniform": [{"Correct": 0.8785, "Incorrect": 0.1215}], "Trajector": {"Correct": 0.9783622130354472, "Incorrect": 0.021637786964552732}}