{"Uniform": [{"Correct": 0.7654, "Incorrect": 0.2346}], "Trajector": {"Correct": 0.9681150496965433, "Incorrect": 0.03188495030345677}}