{"Uniform": [{"Correct": 0.9062, "Incorrect": 0.0938}], "Trajector": {"Correct": 0.9485003078546926, "Incorrect": 0.05149969214530741}}