{"Uniform": [{"Correct": 0.8023, "Incorrect": 0.1977}], "Trajector": {"Correct": 0.9301609640249802, "Incorrect": 0.0698390359750198}}