{"Uniform": [{"Correct": 0.6908, "Incorrect": 0.3092}], "Trajector": {"Correct": 0.9807810713343302, "Incorrect": 0.019218928665669804}}