{"Uniform": [{"Correct": 0.8065, "Incorrect": 0.1935}], "Trajector": {"Correct": 0.9804732166417451, "Incorrect": 0.019526783358254904}}