{"Uniform": [{"Correct": 0.9172, "Incorrect": 0.0828}], "Trajector": {"Correct": 0.8399155598557481, "Incorrect": 0.1600844401442519}}