{"Uniform": [{"Correct": 0.7835, "Incorrect": 0.2165}], "Trajector": {"Correct": 0.9730407247779048, "Incorrect": 0.02695927522209517}}