{"Uniform": [{"Correct": 0.7895, "Incorrect": 0.2105}], "Trajector": {"Correct": 0.9573401354560648, "Incorrect": 0.042659864543935264}}