{"Uniform": [{"Correct": 0.3548, "Incorrect": 0.6452}], "Trajector": {"Correct": 0.27708710211308263, "Incorrect": 0.7229128978869174}}