{"Uniform": [{"Correct": 0.6532, "Incorrect": 0.3468}], "Trajector": {"Correct": 0.3925945883530272, "Incorrect": 0.6074054116469728}}