{"Uniform": [{"Correct": 0.7395, "Incorrect": 0.2605}], "Trajector": {"Correct": 0.3205804241561141, "Incorrect": 0.6794195758438859}}