{"Uniform": [{"Correct": 0.435, "Incorrect": 0.565}], "Trajector": {"Correct": 0.3403256225703399, "Incorrect": 0.6596743774296602}}