{"Uniform": [{"Correct": 0.6537, "Incorrect": 0.3463}], "Trajector": {"Correct": 0.4876640621992995, "Incorrect": 0.5123359378007005}}