{"Uniform": [{"Correct": 0.7043, "Incorrect": 0.2957}], "Trajector": {"Correct": 0.4198452715445903, "Incorrect": 0.5801547284554097}}