{"Uniform": [{"Correct": 0.7035, "Incorrect": 0.2965}], "Trajector": {"Correct": 0.4522535699164774, "Incorrect": 0.5477464300835225}}