{"Uniform": [{"Correct": 0.4344, "Incorrect": 0.5656}], "Trajector": {"Correct": 0.42619606635618335, "Incorrect": 0.5738039336438167}}