{"Uniform": [{"Correct": 0.5794, "Incorrect": 0.4206}], "Trajector": {"Correct": 0.405565605634887, "Incorrect": 0.5944343943651129}}