{"Uniform": [{"Correct": 0.359, "Incorrect": 0.641}], "Trajector": {"Correct": 0.29590854855471305, "Incorrect": 0.704091451445287}}