{"Uniform": [{"Correct": 0.7045, "Incorrect": 0.2955}], "Trajector": {"Correct": 0.42962164658789115, "Incorrect": 0.5703783534121089}}