{"Uniform": [{"Correct": 0.5789, "Incorrect": 0.4211}], "Trajector": {"Correct": 0.3523343982140795, "Incorrect": 0.6476656017859205}}