{"Uniform": [{"Correct": 0.6517, "Incorrect": 0.3483}], "Trajector": {"Correct": 0.43181555752280515, "Incorrect": 0.5681844424771949}}