{"Uniform": [{"Correct": 0.5798, "Incorrect": 0.4202}], "Trajector": {"Correct": 0.2667718717524345, "Incorrect": 0.7332281282475656}}