{"Uniform": [{"Correct": 0.5822, "Incorrect": 0.4178}], "Trajector": {"Correct": 0.33551441437973906, "Incorrect": 0.6644855856202609}}