{"Uniform": [{"Correct": 0.5776, "Incorrect": 0.4224}], "Trajector": {"Correct": 0.3217351141218583, "Incorrect": 0.6782648858781417}}