{"Uniform": [{"Correct": 0.4351, "Incorrect": 0.5649}], "Trajector": {"Correct": 0.3574535237288788, "Incorrect": 0.6425464762711212}}