{"Uniform": [{"Correct": 0.5511, "Incorrect": 0.4489}], "Trajector": {"Correct": 0.4224625688002771, "Incorrect": 0.5775374311997229}}