{"Uniform": [{"Correct": 0.6529, "Incorrect": 0.3471}], "Trajector": {"Correct": 0.4700357953889381, "Incorrect": 0.529964204611062}}