{"Uniform": [{"Correct": 0.5653, "Incorrect": 0.4347}], "Trajector": {"Correct": 0.43951349062776646, "Incorrect": 0.5604865093722335}}