{"Uniform": [{"Correct": 0.5496, "Incorrect": 0.4504}], "Trajector": {"Correct": 0.3913629190562334, "Incorrect": 0.6086370809437666}}