{"Uniform": [{"Correct": 0.6518, "Incorrect": 0.3482}], "Trajector": {"Correct": 0.41742042261652745, "Incorrect": 0.5825795773834725}}