{"Uniform": [{"Correct": 0.4991, "Incorrect": 0.5009}], "Trajector": {"Correct": 0.4161502636542088, "Incorrect": 0.5838497363457912}}