{"Uniform": [{"Correct": 0.3607, "Incorrect": 0.6393}], "Trajector": {"Correct": 0.32731611562295526, "Incorrect": 0.6726838843770447}}