{"Uniform": [{"Correct": 0.6533, "Incorrect": 0.3467}], "Trajector": {"Correct": 0.45125283861283244, "Incorrect": 0.5487471613871675}}