{"Uniform": [{"Correct": 0.6532, "Incorrect": 0.3468}], "Trajector": {"Correct": 0.47203725799622803, "Incorrect": 0.527962742003772}}