{"Uniform": [{"Correct": 0.7053, "Incorrect": 0.2947}], "Trajector": {"Correct": 0.415726877333436, "Incorrect": 0.5842731226665641}}