{"Uniform": [{"Correct": 0.7031, "Incorrect": 0.2969}], "Trajector": {"Correct": 0.41591932566106, "Incorrect": 0.58408067433894}}