{"Uniform": [{"Correct": 0.2728, "Incorrect": 0.7272}], "Trajector": {"Correct": 0.3009122050729379, "Incorrect": 0.6990877949270621}}