{"Uniform": [{"Correct": 0.4432, "Incorrect": 0.5568}], "Trajector": {"Correct": 0.41865209191332126, "Incorrect": 0.5813479080866787}}