{"Uniform": [{"Correct": 0.5504, "Incorrect": 0.4496}], "Trajector": {"Correct": 0.3732342865940495, "Incorrect": 0.6267657134059506}}