{"Uniform": [{"Correct": 0.7031, "Incorrect": 0.2969}], "Trajector": {"Correct": 0.4311997228744082, "Incorrect": 0.5688002771255918}}