{"Uniform": [{"Correct": 0.5491, "Incorrect": 0.4509}], "Trajector": {"Correct": 0.3973288172125784, "Incorrect": 0.6026711827874216}}