{"Uniform": [{"Correct": 0.6518, "Incorrect": 0.3482}], "Trajector": {"Correct": 0.41387937338824526, "Incorrect": 0.5861206266117548}}