{"Uniform": [{"Correct": 0.7319, "Incorrect": 0.2681}], "Trajector": {"Correct": 0.41480312536084063, "Incorrect": 0.5851968746391594}}