{"Uniform": [{"Correct": 0.6522, "Incorrect": 0.3478}], "Trajector": {"Correct": 0.42388668642469496, "Incorrect": 0.576113313575305}}