{"Uniform": [{"Correct": 0.6528, "Incorrect": 0.3472}], "Trajector": {"Correct": 0.41449520803664214, "Incorrect": 0.5855047919633578}}