{"Uniform": [{"Correct": 0.7324, "Incorrect": 0.2676}], "Trajector": {"Correct": 0.28401524190754784, "Incorrect": 0.7159847580924522}}