{"Uniform": [{"Correct": 0.5794, "Incorrect": 0.4206}], "Trajector": {"Correct": 0.3020284053731573, "Incorrect": 0.6979715946268427}}