{"Uniform": [{"Correct": 0.6524, "Incorrect": 0.3476}], "Trajector": {"Correct": 0.4510988799507332, "Incorrect": 0.5489011200492667}}