{"Uniform": [{"Correct": 0.733, "Incorrect": 0.267}], "Trajector": {"Correct": 0.48858781417189484, "Incorrect": 0.5114121858281051}}