{"Uniform": [{"Correct": 0.435, "Incorrect": 0.565}], "Trajector": {"Correct": 0.44894345868134405, "Incorrect": 0.5510565413186559}}