{"Uniform": [{"Correct": 0.6568, "Incorrect": 0.3432}], "Trajector": {"Correct": 0.44959778299526576, "Incorrect": 0.5504022170047342}}