{"Uniform": [{"Correct": 0.4979, "Incorrect": 0.5021}], "Trajector": {"Correct": 0.3258150186674878, "Incorrect": 0.6741849813325123}}