{"Uniform": [{"Correct": 0.6526, "Incorrect": 0.3474}], "Trajector": {"Correct": 0.4181902159270236, "Incorrect": 0.5818097840729765}}