{"Uniform": [{"Correct": 0.5796, "Incorrect": 0.4204}], "Trajector": {"Correct": 0.3513721565759594, "Incorrect": 0.6486278434240407}}