{"Uniform": [{"Correct": 0.4895, "Incorrect": 0.5105}], "Trajector": {"Correct": 0.43420191678534314, "Incorrect": 0.5657980832146569}}