{"Uniform": [{"Correct": 0.6528, "Incorrect": 0.3472}], "Trajector": {"Correct": 0.4619529656287287, "Incorrect": 0.5380470343712713}}