{"Uniform": [{"Correct": 0.6335, "Incorrect": 0.3665}], "Trajector": {"Correct": 0.26962010700127015, "Incorrect": 0.7303798929987299}}