{"Uniform": [{"Correct": 0.578, "Incorrect": 0.422}], "Trajector": {"Correct": 0.2697355759978446, "Incorrect": 0.7302644240021554}}