{"Uniform": [{"Correct": 0.7041, "Incorrect": 0.2959}], "Trajector": {"Correct": 0.40602748162118474, "Incorrect": 0.5939725183788153}}