{"Uniform": [{"Correct": 0.6527, "Incorrect": 0.3473}], "Trajector": {"Correct": 0.4186905815788461, "Incorrect": 0.5813094184211539}}