{"Uniform": [{"Correct": 0.6536, "Incorrect": 0.3464}], "Trajector": {"Correct": 0.4082213925560987, "Incorrect": 0.5917786074439013}}