{"Uniform": [{"Correct": 0.6489, "Incorrect": 0.3511}], "Trajector": {"Correct": 0.34771563835110275, "Incorrect": 0.6522843616488972}}