{"Uniform": [{"Correct": 0.7044, "Incorrect": 0.2956}], "Trajector": {"Correct": 0.4446326161425657, "Incorrect": 0.5553673838574342}}