{"Uniform": [{"Correct": 0.7036, "Incorrect": 0.2964}], "Trajector": {"Correct": 0.4234633001039221, "Incorrect": 0.5765366998960779}}