{"Uniform": [{"Correct": 0.733, "Incorrect": 0.267}], "Trajector": {"Correct": 0.31988761017666756, "Incorrect": 0.6801123898233324}}