{"Uniform": [{"Correct": 0.6524, "Incorrect": 0.3476}], "Trajector": {"Correct": 0.42584965936646013, "Incorrect": 0.5741503406335399}}