{"Uniform": [{"Correct": 0.6546, "Incorrect": 0.3454}], "Trajector": {"Correct": 0.43962895962434084, "Incorrect": 0.5603710403756591}}