{"Uniform": [{"Correct": 0.7354, "Incorrect": 0.2646}], "Trajector": {"Correct": 0.44297756052499904, "Incorrect": 0.557022439475001}}