{"Uniform": [{"Correct": 0.7344, "Incorrect": 0.2656}], "Trajector": {"Correct": 0.3902082290904892, "Incorrect": 0.6097917709095108}}