{"Uniform": [{"Correct": 0.5791, "Incorrect": 0.4209}], "Trajector": {"Correct": 0.29998845310034256, "Incorrect": 0.7000115468996574}}