{"Uniform": [{"Correct": 0.3366, "Incorrect": 0.6634}], "Trajector": {"Correct": 0.40348716369654747, "Incorrect": 0.5965128363034525}}