{"Uniform": [{"Correct": 0.6532, "Incorrect": 0.3468}], "Trajector": {"Correct": 0.43666525537893075, "Incorrect": 0.5633347446210692}}