{"Uniform": [{"Correct": 0.734, "Incorrect": 0.266}], "Trajector": {"Correct": 0.3518725222277818, "Incorrect": 0.6481274777722181}}