{"Uniform": [{"Correct": 0.6547, "Incorrect": 0.3453}], "Trajector": {"Correct": 0.43832031099649743, "Incorrect": 0.5616796890035025}}