{"Uniform": [{"Correct": 0.7027, "Incorrect": 0.2973}], "Trajector": {"Correct": 0.4131865594087987, "Incorrect": 0.5868134405912012}}