{"Uniform": [{"Correct": 0.5491, "Incorrect": 0.4509}], "Trajector": {"Correct": 0.37369616258034716, "Incorrect": 0.6263038374196528}}