{"Uniform": [{"Correct": 0.703, "Incorrect": 0.297}], "Trajector": {"Correct": 0.4341634271198183, "Incorrect": 0.5658365728801816}}