{"Uniform": [{"Correct": 0.5786, "Incorrect": 0.4214}], "Trajector": {"Correct": 0.2796659097032447, "Incorrect": 0.7203340902967553}}