{"Uniform": [{"Correct": 0.549, "Incorrect": 0.451}], "Trajector": {"Correct": 0.39055463608021246, "Incorrect": 0.6094453639197875}}