{"Uniform": [{"Correct": 0.5499, "Incorrect": 0.4501}], "Trajector": {"Correct": 0.38458873792386744, "Incorrect": 0.6154112620761325}}