{"Uniform": [{"Correct": 0.6197, "Incorrect": 0.3803}], "Trajector": {"Correct": 0.2546091374465956, "Incorrect": 0.7453908625534044}}