{"Uniform": [{"Correct": 0.5514, "Incorrect": 0.4486}], "Trajector": {"Correct": 0.4031022670412994, "Incorrect": 0.5968977329587006}}