{"Uniform": [{"Correct": 0.7049, "Incorrect": 0.2951}], "Trajector": {"Correct": 0.4210384511758593, "Incorrect": 0.5789615488241407}}