{"Uniform": [{"Correct": 0.7048, "Incorrect": 0.2952}], "Trajector": {"Correct": 0.42434856241099267, "Incorrect": 0.5756514375890074}}