{"Uniform": [{"Correct": 0.3651, "Incorrect": 0.6349}], "Trajector": {"Correct": 0.37065547900388746, "Incorrect": 0.6293445209961125}}