{"Uniform": [{"Correct": 0.733, "Incorrect": 0.267}], "Trajector": {"Correct": 0.3778915361225511, "Incorrect": 0.6221084638774489}}