{"Uniform": [{"Correct": 0.7328, "Incorrect": 0.2672}], "Trajector": {"Correct": 0.42577268003541047, "Incorrect": 0.5742273199645895}}