{"Uniform": [{"Correct": 0.578, "Incorrect": 0.422}], "Trajector": {"Correct": 0.2907124437088642, "Incorrect": 0.7092875562911358}}