{"Uniform": [{"Correct": 0.7041, "Incorrect": 0.2959}], "Trajector": {"Correct": 0.4316615988607059, "Incorrect": 0.5683384011392941}}