{"Uniform": [{"Correct": 0.5491, "Incorrect": 0.4509}], "Trajector": {"Correct": 0.3942111543050691, "Incorrect": 0.605788845694931}}