{"Uniform": [{"Correct": 0.5821, "Incorrect": 0.4179}], "Trajector": {"Correct": 0.3788922674261961, "Incorrect": 0.6211077325738039}}