{"Uniform": [{"Correct": 0.5819, "Incorrect": 0.4181}], "Trajector": {"Correct": 0.3425195335052538, "Incorrect": 0.6574804664947461}}