{"Uniform": [{"Correct": 0.7074, "Incorrect": 0.2926}], "Trajector": {"Correct": 0.42096147184480964, "Incorrect": 0.5790385281551903}}