{"Uniform": [{"Correct": 0.5156, "Incorrect": 0.4844}], "Trajector": {"Correct": 0.393633809322197, "Incorrect": 0.6063661906778031}}