{"Uniform": [{"Correct": 0.5506, "Incorrect": 0.4494}], "Trajector": {"Correct": 0.31161233208883415, "Incorrect": 0.6883876679111659}}