{"Uniform": [{"Correct": 0.7335, "Incorrect": 0.2665}], "Trajector": {"Correct": 0.4838535853123436, "Incorrect": 0.5161464146876563}}