{"Uniform": [{"Correct": 0.7356, "Incorrect": 0.2644}], "Trajector": {"Correct": 0.4469035064085293, "Incorrect": 0.5530964935914707}}