{"Uniform": [{"Correct": 0.7307, "Incorrect": 0.2693}], "Trajector": {"Correct": 0.435818482737385, "Incorrect": 0.564181517262615}}