{"Uniform": [{"Correct": 0.361, "Incorrect": 0.639}], "Trajector": {"Correct": 0.3018359570455333, "Incorrect": 0.6981640429544668}}