{"Uniform": [{"Correct": 0.7355, "Incorrect": 0.2645}], "Trajector": {"Correct": 0.40621992994880873, "Incorrect": 0.5937800700511913}}