{"Uniform": [{"Correct": 0.5005, "Incorrect": 0.4995}], "Trajector": {"Correct": 0.3071475308879566, "Incorrect": 0.6928524691120435}}