{"Uniform": [{"Correct": 0.7046, "Incorrect": 0.2954}], "Trajector": {"Correct": 0.46483969054308916, "Incorrect": 0.5351603094569108}}