{"Uniform": [{"Correct": 0.6524, "Incorrect": 0.3476}], "Trajector": {"Correct": 0.46229937261845194, "Incorrect": 0.537700627381548}}