{"Uniform": [{"Correct": 0.5788, "Incorrect": 0.4212}], "Trajector": {"Correct": 0.31684692660020786, "Incorrect": 0.6831530733997921}}