{"Uniform": [{"Correct": 0.578, "Incorrect": 0.422}], "Trajector": {"Correct": 0.3153458296447404, "Incorrect": 0.6846541703552597}}