{"Uniform": [{"Correct": 0.5511, "Incorrect": 0.4489}], "Trajector": {"Correct": 0.39979215580616606, "Incorrect": 0.600207844193834}}