{"Uniform": [{"Correct": 0.5821, "Incorrect": 0.4179}], "Trajector": {"Correct": 0.40290981871367537, "Incorrect": 0.5970901812863246}}