{"Uniform": [{"Correct": 0.6205, "Incorrect": 0.3795}], "Trajector": {"Correct": 0.26496285747276854, "Incorrect": 0.7350371425272314}}