{"Uniform": [{"Correct": 0.9117, "Incorrect": 0.0883}], "Trajector": {"Correct": 0.976734981088926, "Incorrect": 0.02326501891107397}}