{"Uniform": [{"Correct": 0.9079, "Incorrect": 0.0921}], "Trajector": {"Correct": 0.9366259125692673, "Incorrect": 0.0633740874307327}}