{"Uniform": [{"Correct": 0.8923, "Incorrect": 0.1077}], "Trajector": {"Correct": 0.7044155158765063, "Incorrect": 0.2955844841234937}}