{"Uniform": [{"Correct": 0.7903, "Incorrect": 0.2097}], "Trajector": {"Correct": 0.968862696807107, "Incorrect": 0.031137303192892953}}