{"Uniform": [{"Correct": 0.7859, "Incorrect": 0.2141}], "Trajector": {"Correct": 0.9841674729527663, "Incorrect": 0.015832527047233706}}