{"Uniform": [{"Correct": 0.7983, "Incorrect": 0.2017}], "Trajector": {"Correct": 0.9711496173805964, "Incorrect": 0.02885038261940364}}