{"Uniform": [{"Correct": 0.9032, "Incorrect": 0.0968}], "Trajector": {"Correct": 0.9044770868150233, "Incorrect": 0.09552291318497669}}