{"Uniform": [{"Correct": 0.8086, "Incorrect": 0.1914}], "Trajector": {"Correct": 0.9782302753100537, "Incorrect": 0.021769724689946344}}