{"Uniform": [{"Correct": 0.5841, "Incorrect": 0.4159}], "Trajector": {"Correct": 0.46055062010730935, "Incorrect": 0.5394493798926906}}