{"Uniform": [{"Correct": 0.9106, "Incorrect": 0.0894}], "Trajector": {"Correct": 0.9731726625032985, "Incorrect": 0.026827337496701558}}