{"Uniform": [{"Correct": 0.9123, "Incorrect": 0.0877}], "Trajector": {"Correct": 0.7221831295628464, "Incorrect": 0.27781687043715364}}