{"Uniform": [{"Correct": 0.7187, "Incorrect": 0.2813}], "Trajector": {"Correct": 0.9499956020758202, "Incorrect": 0.05000439792417979}}