{"Uniform": [{"Correct": 0.5846, "Incorrect": 0.4154}], "Trajector": {"Correct": 0.9353944937989269, "Incorrect": 0.0646055062010731}}