{"Uniform": [{"Correct": 0.728, "Incorrect": 0.272}], "Trajector": {"Correct": 0.9484563286128948, "Incorrect": 0.051543671387105285}}