{"Uniform": [{"Correct": 0.9111, "Incorrect": 0.0889}], "Trajector": {"Correct": 0.9740962265810538, "Incorrect": 0.025903773418946258}}