{"Uniform": [{"Correct": 0.9118, "Incorrect": 0.0882}], "Trajector": {"Correct": 0.9771307942651069, "Incorrect": 0.02286920573489313}}