{"Uniform": [{"Correct": 0.7482, "Incorrect": 0.2518}], "Trajector": {"Correct": 0.9423871932447885, "Incorrect": 0.05761280675521154}}