{"Uniform": [{"Correct": 0.9084, "Incorrect": 0.0916}], "Trajector": {"Correct": 0.9595830767877562, "Incorrect": 0.04041692321224382}}