{"Uniform": [{"Correct": 0.7899, "Incorrect": 0.2101}], "Trajector": {"Correct": 0.9780103791010643, "Incorrect": 0.0219896208989357}}