{"Uniform": [{"Correct": 0.7932, "Incorrect": 0.2068}], "Trajector": {"Correct": 0.9826281994898408, "Incorrect": 0.017371800510159206}}