{"Uniform": [{"Correct": 0.9118, "Incorrect": 0.0882}], "Trajector": {"Correct": 0.9749758114170112, "Incorrect": 0.02502418858298883}}