{"Uniform": [{"Correct": 0.9101, "Incorrect": 0.0899}], "Trajector": {"Correct": 0.9707538042044155, "Incorrect": 0.029246195795584483}}