{"Uniform": [{"Correct": 0.912, "Incorrect": 0.088}], "Trajector": {"Correct": 0.9714574720731814, "Incorrect": 0.02854252792681854}}