{"Uniform": [{"Correct": 0.8128, "Incorrect": 0.1872}], "Trajector": {"Correct": 0.9126572257894274, "Incorrect": 0.08734277421057261}}