{"Uniform": [{"Correct": 0.9121, "Incorrect": 0.0879}], "Trajector": {"Correct": 0.9657401706394582, "Incorrect": 0.034259829360541824}}