{"Uniform": [{"Correct": 0.9107, "Incorrect": 0.0893}], "Trajector": {"Correct": 0.972952766294309, "Incorrect": 0.027047233705690912}}