{"Uniform": [{"Correct": 0.8077, "Incorrect": 0.1923}], "Trajector": {"Correct": 0.9668836309262029, "Incorrect": 0.03311636907379717}}