{"Uniform": [{"Correct": 0.9121, "Incorrect": 0.0879}], "Trajector": {"Correct": 0.960682557832703, "Incorrect": 0.03931744216729704}}