{"Uniform": [{"Correct": 0.9119, "Incorrect": 0.0881}], "Trajector": {"Correct": 0.5668924267745624, "Incorrect": 0.4331075732254376}}