{"Uniform": [{"Correct": 0.9107, "Incorrect": 0.0893}], "Trajector": {"Correct": 0.9715014513149793, "Incorrect": 0.02849854868502067}}