{"Uniform": [{"Correct": 0.7416, "Incorrect": 0.2584}], "Trajector": {"Correct": 0.9469170551499693, "Incorrect": 0.05308294485003079}}