{"Uniform": [{"Correct": 0.9118, "Incorrect": 0.0882}], "Trajector": {"Correct": 0.8027970797783446, "Incorrect": 0.1972029202216554}}