{"Uniform": [{"Correct": 0.808, "Incorrect": 0.192}], "Trajector": {"Correct": 0.9774826281994898, "Incorrect": 0.02251737180051016}}