{"Uniform": [{"Correct": 0.5846, "Incorrect": 0.4154}], "Trajector": {"Correct": 0.9450259477526607, "Incorrect": 0.054974052247339256}}