{"Uniform": [{"Correct": 0.7812, "Incorrect": 0.2188}], "Trajector": {"Correct": 0.8692497141349284, "Incorrect": 0.13075028586507167}}