{"Uniform": [{"Correct": 0.7705, "Incorrect": 0.2295}], "Trajector": {"Correct": 0.49217169495997887, "Incorrect": 0.5078283050400211}}