{"Uniform": [{"Correct": 0.9111, "Incorrect": 0.0889}], "Trajector": {"Correct": 0.9765150848799367, "Incorrect": 0.02348491512006333}}