{"Uniform": [{"Correct": 0.8254, "Incorrect": 0.1746}], "Trajector": {"Correct": 0.9769108980561175, "Incorrect": 0.023089101943882487}}