{"Uniform": [{"Correct": 0.778, "Incorrect": 0.222}], "Trajector": {"Correct": 0.836177324302929, "Incorrect": 0.16382267569707099}}