{"Uniform": [{"Correct": 0.5841, "Incorrect": 0.4159}], "Trajector": {"Correct": 0.7925938956812385, "Incorrect": 0.20740610431876155}}