{"Uniform": [{"Correct": 0.8089, "Incorrect": 0.1911}], "Trajector": {"Correct": 0.9772187527487026, "Incorrect": 0.022781247251297387}}