{"Uniform": [{"Correct": 0.5844, "Incorrect": 0.4156}], "Trajector": {"Correct": 0.9438385082241182, "Incorrect": 0.05616149177588178}}