{"Uniform": [{"Correct": 0.912, "Incorrect": 0.088}], "Trajector": {"Correct": 0.8787932096050665, "Incorrect": 0.1212067903949336}}