{"Uniform": [{"Correct": 0.8738, "Incorrect": 0.1262}], "Trajector": {"Correct": 0.9804732166417451, "Incorrect": 0.019526783358254904}}