{"Uniform": [{"Correct": 0.7852, "Incorrect": 0.2148}], "Trajector": {"Correct": 0.970270032544639, "Incorrect": 0.02972996745536107}}