{"Uniform": [{"Correct": 0.8416, "Incorrect": 0.1584}], "Trajector": {"Correct": 0.8921628991116193, "Incorrect": 0.10783710088838068}}