{"Uniform": [{"Correct": 0.8054, "Incorrect": 0.1946}], "Trajector": {"Correct": 0.8738675345237048, "Incorrect": 0.1261324654762952}}