{"Uniform": [{"Correct": 0.5857, "Incorrect": 0.4143}], "Trajector": {"Correct": 0.934998680622746, "Incorrect": 0.06500131937725394}}