{"Uniform": [{"Correct": 0.9119, "Incorrect": 0.0881}], "Trajector": {"Correct": 0.822499780103791, "Incorrect": 0.17750021989620898}}