{"Uniform": [{"Correct": 0.912, "Incorrect": 0.088}], "Trajector": {"Correct": 0.9024100624505234, "Incorrect": 0.09758993754947665}}