{"Uniform": [{"Correct": 0.9121, "Incorrect": 0.0879}], "Trajector": {"Correct": 0.7921101240214619, "Incorrect": 0.20788987597853814}}