{"Uniform": [{"Correct": 0.8688, "Incorrect": 0.1312}], "Trajector": {"Correct": 0.9547893394317882, "Incorrect": 0.045210660568211804}}