{"Uniform": [{"Correct": 0.9093, "Incorrect": 0.0907}], "Trajector": {"Correct": 0.9054006508927787, "Incorrect": 0.0945993491072214}}