{"Uniform": [{"Correct": 0.8597, "Incorrect": 0.1403}], "Trajector": {"Correct": 0.982892074940628, "Incorrect": 0.017107925059371976}}