{"Uniform": [{"Correct": 0.5844, "Incorrect": 0.4156}], "Trajector": {"Correct": 0.9444102383674905, "Incorrect": 0.055589761632509456}}