{"Uniform": [{"Correct": 0.5845, "Incorrect": 0.4155}], "Trajector": {"Correct": 0.8662151464508752, "Incorrect": 0.1337848535491248}}