{"Uniform": [{"Correct": 0.912, "Incorrect": 0.088}], "Trajector": {"Correct": 0.9772627319905005, "Incorrect": 0.022737268009499517}}