{"Uniform": [{"Correct": 0.7621, "Incorrect": 0.2379}], "Trajector": {"Correct": 0.9718093060075644, "Incorrect": 0.02819069399243557}}