{"Uniform": [{"Correct": 0.9094, "Incorrect": 0.0906}], "Trajector": {"Correct": 0.9674113818277773, "Incorrect": 0.03258861817222271}}