{"Uniform": [{"Correct": 0.9121, "Incorrect": 0.0879}], "Trajector": {"Correct": 0.9469170551499693, "Incorrect": 0.05308294485003079}}