{"Uniform": [{"Correct": 0.8484, "Incorrect": 0.1516}], "Trajector": {"Correct": 0.9848711408215323, "Incorrect": 0.015128859178467763}}