{"Uniform": [{"Correct": 0.9118, "Incorrect": 0.0882}], "Trajector": {"Correct": 0.8116369073797167, "Incorrect": 0.18836309262028322}}