{"Uniform": [{"Correct": 0.811, "Incorrect": 0.189}], "Trajector": {"Correct": 0.9785381300026388, "Incorrect": 0.021461869997361247}}