{"Uniform": [{"Correct": 0.9102, "Incorrect": 0.0898}], "Trajector": {"Correct": 0.9703140117864368, "Incorrect": 0.0296859882135632}}