{"Uniform": [{"Correct": 0.7855, "Incorrect": 0.2145}], "Trajector": {"Correct": 0.9805611751253408, "Incorrect": 0.01943882487465916}}