{"Uniform": [{"Correct": 0.9098, "Incorrect": 0.0902}], "Trajector": {"Correct": 0.9685988213563198, "Incorrect": 0.03140117864368018}}