{"Uniform": [{"Correct": 0.7956, "Incorrect": 0.2044}], "Trajector": {"Correct": 0.9817925938956812, "Incorrect": 0.01820740610431876}}