{"Uniform": [{"Correct": 0.9108, "Incorrect": 0.0892}], "Trajector": {"Correct": 0.9748438736916175, "Incorrect": 0.025156126308382442}}