{"Uniform": [{"Correct": 0.9108, "Incorrect": 0.0892}], "Trajector": {"Correct": 0.9760313132201601, "Incorrect": 0.023968686779839914}}