{"Uniform": [{"Correct": 0.8295, "Incorrect": 0.1705}], "Trajector": {"Correct": 0.9768229395725218, "Incorrect": 0.02317706042747823}}