{"Uniform": [{"Correct": 0.9118, "Incorrect": 0.0882}], "Trajector": {"Correct": 0.6064297651508488, "Incorrect": 0.3935702348491512}}