{"Uniform": [{"Correct": 0.9109, "Incorrect": 0.0891}], "Trajector": {"Correct": 0.9762512094291494, "Incorrect": 0.02374879057085056}}