{"Uniform": [{"Correct": 0.5842, "Incorrect": 0.4158}], "Trajector": {"Correct": 0.946961034391767, "Incorrect": 0.053038965608232916}}