{"Uniform": [{"Correct": 0.689, "Incorrect": 0.311}], "Trajector": {"Correct": 0.9811329052687132, "Incorrect": 0.018867094731286834}}