{"Uniform": [{"Correct": 0.7806, "Incorrect": 0.2194}], "Trajector": {"Correct": 0.9765150848799367, "Incorrect": 0.02348491512006333}}