{"Uniform": [{"Correct": 0.7987, "Incorrect": 0.2013}], "Trajector": {"Correct": 0.9555809657841499, "Incorrect": 0.04441903421585012}}