{"Uniform": [{"Correct": 0.8112, "Incorrect": 0.1888}], "Trajector": {"Correct": 0.9806491336089366, "Incorrect": 0.01935086639106342}}