{"Uniform": [{"Correct": 0.9095, "Incorrect": 0.0905}], "Trajector": {"Correct": 0.9678951534875538, "Incorrect": 0.03210484651244613}}