{"Uniform": [{"Correct": 0.6551, "Incorrect": 0.3449}], "Trajector": {"Correct": 0.8097457999824083, "Incorrect": 0.1902542000175917}}