{"Uniform": [{"Correct": 0.8045, "Incorrect": 0.1955}], "Trajector": {"Correct": 0.9783622130354472, "Incorrect": 0.021637786964552732}}