{"Uniform": [{"Correct": 0.7739, "Incorrect": 0.2261}], "Trajector": {"Correct": 0.9744480605154368, "Incorrect": 0.025551939484563285}}