{"Uniform": [{"Correct": 0.7358, "Incorrect": 0.2642}], "Trajector": {"Correct": 0.6633828832790922, "Incorrect": 0.3366171167209077}}