{"Uniform": [{"Correct": 0.9119, "Incorrect": 0.0881}], "Trajector": {"Correct": 0.9276101680007036, "Incorrect": 0.07238983199929633}}