{"Uniform": [{"Correct": 0.912, "Incorrect": 0.088}], "Trajector": {"Correct": 0.9184624857067464, "Incorrect": 0.08153751429325358}}