{"Uniform": [{"Correct": 0.9118, "Incorrect": 0.0882}], "Trajector": {"Correct": 0.8100536546749934, "Incorrect": 0.1899463453250066}}