{"Uniform": [{"Correct": 0.5844, "Incorrect": 0.4156}], "Trajector": {"Correct": 0.9403201688802885, "Incorrect": 0.05967983111971149}}