{"Uniform": [{"Correct": 0.9109, "Incorrect": 0.0891}], "Trajector": {"Correct": 0.9756355000439793, "Incorrect": 0.024364499956020757}}