{"Uniform": [{"Correct": 0.7822, "Incorrect": 0.2178}], "Trajector": {"Correct": 0.9694784061922772, "Incorrect": 0.030521593807722756}}