{"Uniform": [{"Correct": 0.861, "Incorrect": 0.139}], "Trajector": {"Correct": 0.9704899287536283, "Incorrect": 0.029510071246371714}}