{"Uniform": [{"Correct": 0.8151, "Incorrect": 0.1849}], "Trajector": {"Correct": 0.9906764007388512, "Incorrect": 0.009323599261148738}}