{"Uniform": [{"Correct": 0.7878, "Incorrect": 0.2122}], "Trajector": {"Correct": 0.9896648781775003, "Incorrect": 0.01033512182249978}}