{"Uniform": [{"Correct": 0.8562, "Incorrect": 0.1438}], "Trajector": {"Correct": 0.9675433195531709, "Incorrect": 0.032456680446829096}}