{"Uniform": [{"Correct": 0.7968, "Incorrect": 0.2032}], "Trajector": {"Correct": 0.9675433195531709, "Incorrect": 0.032456680446829096}}