{"Uniform": [{"Correct": 0.7261, "Incorrect": 0.2739}], "Trajector": {"Correct": 0.9717213475239687, "Incorrect": 0.028278652476031313}}