{"Uniform": [{"Correct": 0.9358, "Incorrect": 0.0642}], "Trajector": {"Correct": 0.9884774386489577, "Incorrect": 0.011522561351042309}}