{"Uniform": [{"Correct": 0.9028, "Incorrect": 0.0972}], "Trajector": {"Correct": 0.9879936669891811, "Incorrect": 0.012006333010818894}}