{"Uniform": [{"Correct": 0.8104, "Incorrect": 0.1896}], "Trajector": {"Correct": 0.9849590993051279, "Incorrect": 0.01504090069487202}}