{"Uniform": [{"Correct": 0.8025, "Incorrect": 0.1975}], "Trajector": {"Correct": 0.9776145659248835, "Incorrect": 0.022385434075116544}}