{"Uniform": [{"Correct": 0.7773, "Incorrect": 0.2227}], "Trajector": {"Correct": 0.9851350162723195, "Incorrect": 0.014864983727680536}}