{"Uniform": [{"Correct": 0.7839, "Incorrect": 0.2161}], "Trajector": {"Correct": 0.9822763655554578, "Incorrect": 0.017723634444542176}}