{"Uniform": [{"Correct": 0.813, "Incorrect": 0.187}], "Trajector": {"Correct": 0.9872899991204152, "Incorrect": 0.012710000879584836}}