{"Uniform": [{"Correct": 0.8795, "Incorrect": 0.1205}], "Trajector": {"Correct": 0.9885214178907555, "Incorrect": 0.011478582109244437}}