{"Uniform": [{"Correct": 0.9303, "Incorrect": 0.0697}], "Trajector": {"Correct": 0.9733925587122878, "Incorrect": 0.0266074412877122}}