{"Uniform": [{"Correct": 0.8083, "Incorrect": 0.1917}], "Trajector": {"Correct": 0.9884774386489577, "Incorrect": 0.011522561351042309}}