{"Uniform": [{"Correct": 0.8235, "Incorrect": 0.1765}], "Trajector": {"Correct": 0.9836837012929897, "Incorrect": 0.01631629870701029}}