{"Uniform": [{"Correct": 0.8219, "Incorrect": 0.1781}], "Trajector": {"Correct": 0.9807810713343302, "Incorrect": 0.019218928665669804}}