{"Uniform": [{"Correct": 0.9188, "Incorrect": 0.0812}], "Trajector": {"Correct": 0.9871140821532237, "Incorrect": 0.012885917846776321}}