{"Uniform": [{"Correct": 0.9191, "Incorrect": 0.0809}], "Trajector": {"Correct": 0.9691705514996921, "Incorrect": 0.030829448500307853}}