{"Uniform": [{"Correct": 0.822, "Incorrect": 0.178}], "Trajector": {"Correct": 0.9807810713343302, "Incorrect": 0.019218928665669804}}