{"Uniform": [{"Correct": 0.3369, "Incorrect": 0.6631}], "Trajector": {"Correct": 0.409953427504715, "Incorrect": 0.590046572495285}}