{"Uniform": [{"Correct": 0.2974, "Incorrect": 0.7026}], "Trajector": {"Correct": 0.34194218852238173, "Incorrect": 0.6580578114776182}}