{"Uniform": [{"Correct": 0.5795, "Incorrect": 0.4205}], "Trajector": {"Correct": 0.28574727685616413, "Incorrect": 0.7142527231438359}}