{"Uniform": [{"Correct": 0.116, "Incorrect": 0.884}], "Trajector": {"Correct": 0.3394403602632693, "Incorrect": 0.6605596397367307}}