{"Uniform": [{"Correct": 0.4978, "Incorrect": 0.5022}], "Trajector": {"Correct": 0.5437050152034179, "Incorrect": 0.4562949847965821}}