{"Uniform": [{"Correct": 0.5063, "Incorrect": 0.4937}], "Trajector": {"Correct": 0.43420191678534314, "Incorrect": 0.5657980832146569}}