{"Uniform": [{"Correct": 0.5473, "Incorrect": 0.4527}], "Trajector": {"Correct": 0.4046803433278165, "Incorrect": 0.5953196566721836}}