{"Uniform": [{"Correct": 0.4838, "Incorrect": 0.5162}], "Trajector": {"Correct": 0.4637234902428698, "Incorrect": 0.5362765097571303}}