{"Uniform": [{"Correct": 0.374, "Incorrect": 0.626}], "Trajector": {"Correct": 0.38212539933027984, "Incorrect": 0.6178746006697202}}