{"Uniform": [{"Correct": 0.1902, "Incorrect": 0.8098}], "Trajector": {"Correct": 0.2115007120588122, "Incorrect": 0.7884992879411878}}