{"Uniform": [{"Correct": 0.5276, "Incorrect": 0.4724}], "Trajector": {"Correct": 0.4345483237750664, "Incorrect": 0.5654516762249336}}