{"Uniform": [{"Correct": 0.1893, "Incorrect": 0.8107}], "Trajector": {"Correct": 0.2978330318309534, "Incorrect": 0.7021669681690466}}