{"Uniform": [{"Correct": 0.4978, "Incorrect": 0.5022}], "Trajector": {"Correct": 0.39274854701512646, "Incorrect": 0.6072514529848736}}