{"Uniform": [{"Correct": 0.3514, "Incorrect": 0.6486}], "Trajector": {"Correct": 0.27597090181286327, "Incorrect": 0.7240290981871368}}