{"Uniform": [{"Correct": 0.3005, "Incorrect": 0.6995}], "Trajector": {"Correct": 0.29821792848620143, "Incorrect": 0.7017820715137986}}