{"Uniform": [{"Correct": 0.1985, "Incorrect": 0.8015}], "Trajector": {"Correct": 0.2698125553288942, "Incorrect": 0.7301874446711059}}