{"Uniform": [{"Correct": 0.267, "Incorrect": 0.733}], "Trajector": {"Correct": 0.2799738270274431, "Incorrect": 0.7200261729725569}}