{"Uniform": [{"Correct": 0.7048, "Incorrect": 0.2952}], "Trajector": {"Correct": 0.47523190023478695, "Incorrect": 0.524768099765213}}