{"Uniform": [{"Correct": 0.448, "Incorrect": 0.552}], "Trajector": {"Correct": 0.4870867172164274, "Incorrect": 0.5129132827835726}}