{"Uniform": [{"Correct": 0.5318, "Incorrect": 0.4682}], "Trajector": {"Correct": 0.4537546668719449, "Incorrect": 0.5462453331280551}}