{"Uniform": [{"Correct": 0.6205, "Incorrect": 0.3795}], "Trajector": {"Correct": 0.4606828066664101, "Incorrect": 0.53931719333359}}