{"Uniform": [{"Correct": 0.4924, "Incorrect": 0.5076}], "Trajector": {"Correct": 0.4170740156268042, "Incorrect": 0.5829259843731958}}