{"Uniform": [{"Correct": 0.5637, "Incorrect": 0.4363}], "Trajector": {"Correct": 0.4091836341942188, "Incorrect": 0.5908163658057811}}