{"Uniform": [{"Correct": 0.3643, "Incorrect": 0.6357}], "Trajector": {"Correct": 0.31292098071667757, "Incorrect": 0.6870790192833224}}