{"Uniform": [{"Correct": 0.7313, "Incorrect": 0.2687}], "Trajector": {"Correct": 0.36861552673107273, "Incorrect": 0.6313844732689273}}