{"Uniform": [{"Correct": 0.5275, "Incorrect": 0.4725}], "Trajector": {"Correct": 0.4219622031484546, "Incorrect": 0.5780377968515453}}