{"Uniform": [{"Correct": 0.332, "Incorrect": 0.668}], "Trajector": {"Correct": 0.2857087871906393, "Incorrect": 0.7142912128093607}}