{"Uniform": [{"Correct": 0.369, "Incorrect": 0.631}], "Trajector": {"Correct": 0.3598783726569416, "Incorrect": 0.6401216273430584}}