{"Uniform": [{"Correct": 0.2417, "Incorrect": 0.7583}], "Trajector": {"Correct": 0.25268465417035524, "Incorrect": 0.7473153458296448}}