{"Uniform": [{"Correct": 0.5227, "Incorrect": 0.4773}], "Trajector": {"Correct": 0.425272314383588, "Incorrect": 0.574727685616412}}