{"Uniform": [{"Correct": 0.3457, "Incorrect": 0.6543}], "Trajector": {"Correct": 0.32619991532273585, "Incorrect": 0.6738000846772642}}