{"Uniform": [{"Correct": 0.4996, "Incorrect": 0.5004}], "Trajector": {"Correct": 0.4013317424271583, "Incorrect": 0.5986682575728417}}