{"Uniform": [{"Correct": 0.3474, "Incorrect": 0.6526}], "Trajector": {"Correct": 0.3617643662676571, "Incorrect": 0.6382356337323428}}