{"Uniform": [{"Correct": 0.6516, "Incorrect": 0.3484}], "Trajector": {"Correct": 0.40325622570339864, "Incorrect": 0.5967437742966014}}