{"Uniform": [{"Correct": 0.5299, "Incorrect": 0.4701}], "Trajector": {"Correct": 0.47153689234440554, "Incorrect": 0.5284631076555945}}