{"Uniform": [{"Correct": 0.4884, "Incorrect": 0.5116}], "Trajector": {"Correct": 0.4001770524614141, "Incorrect": 0.5998229475385859}}