{"Uniform": [{"Correct": 0.4284, "Incorrect": 0.5716}], "Trajector": {"Correct": 0.37015511335206497, "Incorrect": 0.629844886647935}}