{"Uniform": [{"Correct": 0.1123, "Incorrect": 0.8877}], "Trajector": {"Correct": 0.3172318232554559, "Incorrect": 0.682768176744544}}