{"Uniform": [{"Correct": 0.2801, "Incorrect": 0.7199}], "Trajector": {"Correct": 0.26962010700127015, "Incorrect": 0.7303798929987299}}