{"Uniform": [{"Correct": 0.703, "Incorrect": 0.297}], "Trajector": {"Correct": 0.46449328355336594, "Incorrect": 0.5355067164466341}}