{"Uniform": [{"Correct": 0.5274, "Incorrect": 0.4726}], "Trajector": {"Correct": 0.4773873215041761, "Incorrect": 0.5226126784958238}}