{"Uniform": [{"Correct": 0.2703, "Incorrect": 0.7297}], "Trajector": {"Correct": 0.3006042877487395, "Incorrect": 0.6993957122512605}}