{"Uniform": [{"Correct": 0.5619, "Incorrect": 0.4381}], "Trajector": {"Correct": 0.39332589199799856, "Incorrect": 0.6066741080020015}}