{"Uniform": [{"Correct": 0.2618, "Incorrect": 0.7382}], "Trajector": {"Correct": 0.2956006312305146, "Incorrect": 0.7043993687694854}}