{"Uniform": [{"Correct": 0.3088, "Incorrect": 0.6912}], "Trajector": {"Correct": 0.33959431892536857, "Incorrect": 0.6604056810746315}}