{"Uniform": [{"Correct": 0.3548, "Incorrect": 0.6452}], "Trajector": {"Correct": 0.3616104076055579, "Incorrect": 0.638389592394442}}