{"Uniform": [{"Correct": 0.3224, "Incorrect": 0.6776}], "Trajector": {"Correct": 0.37288787960432623, "Incorrect": 0.6271121203956738}}