{"Uniform": [{"Correct": 0.4961, "Incorrect": 0.5039}], "Trajector": {"Correct": 0.4316231091951811, "Incorrect": 0.5683768908048189}}