{"Uniform": [{"Correct": 0.2813, "Incorrect": 0.7187}], "Trajector": {"Correct": 0.371348292983334, "Incorrect": 0.6286517070166661}}