{"Uniform": [{"Correct": 0.5479, "Incorrect": 0.4521}], "Trajector": {"Correct": 0.33097263384781184, "Incorrect": 0.6690273661521882}}