{"Uniform": [{"Correct": 0.2997, "Incorrect": 0.7003}], "Trajector": {"Correct": 0.2872868634771564, "Incorrect": 0.7127131365228436}}