{"Uniform": [{"Correct": 0.2726, "Incorrect": 0.7274}], "Trajector": {"Correct": 0.37238751395250375, "Incorrect": 0.6276124860474962}}