{"Uniform": [{"Correct": 0.5281, "Incorrect": 0.4719}], "Trajector": {"Correct": 0.3641507255301951, "Incorrect": 0.6358492744698049}}