{"Uniform": [{"Correct": 0.2873, "Incorrect": 0.7127}], "Trajector": {"Correct": 0.3846272275893923, "Incorrect": 0.6153727724106077}}