{"Uniform": [{"Correct": 0.503, "Incorrect": 0.497}], "Trajector": {"Correct": 0.4215388168276818, "Incorrect": 0.5784611831723182}}