{"Uniform": [{"Correct": 0.3279, "Incorrect": 0.6721}], "Trajector": {"Correct": 0.33439821407951964, "Incorrect": 0.6656017859204804}}