{"Uniform": [{"Correct": 0.1908, "Incorrect": 0.8092}], "Trajector": {"Correct": 0.3064932065740349, "Incorrect": 0.6935067934259651}}