{"Uniform": [{"Correct": 0.3558, "Incorrect": 0.6442}], "Trajector": {"Correct": 0.37107886532466033, "Incorrect": 0.6289211346753397}}