{"Uniform": [{"Correct": 0.2595, "Incorrect": 0.7405}], "Trajector": {"Correct": 0.35198799122435626, "Incorrect": 0.6480120087756437}}