{"Uniform": [{"Correct": 0.5642, "Incorrect": 0.4358}], "Trajector": {"Correct": 0.3778530464570263, "Incorrect": 0.6221469535429737}}