{"Uniform": [{"Correct": 0.7323, "Incorrect": 0.2677}], "Trajector": {"Correct": 0.4140718217158693, "Incorrect": 0.5859281782841307}}