{"Uniform": [{"Correct": 0.3563, "Incorrect": 0.6437}], "Trajector": {"Correct": 0.2876717601324045, "Incorrect": 0.7123282398675955}}