{"Uniform": [{"Correct": 0.1711, "Incorrect": 0.8289}], "Trajector": {"Correct": 0.3825487856510527, "Incorrect": 0.6174512143489473}}