{"Uniform": [{"Correct": 0.5228, "Incorrect": 0.4772}], "Trajector": {"Correct": 0.4064893576074824, "Incorrect": 0.5935106423925176}}