{"Uniform": [{"Correct": 0.3235, "Incorrect": 0.6765}], "Trajector": {"Correct": 0.3515261152380586, "Incorrect": 0.6484738847619415}}