{"Uniform": [{"Correct": 0.5268, "Incorrect": 0.4732}], "Trajector": {"Correct": 0.4465186097532812, "Incorrect": 0.5534813902467187}}