{"Uniform": [{"Correct": 0.4785, "Incorrect": 0.5215}], "Trajector": {"Correct": 0.38066279204033715, "Incorrect": 0.6193372079596628}}