{"Uniform": [{"Correct": 0.3722, "Incorrect": 0.6278}], "Trajector": {"Correct": 0.36607520880643546, "Incorrect": 0.6339247911935645}}