{"Uniform": [{"Correct": 0.5033, "Incorrect": 0.4967}], "Trajector": {"Correct": 0.42542627304568725, "Incorrect": 0.5745737269543127}}