{"Uniform": [{"Correct": 0.3516, "Incorrect": 0.6484}], "Trajector": {"Correct": 0.2440244794272738, "Incorrect": 0.7559755205727262}}