{"Uniform": [{"Correct": 0.496, "Incorrect": 0.504}], "Trajector": {"Correct": 0.4328162888264501, "Incorrect": 0.5671837111735499}}