{"Uniform": [{"Correct": 0.4697, "Incorrect": 0.5303}], "Trajector": {"Correct": 0.3424425541742042, "Incorrect": 0.6575574458257958}}