{"Uniform": [{"Correct": 0.3523, "Incorrect": 0.6477}], "Trajector": {"Correct": 0.27739501943728107, "Incorrect": 0.7226049805627189}}