{"Uniform": [{"Correct": 0.728, "Incorrect": 0.272}], "Trajector": {"Correct": 0.44536391978753703, "Incorrect": 0.5546360802124629}}