{"Uniform": [{"Correct": 0.2974, "Incorrect": 0.7026}], "Trajector": {"Correct": 0.3491012663099958, "Incorrect": 0.6508987336900043}}