{"Uniform": [{"Correct": 0.4944, "Incorrect": 0.5056}], "Trajector": {"Correct": 0.43289326815749973, "Incorrect": 0.5671067318425003}}