{"Uniform": [{"Correct": 0.3585, "Incorrect": 0.6415}], "Trajector": {"Correct": 0.3372849389938801, "Incorrect": 0.6627150610061199}}