{"Uniform": [{"Correct": 0.5708, "Incorrect": 0.4292}], "Trajector": {"Correct": 0.4209999615103345, "Incorrect": 0.5790000384896655}}