{"Uniform": [{"Correct": 0.5335, "Incorrect": 0.4665}], "Trajector": {"Correct": 0.47727185250760173, "Incorrect": 0.5227281474923983}}