{"Uniform": [{"Correct": 0.4196, "Incorrect": 0.5804}], "Trajector": {"Correct": 0.4170355259612794, "Incorrect": 0.5829644740387206}}