{"Uniform": [{"Correct": 0.7027, "Incorrect": 0.2973}], "Trajector": {"Correct": 0.4067202956006312, "Incorrect": 0.5932797043993687}}