{"Uniform": [{"Correct": 0.5775, "Incorrect": 0.4225}], "Trajector": {"Correct": 0.395827720257111, "Incorrect": 0.604172279742889}}