{"Uniform": [{"Correct": 0.1914, "Incorrect": 0.8086}], "Trajector": {"Correct": 0.33093414418228706, "Incorrect": 0.6690658558177129}}