{"Uniform": [{"Correct": 0.5823, "Incorrect": 0.4177}], "Trajector": {"Correct": 0.34894730764789655, "Incorrect": 0.6510526923521035}}