{"Uniform": [{"Correct": 0.7048, "Incorrect": 0.2952}], "Trajector": {"Correct": 0.36811516107925024, "Incorrect": 0.6318848389207498}}