{"Uniform": [{"Correct": 0.1115, "Incorrect": 0.8885}], "Trajector": {"Correct": 0.33193487548593203, "Incorrect": 0.668065124514068}}