{"Uniform": [{"Correct": 0.3245, "Incorrect": 0.6755}], "Trajector": {"Correct": 0.2947923482544937, "Incorrect": 0.7052076517455064}}