{"Uniform": [{"Correct": 0.5291, "Incorrect": 0.4709}], "Trajector": {"Correct": 0.4791193564527924, "Incorrect": 0.5208806435472075}}