{"Uniform": [{"Correct": 0.356, "Incorrect": 0.644}], "Trajector": {"Correct": 0.32823986759555057, "Incorrect": 0.6717601324044494}}