{"Uniform": [{"Correct": 0.7281, "Incorrect": 0.2719}], "Trajector": {"Correct": 0.45059851429891074, "Incorrect": 0.5494014857010893}}