{"Uniform": [{"Correct": 0.3515, "Incorrect": 0.6485}], "Trajector": {"Correct": 0.21219352603825872, "Incorrect": 0.7878064739617413}}