{"Uniform": [{"Correct": 0.5817, "Incorrect": 0.4183}], "Trajector": {"Correct": 0.467072091143528, "Incorrect": 0.532927908856472}}