{"Uniform": [{"Correct": 0.2027, "Incorrect": 0.7973}], "Trajector": {"Correct": 0.3190408375351218, "Incorrect": 0.6809591624648782}}