{"Uniform": [{"Correct": 0.4079, "Incorrect": 0.5921}], "Trajector": {"Correct": 0.32939455756129477, "Incorrect": 0.6706054424387052}}