{"Uniform": [{"Correct": 0.1971, "Incorrect": 0.8029}], "Trajector": {"Correct": 0.27027443131519185, "Incorrect": 0.7297255686848081}}