{"Uniform": [{"Correct": 0.1967, "Incorrect": 0.8033}], "Trajector": {"Correct": 0.2879796774566029, "Incorrect": 0.7120203225433971}}