{"Uniform": [{"Correct": 0.3459, "Incorrect": 0.6541}], "Trajector": {"Correct": 0.36592125014433624, "Incorrect": 0.6340787498556637}}