{"Uniform": [{"Correct": 0.5804, "Incorrect": 0.4196}], "Trajector": {"Correct": 0.41307109041222434, "Incorrect": 0.5869289095877757}}