{"Uniform": [{"Correct": 0.3238, "Incorrect": 0.6762}], "Trajector": {"Correct": 0.34602209306801124, "Incorrect": 0.6539779069319888}}