{"Uniform": [{"Correct": 0.9123, "Incorrect": 0.0877}], "Trajector": {"Correct": 0.94937989269065, "Incorrect": 0.05062010730934999}}