{"Uniform": [{"Correct": 0.9104, "Incorrect": 0.0896}], "Trajector": {"Correct": 0.9587914504353945, "Incorrect": 0.041208549564605505}}