{"Uniform": [{"Correct": 0.9109, "Incorrect": 0.0891}], "Trajector": {"Correct": 0.9605506201073094, "Incorrect": 0.03944937989269065}}