{"Uniform": [{"Correct": 0.9126, "Incorrect": 0.0874}], "Trajector": {"Correct": 0.847787844137567, "Incorrect": 0.15221215586243292}}