{"Uniform": [{"Correct": 0.9132, "Incorrect": 0.0868}], "Trajector": {"Correct": 0.886093763743513, "Incorrect": 0.11390623625648694}}