{"Uniform": [{"Correct": 0.9114, "Incorrect": 0.0886}], "Trajector": {"Correct": 0.8545166681326414, "Incorrect": 0.1454833318673586}}