{"Uniform": [{"Correct": 0.914, "Incorrect": 0.086}], "Trajector": {"Correct": 0.8333186735860674, "Incorrect": 0.16668132641393263}}