{"Uniform": [{"Correct": 0.9127, "Incorrect": 0.0873}], "Trajector": {"Correct": 0.9732166417450964, "Incorrect": 0.026783358254903685}}