{"Uniform": [{"Correct": 0.9125, "Incorrect": 0.0875}], "Trajector": {"Correct": 0.8794968774738323, "Incorrect": 0.12050312252616766}}