{"Uniform": [{"Correct": 0.9128, "Incorrect": 0.0872}], "Trajector": {"Correct": 0.8981440759961298, "Incorrect": 0.10185592400387017}}