{"Uniform": [{"Correct": 0.9119, "Incorrect": 0.0881}], "Trajector": {"Correct": 0.9667516932008092, "Incorrect": 0.03324830679919078}}