{"Uniform": [{"Correct": 0.9135, "Incorrect": 0.0865}], "Trajector": {"Correct": 0.9094467411381828, "Incorrect": 0.09055325886181723}}