{"Uniform": [{"Correct": 0.9113, "Incorrect": 0.0887}], "Trajector": {"Correct": 0.8356935526431525, "Incorrect": 0.16430644735684757}}