{"Uniform": [{"Correct": 0.9101, "Incorrect": 0.0899}], "Trajector": {"Correct": 0.9628815199225965, "Incorrect": 0.03711848007740347}}