{"Uniform": [{"Correct": 0.9112, "Incorrect": 0.0888}], "Trajector": {"Correct": 0.9583956372592136, "Incorrect": 0.04160436274078635}}