{"Uniform": [{"Correct": 0.913, "Incorrect": 0.087}], "Trajector": {"Correct": 0.8933503386401619, "Incorrect": 0.10664966135983815}}