{"Uniform": [{"Correct": 0.9108, "Incorrect": 0.0892}], "Trajector": {"Correct": 0.9592752220951711, "Incorrect": 0.040724777904828924}}