{"Uniform": [{"Correct": 0.91, "Incorrect": 0.09}], "Trajector": {"Correct": 0.9700061570938517, "Incorrect": 0.0299938429061483}}