{"Uniform": [{"Correct": 0.912, "Incorrect": 0.088}], "Trajector": {"Correct": 0.9502594775266074, "Incorrect": 0.04974052247339256}}