{"Uniform": [{"Correct": 0.9111, "Incorrect": 0.0889}], "Trajector": {"Correct": 0.9600668484475328, "Incorrect": 0.03993315155246724}}