{"Uniform": [{"Correct": 0.9127, "Incorrect": 0.0873}], "Trajector": {"Correct": 0.964772627319905, "Incorrect": 0.035227372680094994}}