{"Uniform": [{"Correct": 0.9086, "Incorrect": 0.0914}], "Trajector": {"Correct": 0.9689506552907028, "Incorrect": 0.03104934470929721}}