{"Uniform": [{"Correct": 0.9092, "Incorrect": 0.0908}], "Trajector": {"Correct": 0.8854780543583428, "Incorrect": 0.11452194564165714}}