{"Uniform": [{"Correct": 0.9122, "Incorrect": 0.0878}], "Trajector": {"Correct": 0.9650804820124901, "Incorrect": 0.0349195179875099}}