{"Uniform": [{"Correct": 0.9099, "Incorrect": 0.0901}], "Trajector": {"Correct": 0.8791010642976516, "Incorrect": 0.1208989357023485}}