{"Uniform": [{"Correct": 0.9104, "Incorrect": 0.0896}], "Trajector": {"Correct": 0.9588794089189903, "Incorrect": 0.041120591081009766}}