{"Uniform": [{"Correct": 0.9107, "Incorrect": 0.0893}], "Trajector": {"Correct": 0.9635412085495646, "Incorrect": 0.036458791450435395}}