{"Uniform": [{"Correct": 0.9149, "Incorrect": 0.0851}], "Trajector": {"Correct": 0.9641569179347348, "Incorrect": 0.035843082065265194}}