{"Uniform": [{"Correct": 0.9141, "Incorrect": 0.0859}], "Trajector": {"Correct": 0.9583956372592136, "Incorrect": 0.04160436274078635}}