{"Uniform": [{"Correct": 0.9097, "Incorrect": 0.0903}], "Trajector": {"Correct": 0.8604978450171519, "Incorrect": 0.1395021549828481}}