{"Uniform": [{"Correct": 0.9121, "Incorrect": 0.0879}], "Trajector": {"Correct": 0.874483243908875, "Incorrect": 0.12551675609112498}}