{"Uniform": [{"Correct": 0.9123, "Incorrect": 0.0877}], "Trajector": {"Correct": 0.9655202744304688, "Incorrect": 0.03447972556953118}}