{"Uniform": [{"Correct": 0.9084, "Incorrect": 0.0916}], "Trajector": {"Correct": 0.9500395813176181, "Incorrect": 0.049960418682381914}}