{"Uniform": [{"Correct": 0.9143, "Incorrect": 0.0857}], "Trajector": {"Correct": 0.8991995777992787, "Incorrect": 0.10080042220072126}}