{"Uniform": [{"Correct": 0.912, "Incorrect": 0.088}], "Trajector": {"Correct": 0.9725129738763304, "Incorrect": 0.027487026123669628}}