{"Uniform": [{"Correct": 0.9156, "Incorrect": 0.0844}], "Trajector": {"Correct": 0.8961210308734278, "Incorrect": 0.10387896912657225}}