{"Uniform": [{"Correct": 0.9123, "Incorrect": 0.0877}], "Trajector": {"Correct": 0.9185504441903422, "Incorrect": 0.08144955580965785}}