{"Uniform": [{"Correct": 0.91, "Incorrect": 0.09}], "Trajector": {"Correct": 0.9678951534875538, "Incorrect": 0.03210484651244613}}