{"Uniform": [{"Correct": 0.9128, "Incorrect": 0.0872}], "Trajector": {"Correct": 0.966135983815639, "Incorrect": 0.03386401618436098}}