{"Uniform": [{"Correct": 0.9093, "Incorrect": 0.0907}], "Trajector": {"Correct": 0.8015216817662063, "Incorrect": 0.19847831823379364}}