{"Uniform": [{"Correct": 0.9109, "Incorrect": 0.0891}], "Trajector": {"Correct": 0.8754507872284282, "Incorrect": 0.12454921277157181}}