{"Uniform": [{"Correct": 0.9117, "Incorrect": 0.0883}], "Trajector": {"Correct": 0.9397044594951183, "Incorrect": 0.060295540504881694}}