{"Uniform": [{"Correct": 0.9092, "Incorrect": 0.0908}], "Trajector": {"Correct": 0.8850382619403642, "Incorrect": 0.11496173805963585}}