{"Uniform": [{"Correct": 0.9157, "Incorrect": 0.0843}], "Trajector": {"Correct": 0.9648605858035008, "Incorrect": 0.035139414196499255}}