{"Uniform": [{"Correct": 0.9112, "Incorrect": 0.0888}], "Trajector": {"Correct": 0.9737004134048729, "Incorrect": 0.0262995865951271}}