{"Uniform": [{"Correct": 0.915, "Incorrect": 0.085}], "Trajector": {"Correct": 0.9640249802093412, "Incorrect": 0.035975019790658806}}