{"Uniform": [{"Correct": 0.9113, "Incorrect": 0.0887}], "Trajector": {"Correct": 0.7992787404345149, "Incorrect": 0.2007212595654851}}