{"Uniform": [{"Correct": 0.9107, "Incorrect": 0.0893}], "Trajector": {"Correct": 0.9602427654147242, "Incorrect": 0.03975723458527575}}