{"Uniform": [{"Correct": 0.9103, "Incorrect": 0.0897}], "Trajector": {"Correct": 0.9632333538569795, "Incorrect": 0.03676664614302049}}