{"Uniform": [{"Correct": 0.9116, "Incorrect": 0.0884}], "Trajector": {"Correct": 0.8896121030873427, "Incorrect": 0.11038789691265723}}