{"Uniform": [{"Correct": 0.916, "Incorrect": 0.084}], "Trajector": {"Correct": 0.7613686340047497, "Incorrect": 0.23863136599525026}}