{"Uniform": [{"Correct": 0.9109, "Incorrect": 0.0891}], "Trajector": {"Correct": 0.9645967103527135, "Incorrect": 0.03540328964728648}}