{"Uniform": [{"Correct": 0.9116, "Incorrect": 0.0884}], "Trajector": {"Correct": 0.9667516932008092, "Incorrect": 0.03324830679919078}}