{"Uniform": [{"Correct": 0.9088, "Incorrect": 0.0912}], "Trajector": {"Correct": 0.9705339079954262, "Incorrect": 0.02946609200457384}}