{"Uniform": [{"Correct": 0.9122, "Incorrect": 0.0878}], "Trajector": {"Correct": 0.8658193332746943, "Incorrect": 0.13418066672530565}}