{"Uniform": [{"Correct": 0.909, "Incorrect": 0.091}], "Trajector": {"Correct": 0.9608144955580966, "Incorrect": 0.03918550444190342}}