{"Uniform": [{"Correct": 0.915, "Incorrect": 0.085}], "Trajector": {"Correct": 0.9573401354560648, "Incorrect": 0.042659864543935264}}