{"Uniform": [{"Correct": 0.9149, "Incorrect": 0.0851}], "Trajector": {"Correct": 0.8471721347523968, "Incorrect": 0.15282786524760314}}