{"Uniform": [{"Correct": 0.9117, "Incorrect": 0.0883}], "Trajector": {"Correct": 0.9644647726273199, "Incorrect": 0.0355352273726801}}