{"Uniform": [{"Correct": 0.9115, "Incorrect": 0.0885}], "Trajector": {"Correct": 0.9602867446565221, "Incorrect": 0.03971325534347788}}