{"Uniform": [{"Correct": 0.9137, "Incorrect": 0.0863}], "Trajector": {"Correct": 0.8439616501011522, "Incorrect": 0.15603834989884774}}