{"Uniform": [{"Correct": 0.9113, "Incorrect": 0.0887}], "Trajector": {"Correct": 0.9589673674025859, "Incorrect": 0.04103263259741402}}