{"Uniform": [{"Correct": 0.9167, "Incorrect": 0.0833}], "Trajector": {"Correct": 0.9192101328173102, "Incorrect": 0.08078986718268977}}