{"Uniform": [{"Correct": 0.9142, "Incorrect": 0.0858}], "Trajector": {"Correct": 0.9540416923212244, "Incorrect": 0.045958307678775616}}