{"Uniform": [{"Correct": 0.9102, "Incorrect": 0.0898}], "Trajector": {"Correct": 0.96239774826282, "Incorrect": 0.03760225173718005}}