{"Uniform": [{"Correct": 0.9133, "Incorrect": 0.0867}], "Trajector": {"Correct": 0.965476295188671, "Incorrect": 0.034523704811329055}}