{"Uniform": [{"Correct": 0.9152, "Incorrect": 0.0848}], "Trajector": {"Correct": 0.9553610695751605, "Incorrect": 0.044638930424839476}}