{"Uniform": [{"Correct": 0.9113, "Incorrect": 0.0887}], "Trajector": {"Correct": 0.9629694784061923, "Incorrect": 0.03703052159380772}}