{"Uniform": [{"Correct": 0.9132, "Incorrect": 0.0868}], "Trajector": {"Correct": 0.8658193332746943, "Incorrect": 0.13418066672530565}}