{"Uniform": [{"Correct": 0.9139, "Incorrect": 0.0861}], "Trajector": {"Correct": 0.8801125868590025, "Incorrect": 0.11988741314099745}}