{"Uniform": [{"Correct": 0.9117, "Incorrect": 0.0883}], "Trajector": {"Correct": 0.974008268097458, "Incorrect": 0.025991731902542}}