{"Uniform": [{"Correct": 0.9113, "Incorrect": 0.0887}], "Trajector": {"Correct": 0.965784149881256, "Incorrect": 0.03421585011874395}}