{"Uniform": [{"Correct": 0.756, "Incorrect": 0.244}], "Trajector": {"Correct": 0.9715014513149793, "Incorrect": 0.02849854868502067}}