{"Uniform": [{"Correct": 0.8225, "Incorrect": 0.1775}], "Trajector": {"Correct": 0.9519306887149266, "Incorrect": 0.04806931128507345}}