{"Uniform": [{"Correct": 0.8478, "Incorrect": 0.1522}], "Trajector": {"Correct": 0.9351745975899376, "Incorrect": 0.06482540241006245}}