{"Uniform": [{"Correct": 0.9285, "Incorrect": 0.0715}], "Trajector": {"Correct": 0.9820564693464685, "Incorrect": 0.017943530653531534}}