{"Uniform": [{"Correct": 0.637, "Incorrect": 0.363}], "Trajector": {"Correct": 0.9737883718884687, "Incorrect": 0.026211628111531358}}