{"Uniform": [{"Correct": 0.7995, "Incorrect": 0.2005}], "Trajector": {"Correct": 0.9729967455361069, "Incorrect": 0.027003254463893043}}