{"Uniform": [{"Correct": 0.7667, "Incorrect": 0.2333}], "Trajector": {"Correct": 0.944937989269065, "Incorrect": 0.055062010730935}}