{"Uniform": [{"Correct": 0.9224, "Incorrect": 0.0776}], "Trajector": {"Correct": 0.9847831823379365, "Incorrect": 0.015216817662063505}}