{"Uniform": [{"Correct": 0.7812, "Incorrect": 0.2188}], "Trajector": {"Correct": 0.9750197906588091, "Incorrect": 0.024980209341190957}}