{"Uniform": [{"Correct": 0.9091, "Incorrect": 0.0909}], "Trajector": {"Correct": 0.9762072301873516, "Incorrect": 0.02379276981264843}}