{"Uniform": [{"Correct": 0.7755, "Incorrect": 0.2245}], "Trajector": {"Correct": 0.9829360541824259, "Incorrect": 0.017063945817574106}}