{"Uniform": [{"Correct": 0.8132, "Incorrect": 0.1868}], "Trajector": {"Correct": 0.9877297915383939, "Incorrect": 0.012270208461606123}}