{"Uniform": [{"Correct": 0.9222, "Incorrect": 0.0778}], "Trajector": {"Correct": 0.9363180578766822, "Incorrect": 0.06368194212331779}}