{"Uniform": [{"Correct": 0.6698, "Incorrect": 0.3302}], "Trajector": {"Correct": 0.9656522121558624, "Incorrect": 0.03434778784413757}}