{"Uniform": [{"Correct": 0.9274, "Incorrect": 0.0726}], "Trajector": {"Correct": 0.8625648693816519, "Incorrect": 0.13743513061834814}}