{"Uniform": [{"Correct": 0.7924, "Incorrect": 0.2076}], "Trajector": {"Correct": 0.9846512446125428, "Incorrect": 0.01534875538745712}}