{"Uniform": [{"Correct": 0.9196, "Incorrect": 0.0804}], "Trajector": {"Correct": 0.9689506552907028, "Incorrect": 0.03104934470929721}}