{"Uniform": [{"Correct": 0.6575, "Incorrect": 0.3425}], "Trajector": {"Correct": 0.9638050840003518, "Incorrect": 0.036194915999648164}}