{"Uniform": [{"Correct": 0.7976, "Incorrect": 0.2024}], "Trajector": {"Correct": 0.9802533204327557, "Incorrect": 0.01974667956724426}}