{"Uniform": [{"Correct": 0.793, "Incorrect": 0.207}], "Trajector": {"Correct": 0.9822323863136599, "Incorrect": 0.01776761368634005}}