{"Uniform": [{"Correct": 0.8005, "Incorrect": 0.1995}], "Trajector": {"Correct": 0.9847831823379365, "Incorrect": 0.015216817662063505}}