{"Uniform": [{"Correct": 0.8451, "Incorrect": 0.1549}], "Trajector": {"Correct": 0.9854428709649046, "Incorrect": 0.014557129035095435}}