{"Uniform": [{"Correct": 0.8038, "Incorrect": 0.1962}], "Trajector": {"Correct": 0.9868941859442343, "Incorrect": 0.013105814055765679}}