{"Uniform": [{"Correct": 0.7846, "Incorrect": 0.2154}], "Trajector": {"Correct": 0.9481484739203097, "Incorrect": 0.05185152607969039}}