{"Uniform": [{"Correct": 0.7785, "Incorrect": 0.2215}], "Trajector": {"Correct": 0.9825842202480429, "Incorrect": 0.017415779751957076}}