{"Uniform": [{"Correct": 0.7608, "Incorrect": 0.2392}], "Trajector": {"Correct": 0.9394405840443311, "Incorrect": 0.060559415955668924}}