{"Uniform": [{"Correct": 0.7834, "Incorrect": 0.2166}], "Trajector": {"Correct": 0.9806491336089366, "Incorrect": 0.01935086639106342}}