{"Uniform": [{"Correct": 0.6426, "Incorrect": 0.3574}], "Trajector": {"Correct": 0.9621778520538306, "Incorrect": 0.03782214794616941}}