{"Uniform": [{"Correct": 0.665, "Incorrect": 0.335}], "Trajector": {"Correct": 0.9746679567244261, "Incorrect": 0.02533204327557393}}