{"Uniform": [{"Correct": 0.809, "Incorrect": 0.191}], "Trajector": {"Correct": 0.9881695839563726, "Incorrect": 0.011830416043627407}}