{"Uniform": [{"Correct": 0.7331, "Incorrect": 0.2669}], "Trajector": {"Correct": 0.9550532148825754, "Incorrect": 0.04494678511742457}}