{"Uniform": [{"Correct": 0.7826, "Incorrect": 0.2174}], "Trajector": {"Correct": 0.9825842202480429, "Incorrect": 0.017415779751957076}}