{"Uniform": [{"Correct": 0.6363, "Incorrect": 0.3637}], "Trajector": {"Correct": 0.9733925587122878, "Incorrect": 0.0266074412877122}}