{"Uniform": [{"Correct": 0.9302, "Incorrect": 0.0698}], "Trajector": {"Correct": 0.9880816254727769, "Incorrect": 0.011918374527223151}}