{"Uniform": [{"Correct": 0.8407, "Incorrect": 0.1593}], "Trajector": {"Correct": 0.909006948720204, "Incorrect": 0.09099305127979594}}