{"Uniform": [{"Correct": 0.9198, "Incorrect": 0.0802}], "Trajector": {"Correct": 0.9802972996745536, "Incorrect": 0.01970270032544639}}