{"Uniform": [{"Correct": 0.8484, "Incorrect": 0.1516}], "Trajector": {"Correct": 0.956900343038086, "Incorrect": 0.04309965696191398}}