{"Uniform": [{"Correct": 0.8853, "Incorrect": 0.1147}], "Trajector": {"Correct": 0.9816166769284898, "Incorrect": 0.018383323071510246}}