{"Uniform": [{"Correct": 0.7932, "Incorrect": 0.2068}], "Trajector": {"Correct": 0.9797255695311813, "Incorrect": 0.020274430468818716}}