{"Uniform": [{"Correct": 0.7867, "Incorrect": 0.2133}], "Trajector": {"Correct": 0.9700501363356496, "Incorrect": 0.029949863664350426}}