{"Uniform": [{"Correct": 0.9294, "Incorrect": 0.0706}], "Trajector": {"Correct": 0.9680270912129475, "Incorrect": 0.03197290878705251}}