{"Uniform": [{"Correct": 0.9251, "Incorrect": 0.0749}], "Trajector": {"Correct": 0.9631453953733837, "Incorrect": 0.03685460462661624}}