{"Uniform": [{"Correct": 0.768, "Incorrect": 0.232}], "Trajector": {"Correct": 0.9772187527487026, "Incorrect": 0.022781247251297387}}