{"Uniform": [{"Correct": 0.8151, "Incorrect": 0.1849}], "Trajector": {"Correct": 0.9813967807195004, "Incorrect": 0.018603219280499603}}