{"Uniform": [{"Correct": 0.7907, "Incorrect": 0.2093}], "Trajector": {"Correct": 0.9806051543671387, "Incorrect": 0.01939484563286129}}