{"Uniform": [{"Correct": 0.7875, "Incorrect": 0.2125}], "Trajector": {"Correct": 0.9739642888556601, "Incorrect": 0.026035711144339873}}