{"Uniform": [{"Correct": 0.8701, "Incorrect": 0.1299}], "Trajector": {"Correct": 0.9257190606033951, "Incorrect": 0.07428093939660481}}