{"Uniform": [{"Correct": 0.8345, "Incorrect": 0.1655}], "Trajector": {"Correct": 0.9857067464156918, "Incorrect": 0.014293253584308207}}