{"Uniform": [{"Correct": 0.925, "Incorrect": 0.075}], "Trajector": {"Correct": 0.9600228692057349, "Incorrect": 0.039977130794265105}}