{"Uniform": [{"Correct": 0.7603, "Incorrect": 0.2397}], "Trajector": {"Correct": 0.976075292461958, "Incorrect": 0.023924707538042045}}