{"Uniform": [{"Correct": 0.6772, "Incorrect": 0.3228}], "Trajector": {"Correct": 0.9834638050840003, "Incorrect": 0.016536194915999648}}