{"Uniform": [{"Correct": 0.7822, "Incorrect": 0.2178}], "Trajector": {"Correct": 0.9810889260269153, "Incorrect": 0.018911073973084704}}