{"Uniform": [{"Correct": 0.7921, "Incorrect": 0.2079}], "Trajector": {"Correct": 0.9833758466004046, "Incorrect": 0.01662415339959539}}