{"Uniform": [{"Correct": 0.7883, "Incorrect": 0.2117}], "Trajector": {"Correct": 0.9711056381387985, "Incorrect": 0.028894361861201513}}