{"Uniform": [{"Correct": 0.8414, "Incorrect": 0.1586}], "Trajector": {"Correct": 0.9698742193684581, "Incorrect": 0.030125780631541914}}