{"Uniform": [{"Correct": 0.8454, "Incorrect": 0.1546}], "Trajector": {"Correct": 0.978802005453426, "Incorrect": 0.021197994546574016}}