{"Uniform": [{"Correct": 0.8056, "Incorrect": 0.1944}], "Trajector": {"Correct": 0.9691265722578942, "Incorrect": 0.030873427742105726}}