{"Uniform": [{"Correct": 0.916, "Incorrect": 0.084}], "Trajector": {"Correct": 0.9821004485882663, "Incorrect": 0.01789955141173366}}