{"Uniform": [{"Correct": 0.6104, "Incorrect": 0.3896}], "Trajector": {"Correct": 0.9477086815023309, "Incorrect": 0.0522913184976691}}