{"Uniform": [{"Correct": 0.836, "Incorrect": 0.164}], "Trajector": {"Correct": 0.9850470577887237, "Incorrect": 0.014952942211276278}}