{"Uniform": [{"Correct": 0.7896, "Incorrect": 0.2104}], "Trajector": {"Correct": 0.9734365379540857, "Incorrect": 0.026563462045914327}}