{"Uniform": [{"Correct": 0.7973, "Incorrect": 0.2027}], "Trajector": {"Correct": 0.9827601372152344, "Incorrect": 0.01723986278476559}}