{"Uniform": [{"Correct": 0.8523, "Incorrect": 0.1477}], "Trajector": {"Correct": 0.9784061922772451, "Incorrect": 0.02159380772275486}}