{"Uniform": [{"Correct": 0.8399, "Incorrect": 0.1601}], "Trajector": {"Correct": 0.9678071950039582, "Incorrect": 0.032192804996041866}}