{"Uniform": [{"Correct": 0.7844, "Incorrect": 0.2156}], "Trajector": {"Correct": 0.9828480956988301, "Incorrect": 0.01715190430116985}}