{"Uniform": [{"Correct": 0.7804, "Incorrect": 0.2196}], "Trajector": {"Correct": 0.9731286832615006, "Incorrect": 0.026871316738499428}}