{"Uniform": [{"Correct": 0.6284, "Incorrect": 0.3716}], "Trajector": {"Correct": 0.9797255695311813, "Incorrect": 0.020274430468818716}}