{"Uniform": [{"Correct": 0.9218, "Incorrect": 0.0782}], "Trajector": {"Correct": 0.9569443222798839, "Incorrect": 0.043055677720116106}}