{"Uniform": [{"Correct": 0.6383, "Incorrect": 0.3617}], "Trajector": {"Correct": 0.9756355000439793, "Incorrect": 0.024364499956020757}}