{"Uniform": [{"Correct": 0.8295, "Incorrect": 0.1705}], "Trajector": {"Correct": 0.986674289735245, "Incorrect": 0.013325710264755035}}