{"Uniform": [{"Correct": 0.9266, "Incorrect": 0.0734}], "Trajector": {"Correct": 0.9754595830767877, "Incorrect": 0.024540416923212245}}