{"Uniform": [{"Correct": 0.9338, "Incorrect": 0.0662}], "Trajector": {"Correct": 0.9838596182601812, "Incorrect": 0.016140381739818806}}