{"Uniform": [{"Correct": 0.8128, "Incorrect": 0.1872}], "Trajector": {"Correct": 0.9859266426246811, "Incorrect": 0.014073357375318849}}