{"Uniform": [{"Correct": 0.9233, "Incorrect": 0.0767}], "Trajector": {"Correct": 0.9382531445157886, "Incorrect": 0.06174685548421145}}