{"Uniform": [{"Correct": 0.7856, "Incorrect": 0.2144}], "Trajector": {"Correct": 0.9831999296332131, "Incorrect": 0.016800070366786875}}