{"Uniform": [{"Correct": 0.9274, "Incorrect": 0.0726}], "Trajector": {"Correct": 0.987333978362213, "Incorrect": 0.012666021637786965}}