{"Uniform": [{"Correct": 0.8017, "Incorrect": 0.1983}], "Trajector": {"Correct": 0.9580438033248306, "Incorrect": 0.04195619667516932}}