{"Uniform": [{"Correct": 0.7367, "Incorrect": 0.2633}], "Trajector": {"Correct": 0.9773506904740962, "Incorrect": 0.022649309525903775}}