{"Uniform": [{"Correct": 0.934, "Incorrect": 0.066}], "Trajector": {"Correct": 0.9879936669891811, "Incorrect": 0.012006333010818894}}