{"Uniform": [{"Correct": 0.7951, "Incorrect": 0.2049}], "Trajector": {"Correct": 0.9537778168704372, "Incorrect": 0.04622218312956285}}