{"Uniform": [{"Correct": 0.9553, "Incorrect": 0.0447}], "Trajector": {"Correct": 0.9835077843257982, "Incorrect": 0.016492215674201775}}