{"Uniform": [{"Correct": 0.8279, "Incorrect": 0.1721}], "Trajector": {"Correct": 0.9765590641217345, "Incorrect": 0.02344093587826546}}