{"Uniform": [{"Correct": 0.9333, "Incorrect": 0.0667}], "Trajector": {"Correct": 0.9872020406368194, "Incorrect": 0.012797959363180579}}