{"Uniform": [{"Correct": 0.6687, "Incorrect": 0.3313}], "Trajector": {"Correct": 0.9868502067024365, "Incorrect": 0.01314979329756355}}