{"Uniform": [{"Correct": 0.8193, "Incorrect": 0.1807}], "Trajector": {"Correct": 0.9653443574632773, "Incorrect": 0.03465564253672267}}