{"Uniform": [{"Correct": 0.819, "Incorrect": 0.181}], "Trajector": {"Correct": 0.9866303104934471, "Incorrect": 0.013369689506552908}}