{"Uniform": [{"Correct": 0.9409, "Incorrect": 0.0591}], "Trajector": {"Correct": 0.9886973348579471, "Incorrect": 0.011302665142052951}}