{"Uniform": [{"Correct": 0.8278, "Incorrect": 0.1722}], "Trajector": {"Correct": 0.9813088222359047, "Incorrect": 0.018691177764095346}}