{"Uniform": [{"Correct": 0.9262, "Incorrect": 0.0738}], "Trajector": {"Correct": 0.9835077843257982, "Incorrect": 0.016492215674201775}}