{"Uniform": [{"Correct": 0.9195, "Incorrect": 0.0805}], "Trajector": {"Correct": 0.9694784061922772, "Incorrect": 0.030521593807722756}}