{"Uniform": [{"Correct": 0.9121, "Incorrect": 0.0879}], "Trajector": {"Correct": 0.955888820476735, "Incorrect": 0.04411117952326502}}