{"Uniform": [{"Correct": 0.9108, "Incorrect": 0.0892}], "Trajector": {"Correct": 0.9761192717037558, "Incorrect": 0.023880728296244172}}