{"Uniform": [{"Correct": 0.9083, "Incorrect": 0.0917}], "Trajector": {"Correct": 0.9618699973612455, "Incorrect": 0.03813000263875451}}