{"Uniform": [{"Correct": 0.9114, "Incorrect": 0.0886}], "Trajector": {"Correct": 0.9538657753540329, "Incorrect": 0.0461342246459671}}