{"Uniform": [{"Correct": 0.912, "Incorrect": 0.088}], "Trajector": {"Correct": 0.9069399243557041, "Incorrect": 0.09306007564429589}}