{"Uniform": [{"Correct": 0.784, "Incorrect": 0.216}], "Trajector": {"Correct": 0.9812648429941068, "Incorrect": 0.01873515700589322}}