{"Uniform": [{"Correct": 0.9113, "Incorrect": 0.0887}], "Trajector": {"Correct": 0.9767789603307239, "Incorrect": 0.023221039669276102}}