{"Uniform": [{"Correct": 0.5849, "Incorrect": 0.4151}], "Trajector": {"Correct": 0.9462573665230012, "Incorrect": 0.053742633476998855}}