{"Uniform": [{"Correct": 0.9119, "Incorrect": 0.0881}], "Trajector": {"Correct": 0.6203272055589761, "Incorrect": 0.37967279444102386}}