{"Uniform": [{"Correct": 0.9109, "Incorrect": 0.0891}], "Trajector": {"Correct": 0.9750197906588091, "Incorrect": 0.024980209341190957}}