{"Uniform": [{"Correct": 0.5857, "Incorrect": 0.4143}], "Trajector": {"Correct": 0.9268625208901399, "Incorrect": 0.07313747910986014}}