{"Uniform": [{"Correct": 0.5852, "Incorrect": 0.4148}], "Trajector": {"Correct": 0.926818541648342, "Incorrect": 0.07318145835165801}}