{"Uniform": [{"Correct": 0.9105, "Incorrect": 0.0895}], "Trajector": {"Correct": 0.9727328700853197, "Incorrect": 0.02726712991468027}}