{"Uniform": [{"Correct": 0.5843, "Incorrect": 0.4157}], "Trajector": {"Correct": 0.9444981968510863, "Incorrect": 0.05550180314891371}}