{"Uniform": [{"Correct": 0.5842, "Incorrect": 0.4158}], "Trajector": {"Correct": 0.7390271791714311, "Incorrect": 0.26097282082856893}}