{"Uniform": [{"Correct": 0.901, "Incorrect": 0.099}], "Trajector": {"Correct": 0.9183745272231507, "Incorrect": 0.08162547277684933}}