{"Uniform": [{"Correct": 0.9121, "Incorrect": 0.0879}], "Trajector": {"Correct": 0.8498108892602692, "Incorrect": 0.15018911073973085}}