{"Uniform": [{"Correct": 0.9102, "Incorrect": 0.0898}], "Trajector": {"Correct": 0.9703579910282347, "Incorrect": 0.029642008971765325}}