{"Uniform": [{"Correct": 0.8856, "Incorrect": 0.1144}], "Trajector": {"Correct": 0.9722490984255432, "Incorrect": 0.027750901574456855}}