{"Uniform": [{"Correct": 0.9108, "Incorrect": 0.0892}], "Trajector": {"Correct": 0.9737004134048729, "Incorrect": 0.0262995865951271}}