{"Uniform": [{"Correct": 0.911, "Incorrect": 0.089}], "Trajector": {"Correct": 0.9755915208021814, "Incorrect": 0.02440847919781863}}