{"Uniform": [{"Correct": 0.9121, "Incorrect": 0.0879}], "Trajector": {"Correct": 0.6656258246107837, "Incorrect": 0.33437417538921627}}