{"Uniform": [{"Correct": 0.912, "Incorrect": 0.088}], "Trajector": {"Correct": 0.6900343038086023, "Incorrect": 0.30996569619139763}}