{"Uniform": [{"Correct": 0.7939, "Incorrect": 0.2061}], "Trajector": {"Correct": 0.9857947048992876, "Incorrect": 0.014205295100712464}}