{"Uniform": [{"Correct": 0.8019, "Incorrect": 0.1981}], "Trajector": {"Correct": 0.6774562406544111, "Incorrect": 0.3225437593455889}}