{"Uniform": [{"Correct": 0.5725, "Incorrect": 0.4275}], "Trajector": {"Correct": 0.932623801565661, "Incorrect": 0.067376198434339}}