{"Uniform": [{"Correct": 0.585, "Incorrect": 0.415}], "Trajector": {"Correct": 0.9375494766470226, "Incorrect": 0.06245052335297739}}