{"Uniform": [{"Correct": 0.9119, "Incorrect": 0.0881}], "Trajector": {"Correct": 0.5351833934382971, "Incorrect": 0.46481660656170287}}