{"Uniform": [{"Correct": 0.5846, "Incorrect": 0.4154}], "Trajector": {"Correct": 0.9449819685108629, "Incorrect": 0.05501803148913713}}