{"Uniform": [{"Correct": 0.9121, "Incorrect": 0.0879}], "Trajector": {"Correct": 0.9459495118304161, "Incorrect": 0.05405048816958396}}