{"Uniform": [{"Correct": 0.9119, "Incorrect": 0.0881}], "Trajector": {"Correct": 0.8039405400650893, "Incorrect": 0.19605945993491072}}