{"Uniform": [{"Correct": 0.5857, "Incorrect": 0.4143}], "Trajector": {"Correct": 0.924751517283842, "Incorrect": 0.07524848271615797}}