{"Uniform": [{"Correct": 0.9117, "Incorrect": 0.0883}], "Trajector": {"Correct": 0.9653443574632773, "Incorrect": 0.03465564253672267}}