{"Uniform": [{"Correct": 0.9124, "Incorrect": 0.0876}], "Trajector": {"Correct": 0.7471633389040373, "Incorrect": 0.2528366610959627}}