{"Uniform": [{"Correct": 0.5857, "Incorrect": 0.4143}], "Trajector": {"Correct": 0.9219808250505761, "Incorrect": 0.07801917494942387}}