{"Uniform": [{"Correct": 0.911, "Incorrect": 0.089}], "Trajector": {"Correct": 0.9738763303720643, "Incorrect": 0.026123669627935615}}