{"Uniform": [{"Correct": 0.9121, "Incorrect": 0.0879}], "Trajector": {"Correct": 0.9666197554754156, "Incorrect": 0.03338024452458439}}