{"Uniform": [{"Correct": 0.787, "Incorrect": 0.213}], "Trajector": {"Correct": 0.9810009675433196, "Incorrect": 0.018999032456680446}}