{"Uniform": [{"Correct": 0.5841, "Incorrect": 0.4159}], "Trajector": {"Correct": 0.5445509719412437, "Incorrect": 0.45544902805875626}}