{"Uniform": [{"Correct": 0.5846, "Incorrect": 0.4154}], "Trajector": {"Correct": 0.935702348491512, "Incorrect": 0.064297651508488}}