{"Uniform": [{"Correct": 0.8075, "Incorrect": 0.1925}], "Trajector": {"Correct": 0.9181106517723634, "Incorrect": 0.08188934822763655}}