{"Uniform": [{"Correct": 0.9095, "Incorrect": 0.0905}], "Trajector": {"Correct": 0.9679831119711496, "Incorrect": 0.03201688802885038}}