{"Uniform": [{"Correct": 0.9106, "Incorrect": 0.0894}], "Trajector": {"Correct": 0.9734805171958836, "Incorrect": 0.026519482804116458}}