{"Uniform": [{"Correct": 0.9108, "Incorrect": 0.0892}], "Trajector": {"Correct": 0.9714574720731814, "Incorrect": 0.02854252792681854}}