{"Uniform": [{"Correct": 0.5846, "Incorrect": 0.4154}], "Trajector": {"Correct": 0.9446301345764799, "Incorrect": 0.0553698654235201}}