{"Uniform": [{"Correct": 0.8148, "Incorrect": 0.1852}], "Trajector": {"Correct": 0.7286920573489313, "Incorrect": 0.2713079426510687}}