{"Uniform": [{"Correct": 0.5844, "Incorrect": 0.4156}], "Trajector": {"Correct": 0.9050048377165978, "Incorrect": 0.09499516228340224}}