{"Uniform": [{"Correct": 0.7869, "Incorrect": 0.2131}], "Trajector": {"Correct": 0.9163954613422465, "Incorrect": 0.08360453865775354}}