{"Uniform": [{"Correct": 0.5842, "Incorrect": 0.4158}], "Trajector": {"Correct": 0.9473568475679479, "Incorrect": 0.05264315243205207}}