{"Uniform": [{"Correct": 0.7965, "Incorrect": 0.2035}], "Trajector": {"Correct": 0.8969566364675873, "Incorrect": 0.1030433635324127}}