{"Uniform": [{"Correct": 0.5847, "Incorrect": 0.4153}], "Trajector": {"Correct": 0.945289823203448, "Incorrect": 0.054710176796552025}}