{"Uniform": [{"Correct": 0.9103, "Incorrect": 0.0897}], "Trajector": {"Correct": 0.9699621778520539, "Incorrect": 0.030037822147946168}}