{"Uniform": [{"Correct": 0.9119, "Incorrect": 0.0881}], "Trajector": {"Correct": 0.8345061131146099, "Incorrect": 0.1654938868853901}}