{"Uniform": [{"Correct": 0.5827, "Incorrect": 0.4173}], "Trajector": {"Correct": 0.2574984607265371, "Incorrect": 0.742501539273463}}