{"Uniform": [{"Correct": 0.7958, "Incorrect": 0.2042}], "Trajector": {"Correct": 0.9602867446565221, "Incorrect": 0.03971325534347788}}