{"Uniform": [{"Correct": 0.9124, "Incorrect": 0.0876}], "Trajector": {"Correct": 0.7309789779224206, "Incorrect": 0.2690210220775794}}