{"Uniform": [{"Correct": 0.9109, "Incorrect": 0.0891}], "Trajector": {"Correct": 0.975723458527575, "Incorrect": 0.024276541472425014}}