{"Uniform": [{"Correct": 0.9121, "Incorrect": 0.0879}], "Trajector": {"Correct": 0.5442431172486586, "Incorrect": 0.45575688275134135}}