{"Uniform": [{"Correct": 0.9119, "Incorrect": 0.0881}], "Trajector": {"Correct": 0.8962089893570235, "Incorrect": 0.10379101064297651}}