{"Uniform": [{"Correct": 0.9119, "Incorrect": 0.0881}], "Trajector": {"Correct": 0.9761192717037558, "Incorrect": 0.023880728296244172}}