{"Uniform": [{"Correct": 0.5846, "Incorrect": 0.4154}], "Trajector": {"Correct": 0.9420793385522034, "Incorrect": 0.05792066144779664}}