{"Uniform": [{"Correct": 0.9117, "Incorrect": 0.0883}], "Trajector": {"Correct": 0.868018295364588, "Incorrect": 0.1319817046354121}}