{"Uniform": [{"Correct": 0.9093, "Incorrect": 0.0907}], "Trajector": {"Correct": 0.9667956724426071, "Incorrect": 0.03320432755739291}}