{"Uniform": [{"Correct": 0.9121, "Incorrect": 0.0879}], "Trajector": {"Correct": 0.9652563989796816, "Incorrect": 0.03474360102031841}}