{"Uniform": [{"Correct": 0.8038, "Incorrect": 0.1962}], "Trajector": {"Correct": 0.8831031753012578, "Incorrect": 0.1168968246987422}}