{"Uniform": [{"Correct": 0.912, "Incorrect": 0.088}], "Trajector": {"Correct": 0.8996833494590554, "Incorrect": 0.10031665054094467}}