{"Uniform": [{"Correct": 0.7236, "Incorrect": 0.2764}], "Trajector": {"Correct": 0.9532060867270649, "Incorrect": 0.046793913272935174}}