{"Uniform": [{"Correct": 0.5585, "Incorrect": 0.4415}], "Trajector": {"Correct": 0.5774914240478494, "Incorrect": 0.4225085759521506}}