{"Uniform": [{"Correct": 0.8923, "Incorrect": 0.1077}], "Trajector": {"Correct": 0.9576479901486499, "Incorrect": 0.04235200985135016}}