{"Uniform": [{"Correct": 0.9135, "Incorrect": 0.0865}], "Trajector": {"Correct": 0.29180226932887676, "Incorrect": 0.7081977306711232}}