{"Uniform": [{"Correct": 0.9106, "Incorrect": 0.0894}], "Trajector": {"Correct": 0.972644911601724, "Incorrect": 0.027355088398276012}}