{"Uniform": [{"Correct": 0.5844, "Incorrect": 0.4156}], "Trajector": {"Correct": 0.944278300642097, "Incorrect": 0.05572169935790307}}