{"Uniform": [{"Correct": 0.6102, "Incorrect": 0.3898}], "Trajector": {"Correct": 0.912437329580438, "Incorrect": 0.08756267041956196}}