{"Uniform": [{"Correct": 0.9122, "Incorrect": 0.0878}], "Trajector": {"Correct": 0.8684141085407687, "Incorrect": 0.13158589145923125}}