{"Uniform": [{"Correct": 0.5839, "Incorrect": 0.4161}], "Trajector": {"Correct": 0.25534347787844136, "Incorrect": 0.7446565221215586}}