{"Uniform": [{"Correct": 0.7929, "Incorrect": 0.2071}], "Trajector": {"Correct": 0.9700501363356496, "Incorrect": 0.029949863664350426}}