{"Uniform": [{"Correct": 0.911, "Incorrect": 0.089}], "Trajector": {"Correct": 0.9766470226053303, "Incorrect": 0.023352977394669718}}