{"Uniform": [{"Correct": 0.5844, "Incorrect": 0.4156}], "Trajector": {"Correct": 0.9474448060515437, "Incorrect": 0.05255519394845633}}