{"Uniform": [{"Correct": 0.5831, "Incorrect": 0.4169}], "Trajector": {"Correct": 0.2803676664614302, "Incorrect": 0.7196323335385698}}