{"Uniform": [{"Correct": 0.5853, "Incorrect": 0.4147}], "Trajector": {"Correct": 0.9401002726712991, "Incorrect": 0.05989972732870085}}