{"Uniform": [{"Correct": 0.8403, "Incorrect": 0.1597}], "Trajector": {"Correct": 0.9860585803500748, "Incorrect": 0.013941419649925235}}