{"Uniform": [{"Correct": 0.6691, "Incorrect": 0.3309}], "Trajector": {"Correct": 0.9747998944498197, "Incorrect": 0.025200105550180315}}