{"Uniform": [{"Correct": 0.9417, "Incorrect": 0.0583}], "Trajector": {"Correct": 0.9851350162723195, "Incorrect": 0.014864983727680536}}