{"Uniform": [{"Correct": 0.8482, "Incorrect": 0.1518}], "Trajector": {"Correct": 0.9696543231594688, "Incorrect": 0.030345676840531268}}