{"Uniform": [{"Correct": 0.8015, "Incorrect": 0.1985}], "Trajector": {"Correct": 0.9883455009235641, "Incorrect": 0.011654499076435922}}