{"Uniform": [{"Correct": 0.6515, "Incorrect": 0.3485}], "Trajector": {"Correct": 0.9864543935262556, "Incorrect": 0.013545606473744393}}