{"Uniform": [{"Correct": 0.9336, "Incorrect": 0.0664}], "Trajector": {"Correct": 0.977086815023309, "Incorrect": 0.022913184976691002}}