{"Uniform": [{"Correct": 0.6605, "Incorrect": 0.3395}], "Trajector": {"Correct": 0.9752836661095963, "Incorrect": 0.02471633389040373}}