{"Uniform": [{"Correct": 0.7619, "Incorrect": 0.2381}], "Trajector": {"Correct": 0.957252176972469, "Incorrect": 0.042747823027531}}