{"Uniform": [{"Correct": 0.8224, "Incorrect": 0.1776}], "Trajector": {"Correct": 0.9746239774826282, "Incorrect": 0.0253760225173718}}