{"Uniform": [{"Correct": 0.8203, "Incorrect": 0.1797}], "Trajector": {"Correct": 0.9891371272759257, "Incorrect": 0.010862872724074237}}