{"Uniform": [{"Correct": 0.9229, "Incorrect": 0.0771}], "Trajector": {"Correct": 0.9821884070718621, "Incorrect": 0.01781159292813792}}