{"Uniform": [{"Correct": 0.8168, "Incorrect": 0.1832}], "Trajector": {"Correct": 0.986674289735245, "Incorrect": 0.013325710264755035}}