{"Uniform": [{"Correct": 0.7026, "Incorrect": 0.2974}], "Trajector": {"Correct": 0.9655642536722667, "Incorrect": 0.03443574632773331}}