{"Uniform": [{"Correct": 0.663, "Incorrect": 0.337}], "Trajector": {"Correct": 0.9817046354120855, "Incorrect": 0.018295364587914503}}