{"Uniform": [{"Correct": 0.6317, "Incorrect": 0.3683}], "Trajector": {"Correct": 0.9710176796552027, "Incorrect": 0.028982320344797256}}