{"Uniform": [{"Correct": 0.8007, "Incorrect": 0.1993}], "Trajector": {"Correct": 0.985970621866479, "Incorrect": 0.014029378133520978}}