{"Uniform": [{"Correct": 0.8265, "Incorrect": 0.1735}], "Trajector": {"Correct": 0.9897528366610959, "Incorrect": 0.010247163338904037}}