{"Uniform": [{"Correct": 0.9211, "Incorrect": 0.0789}], "Trajector": {"Correct": 0.9816166769284898, "Incorrect": 0.018383323071510246}}