{"Uniform": [{"Correct": 0.7918, "Incorrect": 0.2082}], "Trajector": {"Correct": 0.986322455800862, "Incorrect": 0.013677544199138006}}