{"Uniform": [{"Correct": 0.9404, "Incorrect": 0.0596}], "Trajector": {"Correct": 0.9915120063330108, "Incorrect": 0.008487993666989182}}