{"Uniform": [{"Correct": 0.82, "Incorrect": 0.18}], "Trajector": {"Correct": 0.9867622482188407, "Incorrect": 0.013237751781159292}}