{"Uniform": [{"Correct": 0.7879, "Incorrect": 0.2121}], "Trajector": {"Correct": 0.9861025595918727, "Incorrect": 0.013897440408127364}}