{"Uniform": [{"Correct": 0.9334, "Incorrect": 0.0666}], "Trajector": {"Correct": 0.9831999296332131, "Incorrect": 0.016800070366786875}}