{"Uniform": [{"Correct": 0.8506, "Incorrect": 0.1494}], "Trajector": {"Correct": 0.9654323159468731, "Incorrect": 0.03456768405312692}}