{"Uniform": [{"Correct": 0.9111, "Incorrect": 0.0889}], "Trajector": {"Correct": 0.9511390623625648, "Incorrect": 0.04886093763743513}}