{"Uniform": [{"Correct": 0.9093, "Incorrect": 0.0907}], "Trajector": {"Correct": 0.8375406807986631, "Incorrect": 0.16245931920133697}}