{"Uniform": [{"Correct": 0.9114, "Incorrect": 0.0886}], "Trajector": {"Correct": 0.9479725569531181, "Incorrect": 0.05202744304688187}}