{"Uniform": [{"Correct": 0.9126, "Incorrect": 0.0874}], "Trajector": {"Correct": 0.7367842378397397, "Incorrect": 0.2632157621602604}}