{"Uniform": [{"Correct": 0.9116, "Incorrect": 0.0884}], "Trajector": {"Correct": 0.9251473304600228, "Incorrect": 0.07485266953997713}}