{"Uniform": [{"Correct": 0.9111, "Incorrect": 0.0889}], "Trajector": {"Correct": 0.83243908875011, "Incorrect": 0.16756091124989006}}