{"Uniform": [{"Correct": 0.9097, "Incorrect": 0.0903}], "Trajector": {"Correct": 0.9050927962001936, "Incorrect": 0.0949072037998065}}