{"Uniform": [{"Correct": 0.9117, "Incorrect": 0.0883}], "Trajector": {"Correct": 0.8911073973084704, "Incorrect": 0.1088926026915296}}