{"Uniform": [{"Correct": 0.9104, "Incorrect": 0.0896}], "Trajector": {"Correct": 0.8006860761720468, "Incorrect": 0.1993139238279532}}