{"Uniform": [{"Correct": 0.9122, "Incorrect": 0.0878}], "Trajector": {"Correct": 0.7684053126924092, "Incorrect": 0.2315946873075908}}