{"Uniform": [{"Correct": 0.912, "Incorrect": 0.088}], "Trajector": {"Correct": 0.7414900167121119, "Incorrect": 0.2585099832878881}}