{"Uniform": [{"Correct": 0.9107, "Incorrect": 0.0893}], "Trajector": {"Correct": 0.8776497493183217, "Incorrect": 0.12235025068167825}}