{"Uniform": [{"Correct": 0.9128, "Incorrect": 0.0872}], "Trajector": {"Correct": 0.7789163514821005, "Incorrect": 0.22108364851789955}}