{"Uniform": [{"Correct": 0.9147, "Incorrect": 0.0853}], "Trajector": {"Correct": 0.9452018647198522, "Incorrect": 0.05479813528014777}}