{"Uniform": [{"Correct": 0.9091, "Incorrect": 0.0909}], "Trajector": {"Correct": 0.8872812032720556, "Incorrect": 0.11271879672794441}}