{"Uniform": [{"Correct": 0.9118, "Incorrect": 0.0882}], "Trajector": {"Correct": 0.8455888820476735, "Incorrect": 0.1544111179523265}}