{"Uniform": [{"Correct": 0.9108, "Incorrect": 0.0892}], "Trajector": {"Correct": 0.8879408918990237, "Incorrect": 0.11205910810097634}}