{"Uniform": [{"Correct": 0.9121, "Incorrect": 0.0879}], "Trajector": {"Correct": 0.7991907819509192, "Incorrect": 0.20080921804908083}}