{"Uniform": [{"Correct": 0.9147, "Incorrect": 0.0853}], "Trajector": {"Correct": 0.8177500219896209, "Incorrect": 0.1822499780103791}}