{"Uniform": [{"Correct": 0.9124, "Incorrect": 0.0876}], "Trajector": {"Correct": 0.8873691617556513, "Incorrect": 0.11263083824434866}}