{"Uniform": [{"Correct": 0.646, "Incorrect": 0.354}], "Trajector": {"Correct": 0.9693904477086815, "Incorrect": 0.0306095522913185}}