{"Uniform": [{"Correct": 0.938, "Incorrect": 0.062}], "Trajector": {"Correct": 0.9847831823379365, "Incorrect": 0.015216817662063505}}