{"Uniform": [{"Correct": 0.809, "Incorrect": 0.191}], "Trajector": {"Correct": 0.9871580613950216, "Incorrect": 0.01284193860497845}}