{"Uniform": [{"Correct": 0.9279, "Incorrect": 0.0721}], "Trajector": {"Correct": 0.9853988917231067, "Incorrect": 0.014601108276893307}}