{"Uniform": [{"Correct": 0.9329, "Incorrect": 0.0671}], "Trajector": {"Correct": 0.9735684756794792, "Incorrect": 0.026431524320520716}}