{"Uniform": [{"Correct": 0.9433, "Incorrect": 0.0567}], "Trajector": {"Correct": 0.9879496877473832, "Incorrect": 0.012050312252616765}}