{"Uniform": [{"Correct": 0.931, "Incorrect": 0.069}], "Trajector": {"Correct": 0.9751957076260005, "Incorrect": 0.024804292373999472}}