{"Uniform": [{"Correct": 0.929, "Incorrect": 0.071}], "Trajector": {"Correct": 0.9762512094291494, "Incorrect": 0.02374879057085056}}