{"Uniform": [{"Correct": 0.9436, "Incorrect": 0.0564}], "Trajector": {"Correct": 0.9910722139150321, "Incorrect": 0.008927786084967896}}