{"Uniform": [{"Correct": 0.9269, "Incorrect": 0.0731}], "Trajector": {"Correct": 0.9820124901046706, "Incorrect": 0.017987509895329403}}