{"Uniform": [{"Correct": 0.8291, "Incorrect": 0.1709}], "Trajector": {"Correct": 0.985618787932096, "Incorrect": 0.014381212067903949}}