{"Uniform": [{"Correct": 0.8263, "Incorrect": 0.1737}], "Trajector": {"Correct": 0.9906764007388512, "Incorrect": 0.009323599261148738}}