{"Uniform": [{"Correct": 0.6583, "Incorrect": 0.3417}], "Trajector": {"Correct": 0.9842554314363621, "Incorrect": 0.015744568563637963}}