{"Uniform": [{"Correct": 0.8088, "Incorrect": 0.1912}], "Trajector": {"Correct": 0.98698214442783, "Incorrect": 0.013017855572169936}}