{"Uniform": [{"Correct": 0.8292, "Incorrect": 0.1708}], "Trajector": {"Correct": 0.989708857419298, "Incorrect": 0.010291142580701908}}