{"Uniform": [{"Correct": 0.9643, "Incorrect": 0.0357}], "Trajector": {"Correct": 0.9871580613950216, "Incorrect": 0.01284193860497845}}