{"Uniform": [{"Correct": 0.939, "Incorrect": 0.061}], "Trajector": {"Correct": 0.9645527311109157, "Incorrect": 0.03544726888908435}}