{"Uniform": [{"Correct": 0.9314, "Incorrect": 0.0686}], "Trajector": {"Correct": 0.9901046705954789, "Incorrect": 0.009895329404521066}}