{"Uniform": [{"Correct": 0.9308, "Incorrect": 0.0692}], "Trajector": {"Correct": 0.9351306183481397, "Incorrect": 0.06486938165186032}}