{"Uniform": [{"Correct": 0.8176, "Incorrect": 0.1824}], "Trajector": {"Correct": 0.9882575424399683, "Incorrect": 0.011742457560031665}}