{"Uniform": [{"Correct": 0.6822, "Incorrect": 0.3178}], "Trajector": {"Correct": 0.9886533556161492, "Incorrect": 0.011346644383850822}}