{"Uniform": [{"Correct": 0.3188, "Incorrect": 0.6812}], "Trajector": {"Correct": 0.5829644740387206, "Incorrect": 0.4170355259612794}}