{"Uniform": [{"Correct": 0.4121, "Incorrect": 0.5879}], "Trajector": {"Correct": 0.3804318540471883, "Incorrect": 0.6195681459528116}}