{"Uniform": [{"Correct": 0.3756, "Incorrect": 0.6244}], "Trajector": {"Correct": 0.363573380547323, "Incorrect": 0.636426619452677}}