{"Uniform": [{"Correct": 0.2713, "Incorrect": 0.7287}], "Trajector": {"Correct": 0.3228128247565529, "Incorrect": 0.6771871752434472}}