{"Uniform": [{"Correct": 0.5106, "Incorrect": 0.4894}], "Trajector": {"Correct": 0.519610484584889, "Incorrect": 0.48038951541511105}}