{"Uniform": [{"Correct": 0.538, "Incorrect": 0.462}], "Trajector": {"Correct": 0.5751895616027096, "Incorrect": 0.4248104383972903}}