{"Uniform": [{"Correct": 0.3579, "Incorrect": 0.6421}], "Trajector": {"Correct": 0.5596782263962126, "Incorrect": 0.4403217736037874}}