{"Uniform": [{"Correct": 0.5072, "Incorrect": 0.4928}], "Trajector": {"Correct": 0.5969747122897502, "Incorrect": 0.4030252877102498}}