{"Uniform": [{"Correct": 0.271, "Incorrect": 0.729}], "Trajector": {"Correct": 0.3338593587621724, "Incorrect": 0.6661406412378277}}