{"Uniform": [{"Correct": 0.3273, "Incorrect": 0.6727}], "Trajector": {"Correct": 0.4806204534082599, "Incorrect": 0.5193795465917401}}