{"Uniform": [{"Correct": 0.4748, "Incorrect": 0.5252}], "Trajector": {"Correct": 0.3592625380085447, "Incorrect": 0.6407374619914553}}