{"Uniform": [{"Correct": 0.3134, "Incorrect": 0.6866}], "Trajector": {"Correct": 0.4123782764327778, "Incorrect": 0.5876217235672222}}