{"Uniform": [{"Correct": 0.2549, "Incorrect": 0.7451}], "Trajector": {"Correct": 0.24979792925599476, "Incorrect": 0.7502020707440052}}