{"Uniform": [{"Correct": 0.3419, "Incorrect": 0.6581}], "Trajector": {"Correct": 0.19013894769254455, "Incorrect": 0.8098610523074554}}