{"Uniform": [{"Correct": 0.35, "Incorrect": 0.65}], "Trajector": {"Correct": 0.2678495823871291, "Incorrect": 0.7321504176128709}}