{"Uniform": [{"Correct": 0.3834, "Incorrect": 0.6166}], "Trajector": {"Correct": 0.21819791386012855, "Incorrect": 0.7818020861398715}}