{"Uniform": [{"Correct": 0.3286, "Incorrect": 0.6714}], "Trajector": {"Correct": 0.5012509141295562, "Incorrect": 0.4987490858704438}}