{"Uniform": [{"Correct": 0.4666, "Incorrect": 0.5334}], "Trajector": {"Correct": 0.5232285131442208, "Incorrect": 0.47677148685577925}}