{"Uniform": [{"Correct": 0.3698, "Incorrect": 0.6302}], "Trajector": {"Correct": 0.42985258458104, "Incorrect": 0.57014741541896}}