{"Uniform": [{"Correct": 0.3456, "Incorrect": 0.6544}], "Trajector": {"Correct": 0.361187021284785, "Incorrect": 0.6388129787152149}}