{"Uniform": [{"Correct": 0.3621, "Incorrect": 0.6379}], "Trajector": {"Correct": 0.44301605019052387, "Incorrect": 0.5569839498094762}}