{"Uniform": [{"Correct": 0.2961, "Incorrect": 0.7039}], "Trajector": {"Correct": 0.42434856241099267, "Incorrect": 0.5756514375890074}}