{"Uniform": [{"Correct": 0.2661, "Incorrect": 0.7339}], "Trajector": {"Correct": 0.3990993418267195, "Incorrect": 0.6009006581732804}}