{"Uniform": [{"Correct": 0.4226, "Incorrect": 0.5774}], "Trajector": {"Correct": 0.5101035372002617, "Incorrect": 0.48989646279973825}}