{"Uniform": [{"Correct": 0.357, "Incorrect": 0.643}], "Trajector": {"Correct": 0.45221508025095264, "Incorrect": 0.5477849197490474}}