{"Uniform": [{"Correct": 0.2665, "Incorrect": 0.7335}], "Trajector": {"Correct": 0.39101651206651017, "Incorrect": 0.6089834879334899}}