{"Uniform": [{"Correct": 0.2264, "Incorrect": 0.7736}], "Trajector": {"Correct": 0.3351680073900158, "Incorrect": 0.6648319926099843}}