{"Uniform": [{"Correct": 0.2576, "Incorrect": 0.7424}], "Trajector": {"Correct": 0.19302567260690504, "Incorrect": 0.8069743273930949}}