{"Uniform": [{"Correct": 0.3936, "Incorrect": 0.6064}], "Trajector": {"Correct": 0.36191832492975634, "Incorrect": 0.6380816750702436}}