{"Uniform": [{"Correct": 0.2686, "Incorrect": 0.7314}], "Trajector": {"Correct": 0.49790231322889805, "Incorrect": 0.502097686771102}}