{"Uniform": [{"Correct": 0.3003, "Incorrect": 0.6997}], "Trajector": {"Correct": 0.5295793079558139, "Incorrect": 0.47042069204418613}}