{"Uniform": [{"Correct": 0.2436, "Incorrect": 0.7564}], "Trajector": {"Correct": 0.46803433278164813, "Incorrect": 0.5319656672183519}}