{"Uniform": [{"Correct": 0.2936, "Incorrect": 0.7064}], "Trajector": {"Correct": 0.3908240637388861, "Incorrect": 0.6091759362611139}}