{"Uniform": [{"Correct": 0.3865, "Incorrect": 0.6135}], "Trajector": {"Correct": 0.3812786266887341, "Incorrect": 0.618721373311266}}