{"Uniform": [{"Correct": 0.4422, "Incorrect": 0.5578}], "Trajector": {"Correct": 0.48924213848581655, "Incorrect": 0.5107578615141835}}