{"Uniform": [{"Correct": 0.3014, "Incorrect": 0.6986}], "Trajector": {"Correct": 0.39178630537700626, "Incorrect": 0.6082136946229937}}