{"Uniform": [{"Correct": 0.2508, "Incorrect": 0.7492}], "Trajector": {"Correct": 0.3523343982140795, "Incorrect": 0.6476656017859205}}