{"Uniform": [{"Correct": 0.4406, "Incorrect": 0.5594}], "Trajector": {"Correct": 0.3091105038297217, "Incorrect": 0.6908894961702783}}