{"Uniform": [{"Correct": 0.3551, "Incorrect": 0.6449}], "Trajector": {"Correct": 0.33308956545167623, "Incorrect": 0.6669104345483238}}