{"Uniform": [{"Correct": 0.2569, "Incorrect": 0.7431}], "Trajector": {"Correct": 0.44424771948731767, "Incorrect": 0.5557522805126823}}