{"Uniform": [{"Correct": 0.3007, "Incorrect": 0.6993}], "Trajector": {"Correct": 0.40333320503444825, "Incorrect": 0.5966667949655517}}