{"Uniform": [{"Correct": 0.3949, "Incorrect": 0.6051}], "Trajector": {"Correct": 0.37427350756321925, "Incorrect": 0.6257264924367807}}