{"Uniform": [{"Correct": 0.2719, "Incorrect": 0.7281}], "Trajector": {"Correct": 0.45417805319271776, "Incorrect": 0.5458219468072822}}