{"Uniform": [{"Correct": 0.2964, "Incorrect": 0.7036}], "Trajector": {"Correct": 0.4719987683307032, "Incorrect": 0.5280012316692968}}