{"Uniform": [{"Correct": 0.2954, "Incorrect": 0.7046}], "Trajector": {"Correct": 0.38778338016242636, "Incorrect": 0.6122166198375736}}