{"Uniform": [{"Correct": 0.4577, "Incorrect": 0.5423}], "Trajector": {"Correct": 0.38685962818983105, "Incorrect": 0.613140371810169}}