{"Uniform": [{"Correct": 0.3146, "Incorrect": 0.6854}], "Trajector": {"Correct": 0.3498710596204919, "Incorrect": 0.6501289403795081}}