{"Uniform": [{"Correct": 0.3006, "Incorrect": 0.6994}], "Trajector": {"Correct": 0.3458296447403872, "Incorrect": 0.6541703552596128}}