{"Uniform": [{"Correct": 0.2576, "Incorrect": 0.7424}], "Trajector": {"Correct": 0.2704668796428159, "Incorrect": 0.7295331203571841}}