{"Uniform": [{"Correct": 0.3128, "Incorrect": 0.6872}], "Trajector": {"Correct": 0.42727377699087793, "Incorrect": 0.572726223009122}}