{"Uniform": [{"Correct": 0.2915, "Incorrect": 0.7085}], "Trajector": {"Correct": 0.48496978561256304, "Incorrect": 0.515030214387437}}