{"Uniform": [{"Correct": 0.487, "Incorrect": 0.513}], "Trajector": {"Correct": 0.360994572957161, "Incorrect": 0.639005427042839}}