{"Uniform": [{"Correct": 0.248, "Incorrect": 0.752}], "Trajector": {"Correct": 0.3133828567029753, "Incorrect": 0.6866171432970247}}