{"Uniform": [{"Correct": 0.3307, "Incorrect": 0.6693}], "Trajector": {"Correct": 0.23536430468419228, "Incorrect": 0.7646356953158077}}