{"Uniform": [{"Correct": 0.3496, "Incorrect": 0.6504}], "Trajector": {"Correct": 0.4932065740348716, "Incorrect": 0.5067934259651283}}