{"Uniform": [{"Correct": 0.2373, "Incorrect": 0.7627}], "Trajector": {"Correct": 0.2676186443939802, "Incorrect": 0.7323813556060198}}