{"Uniform": [{"Correct": 0.2883, "Incorrect": 0.7117}], "Trajector": {"Correct": 0.3065701859050845, "Incorrect": 0.6934298140949156}}