{"Uniform": [{"Correct": 0.2048, "Incorrect": 0.7952}], "Trajector": {"Correct": 0.36484353950964166, "Incorrect": 0.6351564604903583}}