{"Uniform": [{"Correct": 0.2936, "Incorrect": 0.7064}], "Trajector": {"Correct": 0.46426234556021706, "Incorrect": 0.5357376544397829}}