{"Uniform": [{"Correct": 0.2463, "Incorrect": 0.7537}], "Trajector": {"Correct": 0.5305415495939341, "Incorrect": 0.469458450406066}}