{"Uniform": [{"Correct": 0.38, "Incorrect": 0.62}], "Trajector": {"Correct": 0.27258381124668024, "Incorrect": 0.7274161887533197}}