{"Uniform": [{"Correct": 0.258, "Incorrect": 0.742}], "Trajector": {"Correct": 0.6018628998114006, "Incorrect": 0.3981371001885994}}