{"Uniform": [{"Correct": 0.2678, "Incorrect": 0.7322}], "Trajector": {"Correct": 0.39586620992263577, "Incorrect": 0.6041337900773642}}