{"Uniform": [{"Correct": 0.3129, "Incorrect": 0.6871}], "Trajector": {"Correct": 0.4762326315384319, "Incorrect": 0.523767368461568}}