{"Uniform": [{"Correct": 0.2563, "Incorrect": 0.7437}], "Trajector": {"Correct": 0.5511335206497056, "Incorrect": 0.44886647935029445}}