{"Uniform": [{"Correct": 0.342, "Incorrect": 0.658}], "Trajector": {"Correct": 0.38697509718640544, "Incorrect": 0.6130249028135946}}