{"Uniform": [{"Correct": 0.3164, "Incorrect": 0.6836}], "Trajector": {"Correct": 0.4221931411416035, "Incorrect": 0.5778068588583966}}