{"Uniform": [{"Correct": 0.3596, "Incorrect": 0.6404}], "Trajector": {"Correct": 0.43870520765174553, "Incorrect": 0.5612947923482545}}