{"Uniform": [{"Correct": 0.3618, "Incorrect": 0.6382}], "Trajector": {"Correct": 0.5083330125861206, "Incorrect": 0.4916669874138794}}