{"Uniform": [{"Correct": 0.3963, "Incorrect": 0.6037}], "Trajector": {"Correct": 0.5094107232208153, "Incorrect": 0.4905892767791848}}