{"Uniform": [{"Correct": 0.3065, "Incorrect": 0.6935}], "Trajector": {"Correct": 0.5912012624610292, "Incorrect": 0.4087987375389708}}