{"Uniform": [{"Correct": 0.386, "Incorrect": 0.614}], "Trajector": {"Correct": 0.21219352603825872, "Incorrect": 0.7878064739617413}}