{"Uniform": [{"Correct": 0.3184, "Incorrect": 0.6816}], "Trajector": {"Correct": 0.5470151264385512, "Incorrect": 0.45298487356144873}}