{"Uniform": [{"Correct": 0.3275, "Incorrect": 0.6725}], "Trajector": {"Correct": 0.5113352064970555, "Incorrect": 0.48866479350294445}}