{"Uniform": [{"Correct": 0.5658, "Incorrect": 0.4342}], "Trajector": {"Correct": 0.5204187675609099, "Incorrect": 0.4795812324390901}}