{"Uniform": [{"Correct": 0.366, "Incorrect": 0.634}], "Trajector": {"Correct": 0.3246218390362188, "Incorrect": 0.6753781609637812}}