{"Uniform": [{"Correct": 0.2822, "Incorrect": 0.7178}], "Trajector": {"Correct": 0.48381509564681885, "Incorrect": 0.5161849043531812}}