{"Uniform": [{"Correct": 0.4271, "Incorrect": 0.5729}], "Trajector": {"Correct": 0.5270389900311766, "Incorrect": 0.4729610099688234}}