{"Uniform": [{"Correct": 0.2818, "Incorrect": 0.7182}], "Trajector": {"Correct": 0.4118394211154305, "Incorrect": 0.5881605788845695}}