{"Uniform": [{"Correct": 0.4024, "Incorrect": 0.5976}], "Trajector": {"Correct": 0.3289326815749971, "Incorrect": 0.6710673184250029}}