{"Uniform": [{"Correct": 0.3066, "Incorrect": 0.6934}], "Trajector": {"Correct": 0.6231091951810939, "Incorrect": 0.37689080481890613}}