{"Uniform": [{"Correct": 0.4754, "Incorrect": 0.5246}], "Trajector": {"Correct": 0.28312997960047726, "Incorrect": 0.7168700203995227}}