{"Uniform": [{"Correct": 0.3579, "Incorrect": 0.6421}], "Trajector": {"Correct": 0.27304568723297795, "Incorrect": 0.726954312767022}}