{"Uniform": [{"Correct": 0.2886, "Incorrect": 0.7114}], "Trajector": {"Correct": 0.3190408375351218, "Incorrect": 0.6809591624648782}}