{"Uniform": [{"Correct": 0.2761, "Incorrect": 0.7239}], "Trajector": {"Correct": 0.4593741580385666, "Incorrect": 0.5406258419614334}}