{"Uniform": [{"Correct": 0.2218, "Incorrect": 0.7782}], "Trajector": {"Correct": 0.3397482775874678, "Incorrect": 0.6602517224125323}}