{"Uniform": [{"Correct": 0.3815, "Incorrect": 0.6185}], "Trajector": {"Correct": 0.6367345367768754, "Incorrect": 0.3632654632231246}}