{"Uniform": [{"Correct": 0.2062, "Incorrect": 0.7938}], "Trajector": {"Correct": 0.44590277510488435, "Incorrect": 0.5540972248951157}}