{"Uniform": [{"Correct": 0.5093, "Incorrect": 0.4907}], "Trajector": {"Correct": 0.38458873792386744, "Incorrect": 0.6154112620761325}}