{"Uniform": [{"Correct": 0.222, "Incorrect": 0.778}], "Trajector": {"Correct": 0.5226511681613487, "Incorrect": 0.47734883183865134}}