{"Uniform": [{"Correct": 0.3222, "Incorrect": 0.6778}], "Trajector": {"Correct": 0.6499364920518841, "Incorrect": 0.3500635079481159}}