{"Uniform": [{"Correct": 0.3338, "Incorrect": 0.6662}], "Trajector": {"Correct": 0.34971710095839265, "Incorrect": 0.6502828990416073}}