{"Uniform": [{"Correct": 0.274, "Incorrect": 0.726}], "Trajector": {"Correct": 0.5933951733959432, "Incorrect": 0.40660482660405683}}