{"Uniform": [{"Correct": 0.2846, "Incorrect": 0.7154}], "Trajector": {"Correct": 0.3434047958123244, "Incorrect": 0.6565952041876756}}