{"Uniform": [{"Correct": 0.1815, "Incorrect": 0.8185}], "Trajector": {"Correct": 0.17320349486162964, "Incorrect": 0.8267965051383703}}