{"Uniform": [{"Correct": 0.3903, "Incorrect": 0.6097}], "Trajector": {"Correct": 0.242985258458104, "Incorrect": 0.757014741541896}}