{"Uniform": [{"Correct": 0.2923, "Incorrect": 0.7077}], "Trajector": {"Correct": 0.6617143297024749, "Incorrect": 0.3382856702975251}}