{"Uniform": [{"Correct": 0.528, "Incorrect": 0.472}], "Trajector": {"Correct": 0.4275816943150764, "Incorrect": 0.5724183056849236}}