{"Uniform": [{"Correct": 0.4095, "Incorrect": 0.5905}], "Trajector": {"Correct": 0.36846156806897346, "Incorrect": 0.6315384319310265}}