{"Uniform": [{"Correct": 0.9125, "Incorrect": 0.0875}], "Trajector": {"Correct": 0.9046530037822148, "Incorrect": 0.09534699621778521}}