{"Uniform": [{"Correct": 0.9096, "Incorrect": 0.0904}], "Trajector": {"Correct": 0.913800686076172, "Incorrect": 0.08619931392382796}}