{"Uniform": [{"Correct": 0.9114, "Incorrect": 0.0886}], "Trajector": {"Correct": 0.9630134576479902, "Incorrect": 0.03698654235200985}}