{"Uniform": [{"Correct": 0.9124, "Incorrect": 0.0876}], "Trajector": {"Correct": 0.8322191925411206, "Incorrect": 0.1677808074588794}}