{"Uniform": [{"Correct": 0.9129, "Incorrect": 0.0871}], "Trajector": {"Correct": 0.7761456592488345, "Incorrect": 0.22385434075116545}}