{"Uniform": [{"Correct": 0.9154, "Incorrect": 0.0846}], "Trajector": {"Correct": 0.8799366698918111, "Incorrect": 0.12006333010818894}}