{"Uniform": [{"Correct": 0.9159, "Incorrect": 0.0841}], "Trajector": {"Correct": 0.8757586419210133, "Incorrect": 0.12424135807898672}}