{"Uniform": [{"Correct": 0.9162, "Incorrect": 0.0838}], "Trajector": {"Correct": 0.9472688890843521, "Incorrect": 0.05273111091564781}}