{"Uniform": [{"Correct": 0.706, "Incorrect": 0.294}], "Trajector": {"Correct": 0.9889172310669364, "Incorrect": 0.011082768933063593}}