{"Uniform": [{"Correct": 0.9304, "Incorrect": 0.0696}], "Trajector": {"Correct": 0.9773506904740962, "Incorrect": 0.022649309525903775}}