{"Uniform": [{"Correct": 0.9404, "Incorrect": 0.0596}], "Trajector": {"Correct": 0.9785821092444367, "Incorrect": 0.021417890755563374}}