{"Uniform": [{"Correct": 0.627, "Incorrect": 0.373}], "Trajector": {"Correct": 0.9650365027706922, "Incorrect": 0.03496349722930776}}