{"Uniform": [{"Correct": 0.8283, "Incorrect": 0.1717}], "Trajector": {"Correct": 0.9891811065177236, "Incorrect": 0.010818893482276366}}