{"Uniform": [{"Correct": 0.9353, "Incorrect": 0.0647}], "Trajector": {"Correct": 0.9824522825226493, "Incorrect": 0.01754771747735069}}