{"Uniform": [{"Correct": 0.8222, "Incorrect": 0.1778}], "Trajector": {"Correct": 0.9772187527487026, "Incorrect": 0.022781247251297387}}