{"Uniform": [{"Correct": 0.912, "Incorrect": 0.088}], "Trajector": {"Correct": 0.9176708593543847, "Incorrect": 0.08232914064561526}}