{"Uniform": [{"Correct": 0.9159, "Incorrect": 0.0841}], "Trajector": {"Correct": 0.7928137918902278, "Incorrect": 0.20718620810977217}}