{"Uniform": [{"Correct": 0.9129, "Incorrect": 0.0871}], "Trajector": {"Correct": 0.9482804116457032, "Incorrect": 0.05171958835429677}}