{"Uniform": [{"Correct": 0.913, "Incorrect": 0.087}], "Trajector": {"Correct": 0.7392470753804204, "Incorrect": 0.26075292461957955}}