{"Uniform": [{"Correct": 0.9117, "Incorrect": 0.0883}], "Trajector": {"Correct": 0.8110211979945465, "Incorrect": 0.18897880200545342}}