{"Uniform": [{"Correct": 0.4793, "Incorrect": 0.5207}], "Trajector": {"Correct": 0.8271615797343653, "Incorrect": 0.17283842026563462}}