{"Uniform": [{"Correct": 0.9139, "Incorrect": 0.0861}], "Trajector": {"Correct": 0.9444981968510863, "Incorrect": 0.05550180314891371}}