{"Uniform": [{"Correct": 0.9135, "Incorrect": 0.0865}], "Trajector": {"Correct": 0.8102295716421849, "Incorrect": 0.1897704283578151}}