{"Uniform": [{"Correct": 0.9164, "Incorrect": 0.0836}], "Trajector": {"Correct": 0.9043451490896297, "Incorrect": 0.0956548509103703}}