{"Uniform": [{"Correct": 0.915, "Incorrect": 0.085}], "Trajector": {"Correct": 0.8678863576391943, "Incorrect": 0.1321136423608057}}