{"Uniform": [{"Correct": 0.9167, "Incorrect": 0.0833}], "Trajector": {"Correct": 0.8284809569883015, "Incorrect": 0.17151904301169849}}