{"Uniform": [{"Correct": 0.9107, "Incorrect": 0.0893}], "Trajector": {"Correct": 0.911425807019087, "Incorrect": 0.08857419298091301}}