{"Uniform": [{"Correct": 0.9117, "Incorrect": 0.0883}], "Trajector": {"Correct": 0.955888820476735, "Incorrect": 0.04411117952326502}}