{"Uniform": [{"Correct": 0.9107, "Incorrect": 0.0893}], "Trajector": {"Correct": 0.7905268713167385, "Incorrect": 0.2094731286832615}}