{"Uniform": [{"Correct": 0.9148, "Incorrect": 0.0852}], "Trajector": {"Correct": 0.8146714750637699, "Incorrect": 0.1853285249362301}}