{"Uniform": [{"Correct": 0.913, "Incorrect": 0.087}], "Trajector": {"Correct": 0.924091828656874, "Incorrect": 0.07590817134312604}}