{"Uniform": [{"Correct": 0.9122, "Incorrect": 0.0878}], "Trajector": {"Correct": 0.8186296068255783, "Incorrect": 0.18137039317442166}}