{"Uniform": [{"Correct": 0.911, "Incorrect": 0.089}], "Trajector": {"Correct": 0.885082241182162, "Incorrect": 0.11491775881783799}}