{"Uniform": [{"Correct": 0.9105, "Incorrect": 0.0895}], "Trajector": {"Correct": 0.8708329668396517, "Incorrect": 0.1291670331603483}}