{"Uniform": [{"Correct": 0.9163, "Incorrect": 0.0837}], "Trajector": {"Correct": 0.8979681590289383, "Incorrect": 0.10203184097106166}}