{"Uniform": [{"Correct": 0.9114, "Incorrect": 0.0886}], "Trajector": {"Correct": 0.9230803060955229, "Incorrect": 0.07691969390447709}}