{"Uniform": [{"Correct": 0.9099, "Incorrect": 0.0901}], "Trajector": {"Correct": 0.9356583692497141, "Incorrect": 0.06434163075028587}}