{"Uniform": [{"Correct": 0.9157, "Incorrect": 0.0843}], "Trajector": {"Correct": 0.7902629958659513, "Incorrect": 0.20973700413404872}}