{"Uniform": [{"Correct": 0.5503, "Incorrect": 0.4497}], "Trajector": {"Correct": 0.39382625764982104, "Incorrect": 0.606173742350179}}