{"Uniform": [{"Correct": 0.3575, "Incorrect": 0.6425}], "Trajector": {"Correct": 0.3474462106924291, "Incorrect": 0.6525537893075709}}