{"Uniform": [{"Correct": 0.4053, "Incorrect": 0.5947}], "Trajector": {"Correct": 0.2821677379623571, "Incorrect": 0.7178322620376429}}