{"Uniform": [{"Correct": 0.2696, "Incorrect": 0.7304}], "Trajector": {"Correct": 0.3024133020284054, "Incorrect": 0.6975866979715947}}