{"Uniform": [{"Correct": 0.654, "Incorrect": 0.346}], "Trajector": {"Correct": 0.46872714676109467, "Incorrect": 0.5312728532389054}}