{"Uniform": [{"Correct": 0.372, "Incorrect": 0.628}], "Trajector": {"Correct": 0.39555829259843733, "Incorrect": 0.6044417074015627}}