{"Uniform": [{"Correct": 0.5272, "Incorrect": 0.4728}], "Trajector": {"Correct": 0.4398598976174897, "Incorrect": 0.5601401023825103}}