{"Uniform": [{"Correct": 0.4891, "Incorrect": 0.5109}], "Trajector": {"Correct": 0.5101805165313114, "Incorrect": 0.48981948346868864}}