{"Uniform": [{"Correct": 0.3809, "Incorrect": 0.6191}], "Trajector": {"Correct": 0.4608752549940341, "Incorrect": 0.5391247450059659}}