{"Uniform": [{"Correct": 0.1969, "Incorrect": 0.8031}], "Trajector": {"Correct": 0.27550902582656556, "Incorrect": 0.7244909741734344}}