{"Uniform": [{"Correct": 0.5181, "Incorrect": 0.4819}], "Trajector": {"Correct": 0.40760555790770175, "Incorrect": 0.5923944420922982}}