{"Uniform": [{"Correct": 0.3603, "Incorrect": 0.6397}], "Trajector": {"Correct": 0.3651129671683153, "Incorrect": 0.6348870328316847}}