{"Uniform": [{"Correct": 0.276, "Incorrect": 0.724}], "Trajector": {"Correct": 0.3960971479157846, "Incorrect": 0.6039028520842153}}