{"Uniform": [{"Correct": 0.3432, "Incorrect": 0.6568}], "Trajector": {"Correct": 0.287363842808206, "Incorrect": 0.712636157191794}}