{"Uniform": [{"Correct": 0.435, "Incorrect": 0.565}], "Trajector": {"Correct": 0.30826373118817596, "Incorrect": 0.691736268811824}}