{"Uniform": [{"Correct": 0.5786, "Incorrect": 0.4214}], "Trajector": {"Correct": 0.326969708633232, "Incorrect": 0.6730302913667681}}