{"Uniform": [{"Correct": 0.4339, "Incorrect": 0.5661}], "Trajector": {"Correct": 0.3328971171240522, "Incorrect": 0.6671028828759478}}