{"Uniform": [{"Correct": 0.3798, "Incorrect": 0.6202}], "Trajector": {"Correct": 0.3697317270312921, "Incorrect": 0.6302682729687079}}