{"Uniform": [{"Correct": 0.4505, "Incorrect": 0.5495}], "Trajector": {"Correct": 0.45221508025095264, "Incorrect": 0.5477849197490474}}