{"Uniform": [{"Correct": 0.5781, "Incorrect": 0.4219}], "Trajector": {"Correct": 0.45009814864708825, "Incorrect": 0.5499018513529117}}