{"Uniform": [{"Correct": 0.3433, "Incorrect": 0.6567}], "Trajector": {"Correct": 0.38743697317270315, "Incorrect": 0.6125630268272969}}