{"Uniform": [{"Correct": 0.49, "Incorrect": 0.51}], "Trajector": {"Correct": 0.4188445402409453, "Incorrect": 0.5811554597590547}}