{"Uniform": [{"Correct": 0.3592, "Incorrect": 0.6408}], "Trajector": {"Correct": 0.3714637619799084, "Incorrect": 0.6285362380200916}}