{"Uniform": [{"Correct": 0.3672, "Incorrect": 0.6328}], "Trajector": {"Correct": 0.287363842808206, "Incorrect": 0.712636157191794}}