{"Uniform": [{"Correct": 0.3246, "Incorrect": 0.6754}], "Trajector": {"Correct": 0.3909010430699357, "Incorrect": 0.6090989569300643}}