{"Uniform": [{"Correct": 0.4586, "Incorrect": 0.5414}], "Trajector": {"Correct": 0.4846233786228398, "Incorrect": 0.5153766213771602}}