{"Uniform": [{"Correct": 0.4899, "Incorrect": 0.5101}], "Trajector": {"Correct": 0.40021554212693894, "Incorrect": 0.5997844578730611}}