{"Uniform": [{"Correct": 0.6936, "Incorrect": 0.3064}], "Trajector": {"Correct": 0.4398214079519649, "Incorrect": 0.5601785920480351}}