{"Uniform": [{"Correct": 0.2713, "Incorrect": 0.7287}], "Trajector": {"Correct": 0.3018359570455333, "Incorrect": 0.6981640429544668}}