{"Uniform": [{"Correct": 0.4424, "Incorrect": 0.5576}], "Trajector": {"Correct": 0.4099149378391902, "Incorrect": 0.5900850621608098}}