{"Uniform": [{"Correct": 0.3525, "Incorrect": 0.6475}], "Trajector": {"Correct": 0.3809322196990108, "Incorrect": 0.6190677803009892}}