{"Uniform": [{"Correct": 0.5474, "Incorrect": 0.4526}], "Trajector": {"Correct": 0.3898618221007659, "Incorrect": 0.6101381778992341}}