{"Uniform": [{"Correct": 0.3545, "Incorrect": 0.6455}], "Trajector": {"Correct": 0.35552904045263845, "Incorrect": 0.6444709595473616}}