{"Uniform": [{"Correct": 0.4394, "Incorrect": 0.5606}], "Trajector": {"Correct": 0.38685962818983105, "Incorrect": 0.613140371810169}}