{"Uniform": [{"Correct": 0.6534, "Incorrect": 0.3466}], "Trajector": {"Correct": 0.4492128863400177, "Incorrect": 0.5507871136599823}}