{"Uniform": [{"Correct": 0.5183, "Incorrect": 0.4817}], "Trajector": {"Correct": 0.4350871790924137, "Incorrect": 0.5649128209075863}}