{"Uniform": [{"Correct": 0.6527, "Incorrect": 0.3473}], "Trajector": {"Correct": 0.40113929409953425, "Incorrect": 0.5988607059004657}}