{"Uniform": [{"Correct": 0.5672, "Incorrect": 0.4328}], "Trajector": {"Correct": 0.27085177629806395, "Incorrect": 0.729148223701936}}