{"Uniform": [{"Correct": 0.2861, "Incorrect": 0.7139}], "Trajector": {"Correct": 0.3210807898079366, "Incorrect": 0.6789192101920635}}