{"Uniform": [{"Correct": 0.4818, "Incorrect": 0.5182}], "Trajector": {"Correct": 0.36207228359185556, "Incorrect": 0.6379277164081444}}