{"Uniform": [{"Correct": 0.7333, "Incorrect": 0.2667}], "Trajector": {"Correct": 0.4508679419575844, "Incorrect": 0.5491320580424156}}