{"Uniform": [{"Correct": 0.436, "Incorrect": 0.564}], "Trajector": {"Correct": 0.42985258458104, "Incorrect": 0.57014741541896}}