{"Uniform": [{"Correct": 0.4529, "Incorrect": 0.5471}], "Trajector": {"Correct": 0.3387475462838228, "Incorrect": 0.6612524537161772}}