{"Uniform": [{"Correct": 0.4973, "Incorrect": 0.5027}], "Trajector": {"Correct": 0.32373657672914824, "Incorrect": 0.6762634232708518}}