{"Uniform": [{"Correct": 0.6534, "Incorrect": 0.3466}], "Trajector": {"Correct": 0.40464185366229166, "Incorrect": 0.5953581463377083}}