{"Uniform": [{"Correct": 0.3587, "Incorrect": 0.6413}], "Trajector": {"Correct": 0.34913975597552055, "Incorrect": 0.6508602440244794}}