{"Uniform": [{"Correct": 0.489, "Incorrect": 0.511}], "Trajector": {"Correct": 0.4141872907124437, "Incorrect": 0.5858127092875562}}