{"Uniform": [{"Correct": 0.2862, "Incorrect": 0.7138}], "Trajector": {"Correct": 0.34190369885685695, "Incorrect": 0.6580963011431431}}