{"Uniform": [{"Correct": 0.5764, "Incorrect": 0.4236}], "Trajector": {"Correct": 0.2845540972248951, "Incorrect": 0.7154459027751049}}