{"Uniform": [{"Correct": 0.7041, "Incorrect": 0.2959}], "Trajector": {"Correct": 0.3758515838497363, "Incorrect": 0.6241484161502636}}