{"Uniform": [{"Correct": 0.4927, "Incorrect": 0.5073}], "Trajector": {"Correct": 0.41276317308802585, "Incorrect": 0.5872368269119741}}