{"Uniform": [{"Correct": 0.2873, "Incorrect": 0.7127}], "Trajector": {"Correct": 0.4421692775489781, "Incorrect": 0.5578307224510219}}