{"Uniform": [{"Correct": 0.4856, "Incorrect": 0.5144}], "Trajector": {"Correct": 0.30283668834917826, "Incorrect": 0.6971633116508218}}