{"Uniform": [{"Correct": 0.5677, "Incorrect": 0.4323}], "Trajector": {"Correct": 0.37165621030753243, "Incorrect": 0.6283437896924676}}