{"Uniform": [{"Correct": 0.4869, "Incorrect": 0.5131}], "Trajector": {"Correct": 0.4024094530618529, "Incorrect": 0.5975905469381471}}