{"Uniform": [{"Correct": 0.5792, "Incorrect": 0.4208}], "Trajector": {"Correct": 0.3154612986413148, "Incorrect": 0.6845387013586852}}