{"Uniform": [{"Correct": 0.4411, "Incorrect": 0.5589}], "Trajector": {"Correct": 0.3780839844501751, "Incorrect": 0.6219160155498249}}