{"Uniform": [{"Correct": 0.4782, "Incorrect": 0.5218}], "Trajector": {"Correct": 0.40964551018051654, "Incorrect": 0.5903544898194835}}