{"Uniform": [{"Correct": 0.7358, "Incorrect": 0.2642}], "Trajector": {"Correct": 0.4491743966744929, "Incorrect": 0.5508256033255071}}