{"Uniform": [{"Correct": 0.7335, "Incorrect": 0.2665}], "Trajector": {"Correct": 0.37873830876409686, "Incorrect": 0.6212616912359031}}