{"Uniform": [{"Correct": 0.5796, "Incorrect": 0.4204}], "Trajector": {"Correct": 0.29163619568145954, "Incorrect": 0.7083638043185405}}