{"Uniform": [{"Correct": 0.3879, "Incorrect": 0.6121}], "Trajector": {"Correct": 0.41391786305377004, "Incorrect": 0.5860821369462299}}