{"Uniform": [{"Correct": 0.4458, "Incorrect": 0.5542}], "Trajector": {"Correct": 0.41815172626149877, "Incorrect": 0.5818482737385012}}