{"Uniform": [{"Correct": 0.3519, "Incorrect": 0.6481}], "Trajector": {"Correct": 0.30287517801470304, "Incorrect": 0.6971248219852969}}