{"Uniform": [{"Correct": 0.4517, "Incorrect": 0.5483}], "Trajector": {"Correct": 0.44590277510488435, "Incorrect": 0.5540972248951157}}