{"Uniform": [{"Correct": 0.7316, "Incorrect": 0.2684}], "Trajector": {"Correct": 0.3032215850044263, "Incorrect": 0.6967784149955737}}