{"Uniform": [{"Correct": 0.6883, "Incorrect": 0.3117}], "Trajector": {"Correct": 0.37358069358377277, "Incorrect": 0.6264193064162272}}