{"Uniform": [{"Correct": 0.458, "Incorrect": 0.542}], "Trajector": {"Correct": 0.3258150186674878, "Incorrect": 0.6741849813325123}}