{"Uniform": [{"Correct": 0.5788, "Incorrect": 0.4212}], "Trajector": {"Correct": 0.2920210923367076, "Incorrect": 0.7079789076632924}}