{"Uniform": [{"Correct": 0.4983, "Incorrect": 0.5017}], "Trajector": {"Correct": 0.43558754474423617, "Incorrect": 0.5644124552557638}}