{"Uniform": [{"Correct": 0.5525, "Incorrect": 0.4475}], "Trajector": {"Correct": 0.3842038412686194, "Incorrect": 0.6157961587313806}}