{"Uniform": [{"Correct": 0.3514, "Incorrect": 0.6486}], "Trajector": {"Correct": 0.36861552673107273, "Incorrect": 0.6313844732689273}}