{"Uniform": [{"Correct": 0.5241, "Incorrect": 0.4759}], "Trajector": {"Correct": 0.41341749740194755, "Incorrect": 0.5865825025980524}}