{"Uniform": [{"Correct": 0.4867, "Incorrect": 0.5133}], "Trajector": {"Correct": 0.38712905584850466, "Incorrect": 0.6128709441514953}}