{"Uniform": [{"Correct": 0.2723, "Incorrect": 0.7277}], "Trajector": {"Correct": 0.3364766560178592, "Incorrect": 0.6635233439821407}}