{"Uniform": [{"Correct": 0.3376, "Incorrect": 0.6624}], "Trajector": {"Correct": 0.3638428082059967, "Incorrect": 0.6361571917940033}}