{"Uniform": [{"Correct": 0.7324, "Incorrect": 0.2676}], "Trajector": {"Correct": 0.3969824102228552, "Incorrect": 0.6030175897771448}}