{"Uniform": [{"Correct": 0.3672, "Incorrect": 0.6328}], "Trajector": {"Correct": 0.3864362418690582, "Incorrect": 0.6135637581309419}}