{"Uniform": [{"Correct": 0.3601, "Incorrect": 0.6399}], "Trajector": {"Correct": 0.35941649667064396, "Incorrect": 0.6405835033293561}}