{"Uniform": [{"Correct": 0.4931, "Incorrect": 0.5069}], "Trajector": {"Correct": 0.36114853161926025, "Incorrect": 0.6388514683807398}}