{"Uniform": [{"Correct": 0.528, "Incorrect": 0.472}], "Trajector": {"Correct": 0.4443246988183673, "Incorrect": 0.5556753011816328}}