{"Uniform": [{"Correct": 0.3684, "Incorrect": 0.6316}], "Trajector": {"Correct": 0.34321234748470036, "Incorrect": 0.6567876525152997}}