{"Uniform": [{"Correct": 0.2671, "Incorrect": 0.7329}], "Trajector": {"Correct": 0.1663908240637389, "Incorrect": 0.8336091759362612}}