{"Uniform": [{"Correct": 0.3551, "Incorrect": 0.6449}], "Trajector": {"Correct": 0.3394018705977445, "Incorrect": 0.6605981294022555}}