{"Uniform": [{"Correct": 0.2857, "Incorrect": 0.7143}], "Trajector": {"Correct": 0.39678996189523114, "Incorrect": 0.6032100381047689}}