{"Uniform": [{"Correct": 0.5509, "Incorrect": 0.4491}], "Trajector": {"Correct": 0.30687810322928294, "Incorrect": 0.6931218967707171}}