{"Uniform": [{"Correct": 0.5265, "Incorrect": 0.4735}], "Trajector": {"Correct": 0.46245333128055116, "Incorrect": 0.5375466687194488}}