{"Uniform": [{"Correct": 0.7036, "Incorrect": 0.2964}], "Trajector": {"Correct": 0.40464185366229166, "Incorrect": 0.5953581463377083}}