{"Uniform": [{"Correct": 0.6963, "Incorrect": 0.3037}], "Trajector": {"Correct": 0.378314922443324, "Incorrect": 0.621685077556676}}