{"Uniform": [{"Correct": 0.2787, "Incorrect": 0.7213}], "Trajector": {"Correct": 0.2894807744120704, "Incorrect": 0.7105192255879297}}