{"Uniform": [{"Correct": 0.7052, "Incorrect": 0.2948}], "Trajector": {"Correct": 0.4118779107809553, "Incorrect": 0.5881220892190447}}