{"Uniform": [{"Correct": 0.5006, "Incorrect": 0.4994}], "Trajector": {"Correct": 0.3265078326469343, "Incorrect": 0.6734921673530657}}