{"Uniform": [{"Correct": 0.2078, "Incorrect": 0.7922}], "Trajector": {"Correct": 0.37007813402101536, "Incorrect": 0.6299218659789847}}