{"Uniform": [{"Correct": 0.3602, "Incorrect": 0.6398}], "Trajector": {"Correct": 0.3451368307609407, "Incorrect": 0.6548631692390593}}