{"Uniform": [{"Correct": 0.5818, "Incorrect": 0.4182}], "Trajector": {"Correct": 0.40348716369654747, "Incorrect": 0.5965128363034525}}