{"Uniform": [{"Correct": 0.5801, "Incorrect": 0.4199}], "Trajector": {"Correct": 0.33659212501443364, "Incorrect": 0.6634078749855664}}