{"Uniform": [{"Correct": 0.3503, "Incorrect": 0.6497}], "Trajector": {"Correct": 0.39578923059158616, "Incorrect": 0.6042107694084139}}