{"Uniform": [{"Correct": 0.3596, "Incorrect": 0.6404}], "Trajector": {"Correct": 0.37188714830068126, "Incorrect": 0.6281128516993187}}