{"Uniform": [{"Correct": 0.2443, "Incorrect": 0.7557}], "Trajector": {"Correct": 0.27558600515761517, "Incorrect": 0.7244139948423848}}