{"Uniform": [{"Correct": 0.9112, "Incorrect": 0.0888}], "Trajector": {"Correct": 0.9717653267657665, "Incorrect": 0.028234673234233443}}