{"Uniform": [{"Correct": 0.9121, "Incorrect": 0.0879}], "Trajector": {"Correct": 0.8517019966575776, "Incorrect": 0.14829800334242238}}