{"Uniform": [{"Correct": 0.9115, "Incorrect": 0.0885}], "Trajector": {"Correct": 0.970577887237224, "Incorrect": 0.02942211276277597}}