{"Uniform": [{"Correct": 0.9174, "Incorrect": 0.0826}], "Trajector": {"Correct": 0.8783534171870877, "Incorrect": 0.12164658281291231}}