{"Uniform": [{"Correct": 0.9117, "Incorrect": 0.0883}], "Trajector": {"Correct": 0.81735420881344, "Incorrect": 0.18264579118655994}}