{"Uniform": [{"Correct": 0.9153, "Incorrect": 0.0847}], "Trajector": {"Correct": 0.7593895681238455, "Incorrect": 0.24061043187615447}}