{"Uniform": [{"Correct": 0.9097, "Incorrect": 0.0903}], "Trajector": {"Correct": 0.7846776321576217, "Incorrect": 0.2153223678423784}}