{"Uniform": [{"Correct": 0.9127, "Incorrect": 0.0873}], "Trajector": {"Correct": 0.8730319289295453, "Incorrect": 0.12696807107045474}}