{"Uniform": [{"Correct": 0.9121, "Incorrect": 0.0879}], "Trajector": {"Correct": 0.8820916527399068, "Incorrect": 0.11790834726009324}}