{"Uniform": [{"Correct": 0.912, "Incorrect": 0.088}], "Trajector": {"Correct": 0.9021022077579383, "Incorrect": 0.09789779224206174}}