{"Uniform": [{"Correct": 0.9131, "Incorrect": 0.0869}], "Trajector": {"Correct": 0.8713167384994283, "Incorrect": 0.12868326150057174}}