{"Uniform": [{"Correct": 0.9101, "Incorrect": 0.0899}], "Trajector": {"Correct": 0.9618260181194476, "Incorrect": 0.03817398188055238}}