{"Uniform": [{"Correct": 0.9092, "Incorrect": 0.0908}], "Trajector": {"Correct": 0.9592312428533732, "Incorrect": 0.04076875714662679}}