{"Uniform": [{"Correct": 0.9115, "Incorrect": 0.0885}], "Trajector": {"Correct": 0.7910106429765151, "Incorrect": 0.20898935702348492}}