{"Uniform": [{"Correct": 0.9104, "Incorrect": 0.0896}], "Trajector": {"Correct": 0.8981440759961298, "Incorrect": 0.10185592400387017}}