{"Uniform": [{"Correct": 0.9097, "Incorrect": 0.0903}], "Trajector": {"Correct": 0.8683261500571731, "Incorrect": 0.131673849942827}}