{"Uniform": [{"Correct": 0.9104, "Incorrect": 0.0896}], "Trajector": {"Correct": 0.9630574368897881, "Incorrect": 0.03694256311021198}}