{"Uniform": [{"Correct": 0.9107, "Incorrect": 0.0893}], "Trajector": {"Correct": 0.8681062538481836, "Incorrect": 0.13189374615181634}}