{"Uniform": [{"Correct": 0.9133, "Incorrect": 0.0867}], "Trajector": {"Correct": 0.8719764271263963, "Incorrect": 0.12802357287360366}}