{"Uniform": [{"Correct": 0.6793, "Incorrect": 0.3207}], "Trajector": {"Correct": 0.9872899991204152, "Incorrect": 0.012710000879584836}}