{"Uniform": [{"Correct": 0.7329, "Incorrect": 0.2671}], "Trajector": {"Correct": 0.9730847040197027, "Incorrect": 0.0269152959802973}}