{"Uniform": [{"Correct": 0.8513, "Incorrect": 0.1487}], "Trajector": {"Correct": 0.9895769196939045, "Incorrect": 0.010423080306095523}}