{"Uniform": [{"Correct": 0.6623, "Incorrect": 0.3377}], "Trajector": {"Correct": 0.9788459846952239, "Incorrect": 0.021154015304776147}}