{"Uniform": [{"Correct": 0.8449, "Incorrect": 0.1551}], "Trajector": {"Correct": 0.9801213827073622, "Incorrect": 0.019878617292637873}}