{"Uniform": [{"Correct": 0.654, "Incorrect": 0.346}], "Trajector": {"Correct": 0.9776585451666814, "Incorrect": 0.022341454833318675}}