{"Uniform": [{"Correct": 0.9298, "Incorrect": 0.0702}], "Trajector": {"Correct": 0.988389480165362, "Incorrect": 0.011610519834638051}}