{"Uniform": [{"Correct": 0.9363, "Incorrect": 0.0637}], "Trajector": {"Correct": 0.9884774386489577, "Incorrect": 0.011522561351042309}}