{"Uniform": [{"Correct": 0.7903, "Incorrect": 0.2097}], "Trajector": {"Correct": 0.9834638050840003, "Incorrect": 0.016536194915999648}}