{"Uniform": [{"Correct": 0.9293, "Incorrect": 0.0707}], "Trajector": {"Correct": 0.9836397220511919, "Incorrect": 0.016360277948808163}}