{"Uniform": [{"Correct": 0.7862, "Incorrect": 0.2138}], "Trajector": {"Correct": 0.9855748086902982, "Incorrect": 0.01442519130970182}}