{"Uniform": [{"Correct": 0.7953, "Incorrect": 0.2047}], "Trajector": {"Correct": 0.9812208637523089, "Incorrect": 0.018779136247691088}}