{"Uniform": [{"Correct": 0.9369, "Incorrect": 0.0631}], "Trajector": {"Correct": 0.9903685460462661, "Incorrect": 0.009631453953733838}}