{"Uniform": [{"Correct": 0.7037, "Incorrect": 0.2963}], "Trajector": {"Correct": 0.9845632861289472, "Incorrect": 0.015436713871052863}}