{"Uniform": [{"Correct": 0.6266, "Incorrect": 0.3734}], "Trajector": {"Correct": 0.9680270912129475, "Incorrect": 0.03197290878705251}}