{"Uniform": [{"Correct": 0.6814, "Incorrect": 0.3186}], "Trajector": {"Correct": 0.9906764007388512, "Incorrect": 0.009323599261148738}}