{"Uniform": [{"Correct": 0.8144, "Incorrect": 0.1856}], "Trajector": {"Correct": 0.9881695839563726, "Incorrect": 0.011830416043627407}}