{"Uniform": [{"Correct": 0.9067, "Incorrect": 0.0933}], "Trajector": {"Correct": 0.9862344973172662, "Incorrect": 0.01376550268273375}}