{"Uniform": [{"Correct": 0.9234, "Incorrect": 0.0766}], "Trajector": {"Correct": 0.985266953997713, "Incorrect": 0.01473304600228692}}