{"Uniform": [{"Correct": 0.9203, "Incorrect": 0.0797}], "Trajector": {"Correct": 0.9846512446125428, "Incorrect": 0.01534875538745712}}