{"Uniform": [{"Correct": 0.7891, "Incorrect": 0.2109}], "Trajector": {"Correct": 0.9785821092444367, "Incorrect": 0.021417890755563374}}