{"Uniform": [{"Correct": 0.7605, "Incorrect": 0.2395}], "Trajector": {"Correct": 0.9851789955141174, "Incorrect": 0.014821004485882663}}