{"Uniform": [{"Correct": 0.9419, "Incorrect": 0.0581}], "Trajector": {"Correct": 0.9886093763743513, "Incorrect": 0.011390623625648693}}