{"Uniform": [{"Correct": 0.824, "Incorrect": 0.176}], "Trajector": {"Correct": 0.985266953997713, "Incorrect": 0.01473304600228692}}