{"Uniform": [{"Correct": 0.8012, "Incorrect": 0.1988}], "Trajector": {"Correct": 0.948368370129299, "Incorrect": 0.05163162987070103}}