{"Uniform": [{"Correct": 0.7441, "Incorrect": 0.2559}], "Trajector": {"Correct": 0.9638050840003518, "Incorrect": 0.036194915999648164}}