{"Uniform": [{"Correct": 0.8254, "Incorrect": 0.1746}], "Trajector": {"Correct": 0.97809833758466, "Incorrect": 0.02190166241533996}}