{"Uniform": [{"Correct": 0.7516, "Incorrect": 0.2484}], "Trajector": {"Correct": 0.9732166417450964, "Incorrect": 0.026783358254903685}}