{"Uniform": [{"Correct": 0.9191, "Incorrect": 0.0809}], "Trajector": {"Correct": 0.9800774034655643, "Incorrect": 0.019922596534435746}}