{"Uniform": [{"Correct": 0.9351, "Incorrect": 0.0649}], "Trajector": {"Correct": 0.9824522825226493, "Incorrect": 0.01754771747735069}}