{"Uniform": [{"Correct": 0.7995, "Incorrect": 0.2005}], "Trajector": {"Correct": 0.9868502067024365, "Incorrect": 0.01314979329756355}}