{"Uniform": [{"Correct": 0.8415, "Incorrect": 0.1585}], "Trajector": {"Correct": 0.9715454305567772, "Incorrect": 0.028454569443222798}}