{"Uniform": [{"Correct": 0.9176, "Incorrect": 0.0824}], "Trajector": {"Correct": 0.9848711408215323, "Incorrect": 0.015128859178467763}}