{"Uniform": [{"Correct": 0.6883, "Incorrect": 0.3117}], "Trajector": {"Correct": 0.9814847392030961, "Incorrect": 0.01851526079690386}}