{"Uniform": [{"Correct": 0.7573, "Incorrect": 0.2427}], "Trajector": {"Correct": 0.9621338728120328, "Incorrect": 0.03786612718796728}}