{"Uniform": [{"Correct": 0.7769, "Incorrect": 0.2231}], "Trajector": {"Correct": 0.9828480956988301, "Incorrect": 0.01715190430116985}}