{"Uniform": [{"Correct": 0.6711, "Incorrect": 0.3289}], "Trajector": {"Correct": 0.9833758466004046, "Incorrect": 0.01662415339959539}}