{"Uniform": [{"Correct": 0.9374, "Incorrect": 0.0626}], "Trajector": {"Correct": 0.9860585803500748, "Incorrect": 0.013941419649925235}}