{"Uniform": [{"Correct": 0.956, "Incorrect": 0.044}], "Trajector": {"Correct": 0.9882575424399683, "Incorrect": 0.011742457560031665}}