{"Uniform": [{"Correct": 0.8006, "Incorrect": 0.1994}], "Trajector": {"Correct": 0.9883015216817662, "Incorrect": 0.011698478318233793}}