{"Uniform": [{"Correct": 0.7524, "Incorrect": 0.2476}], "Trajector": {"Correct": 0.9631014161315858, "Incorrect": 0.03689858386841411}}