{"Uniform": [{"Correct": 0.9317, "Incorrect": 0.0683}], "Trajector": {"Correct": 0.9886533556161492, "Incorrect": 0.011346644383850822}}