{"Uniform": [{"Correct": 0.9278, "Incorrect": 0.0722}], "Trajector": {"Correct": 0.9787580262116281, "Incorrect": 0.02124197378837189}}