{"Uniform": [{"Correct": 0.9304, "Incorrect": 0.0696}], "Trajector": {"Correct": 0.9653443574632773, "Incorrect": 0.03465564253672267}}