{"Uniform": [{"Correct": 0.686, "Incorrect": 0.314}], "Trajector": {"Correct": 0.9769108980561175, "Incorrect": 0.023089101943882487}}