{"Uniform": [{"Correct": 0.9378, "Incorrect": 0.0622}], "Trajector": {"Correct": 0.98429941067816, "Incorrect": 0.01570058932184009}}