{"Uniform": [{"Correct": 0.902, "Incorrect": 0.098}], "Trajector": {"Correct": 0.9836397220511919, "Incorrect": 0.016360277948808163}}