{"Uniform": [{"Correct": 0.9176, "Incorrect": 0.0824}], "Trajector": {"Correct": 0.9827161579734366, "Incorrect": 0.01728384202656346}}