{"Uniform": [{"Correct": 0.7784, "Incorrect": 0.2216}], "Trajector": {"Correct": 0.9683349459055326, "Incorrect": 0.03166505409446741}}