{"Uniform": [{"Correct": 0.8517, "Incorrect": 0.1483}], "Trajector": {"Correct": 0.986322455800862, "Incorrect": 0.013677544199138006}}