{"Uniform": [{"Correct": 0.7445, "Incorrect": 0.2555}], "Trajector": {"Correct": 0.9737883718884687, "Incorrect": 0.026211628111531358}}