{"Uniform": [{"Correct": 0.8662, "Incorrect": 0.1338}], "Trajector": {"Correct": 0.9634972293077667, "Incorrect": 0.03650277069223327}}