{"Uniform": [{"Correct": 0.9258, "Incorrect": 0.0742}], "Trajector": {"Correct": 0.9865863312516492, "Incorrect": 0.013413668748350779}}