{"Uniform": [{"Correct": 0.768, "Incorrect": 0.232}], "Trajector": {"Correct": 0.9714134928313836, "Incorrect": 0.028586507168616413}}