{"Uniform": [{"Correct": 0.8015, "Incorrect": 0.1985}], "Trajector": {"Correct": 0.9888732518251385, "Incorrect": 0.011126748174861466}}