{"Uniform": [{"Correct": 0.8175, "Incorrect": 0.1825}], "Trajector": {"Correct": 0.9864104142844577, "Incorrect": 0.013589585715542264}}