{"Uniform": [{"Correct": 0.8123, "Incorrect": 0.1877}], "Trajector": {"Correct": 0.9886533556161492, "Incorrect": 0.011346644383850822}}