{"Uniform": [{"Correct": 0.8471, "Incorrect": 0.1529}], "Trajector": {"Correct": 0.9850910370305216, "Incorrect": 0.014908962969478407}}