{"Uniform": [{"Correct": 0.8501, "Incorrect": 0.1499}], "Trajector": {"Correct": 0.9842554314363621, "Incorrect": 0.015744568563637963}}