{"Uniform": [{"Correct": 0.9267, "Incorrect": 0.0733}], "Trajector": {"Correct": 0.9881695839563726, "Incorrect": 0.011830416043627407}}