{"Uniform": [{"Correct": 0.8498, "Incorrect": 0.1502}], "Trajector": {"Correct": 0.9682469874219368, "Incorrect": 0.03175301257806316}}