{"Uniform": [{"Correct": 0.802, "Incorrect": 0.198}], "Trajector": {"Correct": 0.9842114521945642, "Incorrect": 0.015788547805435833}}