{"Uniform": [{"Correct": 0.8267, "Incorrect": 0.1733}], "Trajector": {"Correct": 0.9875538745712024, "Incorrect": 0.012446125428797607}}