{"Uniform": [{"Correct": 0.6608, "Incorrect": 0.3392}], "Trajector": {"Correct": 0.9689066760489049, "Incorrect": 0.031093323951095084}}