{"Uniform": [{"Correct": 0.7095, "Incorrect": 0.2905}], "Trajector": {"Correct": 0.9760313132201601, "Incorrect": 0.023968686779839914}}