{"Uniform": [{"Correct": 0.8512, "Incorrect": 0.1488}], "Trajector": {"Correct": 0.9816606561702876, "Incorrect": 0.018339343829712376}}