{"Uniform": [{"Correct": 0.8708, "Incorrect": 0.1292}], "Trajector": {"Correct": 0.9868062274606386, "Incorrect": 0.013193772539361421}}