{"Uniform": [{"Correct": 0.8311, "Incorrect": 0.1689}], "Trajector": {"Correct": 0.9627935614390007, "Incorrect": 0.03720643856099921}}