{"Uniform": [{"Correct": 0.8073, "Incorrect": 0.1927}], "Trajector": {"Correct": 0.9824522825226493, "Incorrect": 0.01754771747735069}}