{"Uniform": [{"Correct": 0.7126, "Incorrect": 0.2874}], "Trajector": {"Correct": 0.9838156390183833, "Incorrect": 0.01618436098161668}}