{"Uniform": [{"Correct": 0.7497, "Incorrect": 0.2503}], "Trajector": {"Correct": 0.9781423168264579, "Incorrect": 0.02185768317354209}}