{"Uniform": [{"Correct": 0.9332, "Incorrect": 0.0668}], "Trajector": {"Correct": 0.9846952238543407, "Incorrect": 0.01530477614565925}}