{"Uniform": [{"Correct": 0.8143, "Incorrect": 0.1857}], "Trajector": {"Correct": 0.9883015216817662, "Incorrect": 0.011698478318233793}}