{"Uniform": [{"Correct": 0.7532, "Incorrect": 0.2468}], "Trajector": {"Correct": 0.96239774826282, "Incorrect": 0.03760225173718005}}