{"Uniform": [{"Correct": 0.6806, "Incorrect": 0.3194}], "Trajector": {"Correct": 0.9835517635675961, "Incorrect": 0.016448236432403906}}