{"Uniform": [{"Correct": 0.6724, "Incorrect": 0.3276}], "Trajector": {"Correct": 0.978450171519043, "Incorrect": 0.02154982848095699}}