{"Uniform": [{"Correct": 0.6919, "Incorrect": 0.3081}], "Trajector": {"Correct": 0.9558448412349371, "Incorrect": 0.04415515876506289}}