{"Uniform": [{"Correct": 0.8007, "Incorrect": 0.1993}], "Trajector": {"Correct": 0.9636731462749583, "Incorrect": 0.03632685372504178}}