{"Uniform": [{"Correct": 0.7843, "Incorrect": 0.2157}], "Trajector": {"Correct": 0.9593631805787668, "Incorrect": 0.04063681942123318}}