{"Uniform": [{"Correct": 0.9278, "Incorrect": 0.0722}], "Trajector": {"Correct": 0.9663119007828305, "Incorrect": 0.0336880992171695}}