{"Uniform": [{"Correct": 0.816, "Incorrect": 0.184}], "Trajector": {"Correct": 0.9911601723986279, "Incorrect": 0.008839827601372151}}