{"Uniform": [{"Correct": 0.8286, "Incorrect": 0.1714}], "Trajector": {"Correct": 0.9901486498372768, "Incorrect": 0.009851350162723194}}