{"Uniform": [{"Correct": 0.9337, "Incorrect": 0.0663}], "Trajector": {"Correct": 0.973656434163075, "Incorrect": 0.026343565836924973}}