{"Uniform": [{"Correct": 0.7851, "Incorrect": 0.2149}], "Trajector": {"Correct": 0.9574720731814583, "Incorrect": 0.04252792681854165}}