{"Uniform": [{"Correct": 0.6808, "Incorrect": 0.3192}], "Trajector": {"Correct": 0.9875538745712024, "Incorrect": 0.012446125428797607}}