{"Uniform": [{"Correct": 0.9421, "Incorrect": 0.0579}], "Trajector": {"Correct": 0.9879496877473832, "Incorrect": 0.012050312252616765}}