{"Uniform": [{"Correct": 0.6529, "Incorrect": 0.3471}], "Trajector": {"Correct": 0.9735684756794792, "Incorrect": 0.026431524320520716}}