{"Uniform": [{"Correct": 0.9437, "Incorrect": 0.0563}], "Trajector": {"Correct": 0.9902805875626705, "Incorrect": 0.00971941243732958}}