{"Uniform": [{"Correct": 0.8119, "Incorrect": 0.1881}], "Trajector": {"Correct": 0.9886093763743513, "Incorrect": 0.011390623625648693}}