{"Uniform": [{"Correct": 0.9314, "Incorrect": 0.0686}], "Trajector": {"Correct": 0.9886533556161492, "Incorrect": 0.011346644383850822}}