{"Uniform": [{"Correct": 0.7808, "Incorrect": 0.2192}], "Trajector": {"Correct": 0.9841674729527663, "Incorrect": 0.015832527047233706}}