{"Uniform": [{"Correct": 0.9331, "Incorrect": 0.0669}], "Trajector": {"Correct": 0.98016536194916, "Incorrect": 0.019834638050840004}}