{"Uniform": [{"Correct": 0.8151, "Incorrect": 0.1849}], "Trajector": {"Correct": 0.9892250857595215, "Incorrect": 0.010774914240478495}}