{"Uniform": [{"Correct": 0.8522, "Incorrect": 0.1478}], "Trajector": {"Correct": 0.9885214178907555, "Incorrect": 0.011478582109244437}}