{"Uniform": [{"Correct": 0.8163, "Incorrect": 0.1837}], "Trajector": {"Correct": 0.9910282346732342, "Incorrect": 0.008971765326765767}}