{"Uniform": [{"Correct": 0.683, "Incorrect": 0.317}], "Trajector": {"Correct": 0.9856627671738939, "Incorrect": 0.014337232826106078}}