{"Uniform": [{"Correct": 0.8114, "Incorrect": 0.1886}], "Trajector": {"Correct": 0.9731286832615006, "Incorrect": 0.026871316738499428}}