{"Uniform": [{"Correct": 0.9289, "Incorrect": 0.0711}], "Trajector": {"Correct": 0.9890931480341278, "Incorrect": 0.010906851965872108}}