{"Uniform": [{"Correct": 0.7717, "Incorrect": 0.2283}], "Trajector": {"Correct": 0.9796376110475855, "Incorrect": 0.020362388952414462}}