{"Uniform": [{"Correct": 0.7531, "Incorrect": 0.2469}], "Trajector": {"Correct": 0.9773946697158941, "Incorrect": 0.022605330284105902}}