{"Uniform": [{"Correct": 0.9262, "Incorrect": 0.0738}], "Trajector": {"Correct": 0.9860146011082769, "Incorrect": 0.013985398891723106}}