{"Uniform": [{"Correct": 0.8497, "Incorrect": 0.1503}], "Trajector": {"Correct": 0.9706218664790219, "Incorrect": 0.029378133520978098}}