{"Uniform": [{"Correct": 0.8125, "Incorrect": 0.1875}], "Trajector": {"Correct": 0.9773067112322984, "Incorrect": 0.022693288767701644}}