{"Uniform": [{"Correct": 0.8156, "Incorrect": 0.1844}], "Trajector": {"Correct": 0.9885653971325534, "Incorrect": 0.011434602867446565}}