{"Uniform": [{"Correct": 0.6618, "Incorrect": 0.3382}], "Trajector": {"Correct": 0.9787140469698302, "Incorrect": 0.02128595303016976}}