{"Uniform": [{"Correct": 0.8061, "Incorrect": 0.1939}], "Trajector": {"Correct": 0.9863664350426599, "Incorrect": 0.013633564957340135}}