{"Uniform": [{"Correct": 0.9421, "Incorrect": 0.0579}], "Trajector": {"Correct": 0.9763831471545431, "Incorrect": 0.023616852845456945}}