{"Uniform": [{"Correct": 0.8141, "Incorrect": 0.1859}], "Trajector": {"Correct": 0.9888732518251385, "Incorrect": 0.011126748174861466}}