{"Uniform": [{"Correct": 0.7844, "Incorrect": 0.2156}], "Trajector": {"Correct": 0.9864104142844577, "Incorrect": 0.013589585715542264}}