{"Uniform": [{"Correct": 0.3434, "Incorrect": 0.6566}], "Trajector": {"Correct": 0.34386667179862207, "Incorrect": 0.6561333282013779}}