{"Uniform": [{"Correct": 0.3603, "Incorrect": 0.6397}], "Trajector": {"Correct": 0.3383626496285747, "Incorrect": 0.6616373503714252}}