{"Uniform": [{"Correct": 0.3363, "Incorrect": 0.6637}], "Trajector": {"Correct": 0.320195527500866, "Incorrect": 0.679804472499134}}