{"Uniform": [{"Correct": 0.3573, "Incorrect": 0.6427}], "Trajector": {"Correct": 0.31873292021092337, "Incorrect": 0.6812670797890766}}