{"Uniform": [{"Correct": 0.3593, "Incorrect": 0.6407}], "Trajector": {"Correct": 0.313228898040876, "Incorrect": 0.6867711019591239}}