{"Uniform": [{"Correct": 0.2627, "Incorrect": 0.7373}], "Trajector": {"Correct": 0.26831145837342674, "Incorrect": 0.7316885416265733}}