{"Uniform": [{"Correct": 0.3576, "Incorrect": 0.6424}], "Trajector": {"Correct": 0.35017897694469036, "Incorrect": 0.6498210230553096}}