{"Uniform": [{"Correct": 0.3531, "Incorrect": 0.6469}], "Trajector": {"Correct": 0.2902120780570417, "Incorrect": 0.7097879219429584}}