{"Uniform": [{"Correct": 0.7796, "Incorrect": 0.2204}], "Trajector": {"Correct": 0.9591432843697775, "Incorrect": 0.040856715630222536}}