{"Uniform": [{"Correct": 0.8335, "Incorrect": 0.1665}], "Trajector": {"Correct": 0.9789779224206174, "Incorrect": 0.02102207757938253}}