{"Uniform": [{"Correct": 0.9289, "Incorrect": 0.0711}], "Trajector": {"Correct": 0.9870701029114258, "Incorrect": 0.012929897088574192}}