{"Uniform": [{"Correct": 0.8, "Incorrect": 0.2}], "Trajector": {"Correct": 0.9744040812736389, "Incorrect": 0.025595918726361157}}