{"Uniform": [{"Correct": 0.9186, "Incorrect": 0.0814}], "Trajector": {"Correct": 0.9851789955141174, "Incorrect": 0.014821004485882663}}