{"Uniform": [{"Correct": 0.9308, "Incorrect": 0.0692}], "Trajector": {"Correct": 0.8534611663294924, "Incorrect": 0.14653883367050752}}