{"Uniform": [{"Correct": 0.7538, "Incorrect": 0.2462}], "Trajector": {"Correct": 0.9518867094731287, "Incorrect": 0.04811329052687131}}