{"Uniform": [{"Correct": 0.9168, "Incorrect": 0.0832}], "Trajector": {"Correct": 0.9828480956988301, "Incorrect": 0.01715190430116985}}