{"Uniform": [{"Correct": 0.8004, "Incorrect": 0.1996}], "Trajector": {"Correct": 0.8894801653619492, "Incorrect": 0.11051983463805085}}