{"Uniform": [{"Correct": 0.8091, "Incorrect": 0.1909}], "Trajector": {"Correct": 0.876550268273375, "Incorrect": 0.12344973172662503}}