{"Uniform": [{"Correct": 0.9321, "Incorrect": 0.0679}], "Trajector": {"Correct": 0.9882575424399683, "Incorrect": 0.011742457560031665}}