{"Uniform": [{"Correct": 0.7882, "Incorrect": 0.2118}], "Trajector": {"Correct": 0.9496437681414373, "Incorrect": 0.05035623185856276}}