{"Uniform": [{"Correct": 0.7882, "Incorrect": 0.2118}], "Trajector": {"Correct": 0.9311285073445333, "Incorrect": 0.06887149265546662}}