{"Uniform": [{"Correct": 0.6542, "Incorrect": 0.3458}], "Trajector": {"Correct": 0.9842554314363621, "Incorrect": 0.015744568563637963}}