{"Uniform": [{"Correct": 0.926, "Incorrect": 0.074}], "Trajector": {"Correct": 0.9754156038349899, "Incorrect": 0.024584396165010115}}