{"Uniform": [{"Correct": 0.4493, "Incorrect": 0.5507}], "Trajector": {"Correct": 0.4604518686732612, "Incorrect": 0.5395481313267387}}