{"Uniform": [{"Correct": 0.5153, "Incorrect": 0.4847}], "Trajector": {"Correct": 0.5837342673492167, "Incorrect": 0.41626573265078326}}