{"Uniform": [{"Correct": 0.5175, "Incorrect": 0.4825}], "Trajector": {"Correct": 0.4727300719756745, "Incorrect": 0.5272699280243255}}