{"Uniform": [{"Correct": 0.4031, "Incorrect": 0.5969}], "Trajector": {"Correct": 0.4397444286209153, "Incorrect": 0.5602555713790847}}