{"Uniform": [{"Correct": 0.4171, "Incorrect": 0.5829}], "Trajector": {"Correct": 0.49497709864901274, "Incorrect": 0.5050229013509873}}