{"Uniform": [{"Correct": 0.3242, "Incorrect": 0.6758}], "Trajector": {"Correct": 0.4204611061929872, "Incorrect": 0.5795388938070128}}