{"Uniform": [{"Correct": 0.6228, "Incorrect": 0.3772}], "Trajector": {"Correct": 0.4806589430737847, "Incorrect": 0.5193410569262153}}