{"Uniform": [{"Correct": 0.4499, "Incorrect": 0.5501}], "Trajector": {"Correct": 0.4750009622416381, "Incorrect": 0.5249990377583619}}