{"Uniform": [{"Correct": 0.317, "Incorrect": 0.683}], "Trajector": {"Correct": 0.45883530272121936, "Incorrect": 0.5411646972787807}}