{"Uniform": [{"Correct": 0.4064, "Incorrect": 0.5936}], "Trajector": {"Correct": 0.5346599438050883, "Incorrect": 0.46534005619491164}}