{"Uniform": [{"Correct": 0.4728, "Incorrect": 0.5272}], "Trajector": {"Correct": 0.4855086409299103, "Incorrect": 0.5144913590700897}}