{"Uniform": [{"Correct": 0.4135, "Incorrect": 0.5865}], "Trajector": {"Correct": 0.42215465147607867, "Incorrect": 0.5778453485239213}}