{"Uniform": [{"Correct": 0.378, "Incorrect": 0.622}], "Trajector": {"Correct": 0.42635002501828256, "Incorrect": 0.5736499749817174}}