{"Uniform": [{"Correct": 0.2598, "Incorrect": 0.7402}], "Trajector": {"Correct": 0.3709633963280859, "Incorrect": 0.629036603671914}}