{"Uniform": [{"Correct": 0.5061, "Incorrect": 0.4939}], "Trajector": {"Correct": 0.29063546437781457, "Incorrect": 0.7093645356221855}}