{"Uniform": [{"Correct": 0.4615, "Incorrect": 0.5385}], "Trajector": {"Correct": 0.3669219814479812, "Incorrect": 0.6330780185520187}}