{"Uniform": [{"Correct": 0.434, "Incorrect": 0.566}], "Trajector": {"Correct": 0.5409337592856318, "Incorrect": 0.4590662407143682}}