{"Uniform": [{"Correct": 0.3321, "Incorrect": 0.6679}], "Trajector": {"Correct": 0.5057157153304338, "Incorrect": 0.4942842846695662}}