{"Uniform": [{"Correct": 0.2915, "Incorrect": 0.7085}], "Trajector": {"Correct": 0.5459374158038567, "Incorrect": 0.4540625841961433}}