{"Uniform": [{"Correct": 0.2401, "Incorrect": 0.7599}], "Trajector": {"Correct": 0.47938878411146607, "Incorrect": 0.5206112158885339}}