{"Uniform": [{"Correct": 0.3018, "Incorrect": 0.6982}], "Trajector": {"Correct": 0.503290866402371, "Incorrect": 0.496709133597629}}