{"Uniform": [{"Correct": 0.227, "Incorrect": 0.773}], "Trajector": {"Correct": 0.321003810476887, "Incorrect": 0.678996189523113}}