{"Uniform": [{"Correct": 0.444, "Incorrect": 0.556}], "Trajector": {"Correct": 0.44524845079096265, "Incorrect": 0.5547515492090374}}