{"Uniform": [{"Correct": 0.2731, "Incorrect": 0.7269}], "Trajector": {"Correct": 0.3096878488125938, "Incorrect": 0.6903121511874062}}