{"Uniform": [{"Correct": 0.3311, "Incorrect": 0.6689}], "Trajector": {"Correct": 0.4168045879681306, "Incorrect": 0.5831954120318694}}