{"Uniform": [{"Correct": 0.2479, "Incorrect": 0.7521}], "Trajector": {"Correct": 0.32789346060582736, "Incorrect": 0.6721065393941726}}