{"Uniform": [{"Correct": 0.5254, "Incorrect": 0.4746}], "Trajector": {"Correct": 0.4456718371117355, "Incorrect": 0.5543281628882645}}