{"Uniform": [{"Correct": 0.3471, "Incorrect": 0.6529}], "Trajector": {"Correct": 0.28082059966898887, "Incorrect": 0.7191794003310111}}