{"Uniform": [{"Correct": 0.4256, "Incorrect": 0.5744}], "Trajector": {"Correct": 0.2778568954235788, "Incorrect": 0.7221431045764213}}