{"Uniform": [{"Correct": 0.3491, "Incorrect": 0.6509}], "Trajector": {"Correct": 0.4691890227473923, "Incorrect": 0.5308109772526077}}