{"Uniform": [{"Correct": 0.4695, "Incorrect": 0.5305}], "Trajector": {"Correct": 0.49493860898348796, "Incorrect": 0.505061391016512}}