{"Uniform": [{"Correct": 0.2674, "Incorrect": 0.7326}], "Trajector": {"Correct": 0.4541395635271929, "Incorrect": 0.545860436472807}}