{"Uniform": [{"Correct": 0.3025, "Incorrect": 0.6975}], "Trajector": {"Correct": 0.35491320580424157, "Incorrect": 0.6450867941957584}}