{"Uniform": [{"Correct": 0.3085, "Incorrect": 0.6915}], "Trajector": {"Correct": 0.46868865709556984, "Incorrect": 0.5313113429044302}}