{"Uniform": [{"Correct": 0.1872, "Incorrect": 0.8128}], "Trajector": {"Correct": 0.25618721373311265, "Incorrect": 0.7438127862668873}}