{"Uniform": [{"Correct": 0.3226, "Incorrect": 0.6774}], "Trajector": {"Correct": 0.47045918170971096, "Incorrect": 0.5295408182902891}}