{"Uniform": [{"Correct": 0.5073, "Incorrect": 0.4927}], "Trajector": {"Correct": 0.4170740156268042, "Incorrect": 0.5829259843731958}}