{"Uniform": [{"Correct": 0.3025, "Incorrect": 0.6975}], "Trajector": {"Correct": 0.4419383395558293, "Incorrect": 0.5580616604441707}}