{"Uniform": [{"Correct": 0.359, "Incorrect": 0.641}], "Trajector": {"Correct": 0.4825449366845002, "Incorrect": 0.5174550633154998}}