{"Uniform": [{"Correct": 0.3137, "Incorrect": 0.6863}], "Trajector": {"Correct": 0.24687271467610947, "Incorrect": 0.7531272853238905}}