{"Uniform": [{"Correct": 0.2139, "Incorrect": 0.7861}], "Trajector": {"Correct": 0.40464185366229166, "Incorrect": 0.5953581463377083}}