{"Uniform": [{"Correct": 0.312, "Incorrect": 0.688}], "Trajector": {"Correct": 0.4790423771217428, "Incorrect": 0.5209576228782572}}