{"Uniform": [{"Correct": 0.2514, "Incorrect": 0.7486}], "Trajector": {"Correct": 0.5274623763519495, "Incorrect": 0.4725376236480505}}