{"Uniform": [{"Correct": 0.2995, "Incorrect": 0.7005}], "Trajector": {"Correct": 0.5200338709056618, "Incorrect": 0.47996612909433817}}