{"Uniform": [{"Correct": 0.3155, "Incorrect": 0.6845}], "Trajector": {"Correct": 0.5567915014818521, "Incorrect": 0.44320849851814786}}