{"Uniform": [{"Correct": 0.3396, "Incorrect": 0.6604}], "Trajector": {"Correct": 0.4485970516916208, "Incorrect": 0.5514029483083792}}