{"Uniform": [{"Correct": 0.5265, "Incorrect": 0.4735}], "Trajector": {"Correct": 0.4176513606096763, "Incorrect": 0.5823486393903237}}