{"Uniform": [{"Correct": 0.232, "Incorrect": 0.768}], "Trajector": {"Correct": 0.42288595512105, "Incorrect": 0.57711404487895}}