{"Uniform": [{"Correct": 0.3035, "Incorrect": 0.6965}], "Trajector": {"Correct": 0.4583349370693969, "Incorrect": 0.5416650629306031}}