{"Uniform": [{"Correct": 0.2289, "Incorrect": 0.7711}], "Trajector": {"Correct": 0.3699626650244409, "Incorrect": 0.630037334975559}}