{"Uniform": [{"Correct": 0.3244, "Incorrect": 0.6756}], "Trajector": {"Correct": 0.34798506600977636, "Incorrect": 0.6520149339902236}}