{"Uniform": [{"Correct": 0.3285, "Incorrect": 0.6715}], "Trajector": {"Correct": 0.4759247142142335, "Incorrect": 0.5240752857857666}}