{"Uniform": [{"Correct": 0.3173, "Incorrect": 0.6827}], "Trajector": {"Correct": 0.40106231476848464, "Incorrect": 0.5989376852315154}}