{"Uniform": [{"Correct": 0.3469, "Incorrect": 0.6531}], "Trajector": {"Correct": 0.418113236595974, "Incorrect": 0.581886763404026}}