{"Uniform": [{"Correct": 0.243, "Incorrect": 0.757}], "Trajector": {"Correct": 0.41853662291674687, "Incorrect": 0.5814633770832531}}