{"Uniform": [{"Correct": 0.3714, "Incorrect": 0.6286}], "Trajector": {"Correct": 0.4231168931141988, "Incorrect": 0.5768831068858011}}