{"Uniform": [{"Correct": 0.4574, "Incorrect": 0.5426}], "Trajector": {"Correct": 0.37542819752896345, "Incorrect": 0.6245718024710365}}