{"Uniform": [{"Correct": 0.4211, "Incorrect": 0.5789}], "Trajector": {"Correct": 0.3604557176398137, "Incorrect": 0.6395442823601863}}