{"Uniform": [{"Correct": 0.3206, "Incorrect": 0.6794}], "Trajector": {"Correct": 0.4327008198298757, "Incorrect": 0.5672991801701244}}