{"Uniform": [{"Correct": 0.4147, "Incorrect": 0.5853}], "Trajector": {"Correct": 0.41218582810515375, "Incorrect": 0.5878141718948462}}