{"Uniform": [{"Correct": 0.442, "Incorrect": 0.558}], "Trajector": {"Correct": 0.3663446364651091, "Incorrect": 0.6336553635348909}}