{"Uniform": [{"Correct": 0.2924, "Incorrect": 0.7076}], "Trajector": {"Correct": 0.42250105846580194, "Incorrect": 0.5774989415341981}}