{"Uniform": [{"Correct": 0.3003, "Incorrect": 0.6997}], "Trajector": {"Correct": 0.4590662407143682, "Incorrect": 0.5409337592856318}}