{"Uniform": [{"Correct": 0.5336, "Incorrect": 0.4664}], "Trajector": {"Correct": 0.5012509141295562, "Incorrect": 0.4987490858704438}}