{"Uniform": [{"Correct": 0.3699, "Incorrect": 0.6301}], "Trajector": {"Correct": 0.311843270081983, "Incorrect": 0.688156729918017}}