{"Uniform": [{"Correct": 0.4193, "Incorrect": 0.5807}], "Trajector": {"Correct": 0.2617682152342096, "Incorrect": 0.7382317847657904}}