{"Uniform": [{"Correct": 0.3706, "Incorrect": 0.6294}], "Trajector": {"Correct": 0.4467880374119549, "Incorrect": 0.5532119625880451}}