{"Uniform": [{"Correct": 0.2773, "Incorrect": 0.7227}], "Trajector": {"Correct": 0.3199260998421924, "Incorrect": 0.6800739001578077}}