{"Uniform": [{"Correct": 0.4373, "Incorrect": 0.5627}], "Trajector": {"Correct": 0.43708864169970363, "Incorrect": 0.5629113583002964}}