{"Uniform": [{"Correct": 0.2585, "Incorrect": 0.7415}], "Trajector": {"Correct": 0.3306647165236134, "Incorrect": 0.6693352834763866}}