{"Uniform": [{"Correct": 0.2939, "Incorrect": 0.7061}], "Trajector": {"Correct": 0.5873138062430238, "Incorrect": 0.41268619375697624}}