{"Uniform": [{"Correct": 0.2901, "Incorrect": 0.7099}], "Trajector": {"Correct": 0.4898579731342135, "Incorrect": 0.5101420268657866}}