{"Uniform": [{"Correct": 0.3344, "Incorrect": 0.6656}], "Trajector": {"Correct": 0.2647319194796197, "Incorrect": 0.7352680805203803}}