{"Uniform": [{"Correct": 0.3634, "Incorrect": 0.6366}], "Trajector": {"Correct": 0.4599515030214387, "Incorrect": 0.5400484969785613}}