{"Uniform": [{"Correct": 0.1519, "Incorrect": 0.8481}], "Trajector": {"Correct": 0.41507255301951423, "Incorrect": 0.5849274469804857}}