{"Uniform": [{"Correct": 0.5161, "Incorrect": 0.4839}], "Trajector": {"Correct": 0.3547207574766175, "Incorrect": 0.6452792425233824}}