{"Uniform": [{"Correct": 0.3289, "Incorrect": 0.6711}], "Trajector": {"Correct": 0.6196836149493861, "Incorrect": 0.38031638505061394}}