{"Uniform": [{"Correct": 0.3621, "Incorrect": 0.6379}], "Trajector": {"Correct": 0.34836996266502446, "Incorrect": 0.6516300373349756}}