{"Uniform": [{"Correct": 0.4921, "Incorrect": 0.5079}], "Trajector": {"Correct": 0.4540625841961433, "Incorrect": 0.5459374158038567}}