{"Uniform": [{"Correct": 0.3848, "Incorrect": 0.6152}], "Trajector": {"Correct": 0.34028713290481505, "Incorrect": 0.659712867095185}}