{"Uniform": [{"Correct": 0.395, "Incorrect": 0.605}], "Trajector": {"Correct": 0.32146568646318463, "Incorrect": 0.6785343135368154}}