{"Uniform": [{"Correct": 0.4567, "Incorrect": 0.5433}], "Trajector": {"Correct": 0.5343135368153651, "Incorrect": 0.4656864631846349}}