{"Uniform": [{"Correct": 0.3585, "Incorrect": 0.6415}], "Trajector": {"Correct": 0.5042146183749663, "Incorrect": 0.49578538162503366}}