{"Uniform": [{"Correct": 0.2808, "Incorrect": 0.7192}], "Trajector": {"Correct": 0.3570301374081059, "Incorrect": 0.642969862591894}}