{"Uniform": [{"Correct": 0.2934, "Incorrect": 0.7066}], "Trajector": {"Correct": 0.5395481313267387, "Incorrect": 0.4604518686732612}}