{"Uniform": [{"Correct": 0.3585, "Incorrect": 0.6415}], "Trajector": {"Correct": 0.4777337284938994, "Incorrect": 0.5222662715061006}}