{"Uniform": [{"Correct": 0.4828, "Incorrect": 0.5172}], "Trajector": {"Correct": 0.4512913282783573, "Incorrect": 0.5487086717216427}}