{"Uniform": [{"Correct": 0.324, "Incorrect": 0.676}], "Trajector": {"Correct": 0.34829298333397485, "Incorrect": 0.6517070166660252}}