{"Uniform": [{"Correct": 0.2873, "Incorrect": 0.7127}], "Trajector": {"Correct": 0.31684692660020786, "Incorrect": 0.6831530733997921}}