{"Uniform": [{"Correct": 0.3394, "Incorrect": 0.6606}], "Trajector": {"Correct": 0.435818482737385, "Incorrect": 0.564181517262615}}