{"Uniform": [{"Correct": 0.3105, "Incorrect": 0.6895}], "Trajector": {"Correct": 0.33201185481698164, "Incorrect": 0.6679881451830184}}