{"Uniform": [{"Correct": 0.4244, "Incorrect": 0.5756}], "Trajector": {"Correct": 0.3201570378353412, "Incorrect": 0.6798429621646588}}