{"Uniform": [{"Correct": 0.3068, "Incorrect": 0.6932}], "Trajector": {"Correct": 0.5959739809861052, "Incorrect": 0.4040260190138948}}