{"Uniform": [{"Correct": 0.35, "Incorrect": 0.65}], "Trajector": {"Correct": 0.390246718756014, "Incorrect": 0.609753281243986}}