{"Uniform": [{"Correct": 0.3401, "Incorrect": 0.6599}], "Trajector": {"Correct": 0.3338593587621724, "Incorrect": 0.6661406412378277}}