{"Uniform": [{"Correct": 0.2912, "Incorrect": 0.7088}], "Trajector": {"Correct": 0.32808590893345135, "Incorrect": 0.6719140910665486}}