{"Uniform": [{"Correct": 0.2588, "Incorrect": 0.7412}], "Trajector": {"Correct": 0.43789692467572455, "Incorrect": 0.5621030753242754}}