{"Uniform": [{"Correct": 0.2592, "Incorrect": 0.7408}], "Trajector": {"Correct": 0.38809129748662485, "Incorrect": 0.6119087025133751}}