{"Uniform": [{"Correct": 0.3275, "Incorrect": 0.6725}], "Trajector": {"Correct": 0.5262307070551557, "Incorrect": 0.4737692929448443}}