{"Uniform": [{"Correct": 0.3466, "Incorrect": 0.6534}], "Trajector": {"Correct": 0.4543705015203418, "Incorrect": 0.5456294984796582}}