{"Uniform": [{"Correct": 0.414, "Incorrect": 0.586}], "Trajector": {"Correct": 0.43250837150225163, "Incorrect": 0.5674916284977484}}