{"Uniform": [{"Correct": 0.2799, "Incorrect": 0.7201}], "Trajector": {"Correct": 0.36657557445825795, "Incorrect": 0.633424425541742}}