{"Uniform": [{"Correct": 0.2978, "Incorrect": 0.7022}], "Trajector": {"Correct": 0.5850044263115354, "Incorrect": 0.4149955736884646}}