{"Uniform": [{"Correct": 0.2432, "Incorrect": 0.7568}], "Trajector": {"Correct": 0.3529502328624764, "Incorrect": 0.6470497671375236}}