{"Uniform": [{"Correct": 0.3728, "Incorrect": 0.6272}], "Trajector": {"Correct": 0.3782379431122744, "Incorrect": 0.6217620568877257}}