{"Uniform": [{"Correct": 0.3778, "Incorrect": 0.6222}], "Trajector": {"Correct": 0.4034486740310227, "Incorrect": 0.5965513259689773}}