{"Uniform": [{"Correct": 0.2375, "Incorrect": 0.7625}], "Trajector": {"Correct": 0.1822100765944344, "Incorrect": 0.8177899234055656}}