{"Uniform": [{"Correct": 0.2289, "Incorrect": 0.7711}], "Trajector": {"Correct": 0.31357530503059927, "Incorrect": 0.6864246949694007}}