{"Uniform": [{"Correct": 0.2874, "Incorrect": 0.7126}], "Trajector": {"Correct": 0.5495939340287133, "Incorrect": 0.4504060659712867}}