{"Uniform": [{"Correct": 0.2605, "Incorrect": 0.7395}], "Trajector": {"Correct": 0.44355490550787113, "Incorrect": 0.5564450944921289}}