{"Uniform": [{"Correct": 0.1901, "Incorrect": 0.8099}], "Trajector": {"Correct": 0.21277087102113082, "Incorrect": 0.7872291289788692}}