{"Uniform": [{"Correct": 0.1811, "Incorrect": 0.8189}], "Trajector": {"Correct": 0.32854778491974906, "Incorrect": 0.671452215080251}}