{"Uniform": [{"Correct": 0.3601, "Incorrect": 0.6399}], "Trajector": {"Correct": 0.33805473230437627, "Incorrect": 0.6619452676956237}}