{"Uniform": [{"Correct": 0.3549, "Incorrect": 0.6451}], "Trajector": {"Correct": 0.30318309533890153, "Incorrect": 0.6968169046610985}}