{"Uniform": [{"Correct": 0.1666, "Incorrect": 0.8334}], "Trajector": {"Correct": 0.27435433586082136, "Incorrect": 0.7256456641391786}}