{"Uniform": [{"Correct": 0.3594, "Incorrect": 0.6406}], "Trajector": {"Correct": 0.3133058773719256, "Incorrect": 0.6866941226280744}}