{"Uniform": [{"Correct": 0.2627, "Incorrect": 0.7373}], "Trajector": {"Correct": 0.27789538508910355, "Incorrect": 0.7221046149108964}}