{"Uniform": [{"Correct": 0.3579, "Incorrect": 0.6421}], "Trajector": {"Correct": 0.2984488664793503, "Incorrect": 0.7015511335206497}}