{"Uniform": [{"Correct": 0.3545, "Incorrect": 0.6455}], "Trajector": {"Correct": 0.3043762749701705, "Incorrect": 0.6956237250298295}}