{"Uniform": [{"Correct": 0.8566, "Incorrect": 0.1434}], "Trajector": {"Correct": 0.9793297563550004, "Incorrect": 0.02067024364499956}}