{"Uniform": [{"Correct": 0.7064, "Incorrect": 0.2936}], "Trajector": {"Correct": 0.9849151200633302, "Incorrect": 0.015084879936669892}}