{"Uniform": [{"Correct": 0.9302, "Incorrect": 0.0698}], "Trajector": {"Correct": 0.9864543935262556, "Incorrect": 0.013545606473744393}}