{"Uniform": [{"Correct": 0.7425, "Incorrect": 0.2575}], "Trajector": {"Correct": 0.9591872636115754, "Incorrect": 0.04081273638842466}}