{"Uniform": [{"Correct": 0.7462, "Incorrect": 0.2538}], "Trajector": {"Correct": 0.9814407599612983, "Incorrect": 0.018559240038701734}}