{"Uniform": [{"Correct": 0.8017, "Incorrect": 0.1983}], "Trajector": {"Correct": 0.9870261236696279, "Incorrect": 0.012973876330372064}}