{"Uniform": [{"Correct": 0.9183, "Incorrect": 0.0817}], "Trajector": {"Correct": 0.9850030785469258, "Incorrect": 0.01499692145307415}}