{"Uniform": [{"Correct": 0.9189, "Incorrect": 0.0811}], "Trajector": {"Correct": 0.9849590993051279, "Incorrect": 0.01504090069487202}}