{"Uniform": [{"Correct": 0.8636, "Incorrect": 0.1364}], "Trajector": {"Correct": 0.9834638050840003, "Incorrect": 0.016536194915999648}}