{"Uniform": [{"Correct": 0.7554, "Incorrect": 0.2446}], "Trajector": {"Correct": 0.9019702700325446, "Incorrect": 0.09802972996745536}}