{"Uniform": [{"Correct": 0.7638, "Incorrect": 0.2362}], "Trajector": {"Correct": 0.9788459846952239, "Incorrect": 0.021154015304776147}}