{"Uniform": [{"Correct": 0.8143, "Incorrect": 0.1857}], "Trajector": {"Correct": 0.982892074940628, "Incorrect": 0.017107925059371976}}