{"Uniform": [{"Correct": 0.7947, "Incorrect": 0.2053}], "Trajector": {"Correct": 0.9843433899199577, "Incorrect": 0.01565661008004222}}