{"Uniform": [{"Correct": 0.7286, "Incorrect": 0.2714}], "Trajector": {"Correct": 0.9839915559855749, "Incorrect": 0.01600844401442519}}