{"Uniform": [{"Correct": 0.9265, "Incorrect": 0.0735}], "Trajector": {"Correct": 0.9814407599612983, "Incorrect": 0.018559240038701734}}