{"Uniform": [{"Correct": 0.7893, "Incorrect": 0.2107}], "Trajector": {"Correct": 0.9835517635675961, "Incorrect": 0.016448236432403906}}