{"Uniform": [{"Correct": 0.9164, "Incorrect": 0.0836}], "Trajector": {"Correct": 0.9843433899199577, "Incorrect": 0.01565661008004222}}