{"Uniform": [{"Correct": 0.6691, "Incorrect": 0.3309}], "Trajector": {"Correct": 0.9864104142844577, "Incorrect": 0.013589585715542264}}