{"Uniform": [{"Correct": 0.9211, "Incorrect": 0.0789}], "Trajector": {"Correct": 0.9844313484035535, "Incorrect": 0.015568651596446477}}