{"Uniform": [{"Correct": 0.8491, "Incorrect": 0.1509}], "Trajector": {"Correct": 0.9791098601460111, "Incorrect": 0.020890139853988916}}