{"Uniform": [{"Correct": 0.9176, "Incorrect": 0.0824}], "Trajector": {"Correct": 0.9794177148385962, "Incorrect": 0.020582285161403816}}