{"Uniform": [{"Correct": 0.9195, "Incorrect": 0.0805}], "Trajector": {"Correct": 0.9762951886709473, "Incorrect": 0.023704811329052687}}