{"Uniform": [{"Correct": 0.762, "Incorrect": 0.238}], "Trajector": {"Correct": 0.9777904828920749, "Incorrect": 0.02220951710792506}}