{"Uniform": [{"Correct": 0.7487, "Incorrect": 0.2513}], "Trajector": {"Correct": 0.9687307590817135, "Incorrect": 0.03126924091828657}}