{"Uniform": [{"Correct": 0.8982, "Incorrect": 0.1018}], "Trajector": {"Correct": 0.9874659160876067, "Incorrect": 0.01253408391239335}}