{"Uniform": [{"Correct": 0.8883, "Incorrect": 0.1117}], "Trajector": {"Correct": 0.9656961913976603, "Incorrect": 0.0343038086023397}}