{"Uniform": [{"Correct": 0.7164, "Incorrect": 0.2836}], "Trajector": {"Correct": 0.9865863312516492, "Incorrect": 0.013413668748350779}}