{"Uniform": [{"Correct": 0.7481, "Incorrect": 0.2519}], "Trajector": {"Correct": 0.9697862608848623, "Incorrect": 0.030213739115137656}}