{"Uniform": [{"Correct": 0.6695, "Incorrect": 0.3305}], "Trajector": {"Correct": 0.9819685108628727, "Incorrect": 0.018031489137127276}}