{"Uniform": [{"Correct": 0.7221, "Incorrect": 0.2779}], "Trajector": {"Correct": 0.972644911601724, "Incorrect": 0.027355088398276012}}