{"Uniform": [{"Correct": 0.8306, "Incorrect": 0.1694}], "Trajector": {"Correct": 0.985266953997713, "Incorrect": 0.01473304600228692}}