{"Uniform": [{"Correct": 0.933, "Incorrect": 0.067}], "Trajector": {"Correct": 0.9766030433635324, "Incorrect": 0.023396956636467587}}