{"Uniform": [{"Correct": 0.8231, "Incorrect": 0.1769}], "Trajector": {"Correct": 0.9752396868677984, "Incorrect": 0.0247603131322016}}