{"Uniform": [{"Correct": 0.9206, "Incorrect": 0.0794}], "Trajector": {"Correct": 0.9814847392030961, "Incorrect": 0.01851526079690386}}