{"Uniform": [{"Correct": 0.6877, "Incorrect": 0.3123}], "Trajector": {"Correct": 0.9769988565397133, "Incorrect": 0.023001143460286744}}