{"Uniform": [{"Correct": 0.8429, "Incorrect": 0.1571}], "Trajector": {"Correct": 0.9860146011082769, "Incorrect": 0.013985398891723106}}