{"Uniform": [{"Correct": 0.7649, "Incorrect": 0.2351}], "Trajector": {"Correct": 0.9818365731374791, "Incorrect": 0.01816342686252089}}