{"Uniform": [{"Correct": 0.7545, "Incorrect": 0.2455}], "Trajector": {"Correct": 0.9690386137742986, "Incorrect": 0.03096138622570147}}