{"Uniform": [{"Correct": 0.7922, "Incorrect": 0.2078}], "Trajector": {"Correct": 0.9806051543671387, "Incorrect": 0.01939484563286129}}