{"Uniform": [{"Correct": 0.874, "Incorrect": 0.126}], "Trajector": {"Correct": 0.9855308294485003, "Incorrect": 0.014469170551499691}}