{"Uniform": [{"Correct": 0.7267, "Incorrect": 0.2733}], "Trajector": {"Correct": 0.9520186471985222, "Incorrect": 0.0479813528014777}}