{"Uniform": [{"Correct": 0.7626, "Incorrect": 0.2374}], "Trajector": {"Correct": 0.9656522121558624, "Incorrect": 0.03434778784413757}}