{"Uniform": [{"Correct": 0.8234, "Incorrect": 0.1766}], "Trajector": {"Correct": 0.9698742193684581, "Incorrect": 0.030125780631541914}}