{"Uniform": [{"Correct": 0.8229, "Incorrect": 0.1771}], "Trajector": {"Correct": 0.9773946697158941, "Incorrect": 0.022605330284105902}}