{"Uniform": [{"Correct": 0.7097, "Incorrect": 0.2903}], "Trajector": {"Correct": 0.9352185768317354, "Incorrect": 0.06478142316826457}}