{"Uniform": [{"Correct": 0.904, "Incorrect": 0.096}], "Trajector": {"Correct": 0.984607265370745, "Incorrect": 0.015392734629254992}}