{"Uniform": [{"Correct": 0.7663, "Incorrect": 0.2337}], "Trajector": {"Correct": 0.9729087870525112, "Incorrect": 0.027091212947488785}}