{"Uniform": [{"Correct": 0.9097, "Incorrect": 0.0903}], "Trajector": {"Correct": 0.9857067464156918, "Incorrect": 0.014293253584308207}}