{"Uniform": [{"Correct": 0.9404, "Incorrect": 0.0596}], "Trajector": {"Correct": 0.9797255695311813, "Incorrect": 0.020274430468818716}}