{"Uniform": [{"Correct": 0.6348, "Incorrect": 0.3652}], "Trajector": {"Correct": 0.9660480253320433, "Incorrect": 0.03395197466795673}}