{"Uniform": [{"Correct": 0.6874, "Incorrect": 0.3126}], "Trajector": {"Correct": 0.9614741841850647, "Incorrect": 0.03852581581493535}}