{"Uniform": [{"Correct": 0.6661, "Incorrect": 0.3339}], "Trajector": {"Correct": 0.9777904828920749, "Incorrect": 0.02220951710792506}}