{"Uniform": [{"Correct": 0.7977, "Incorrect": 0.2023}], "Trajector": {"Correct": 0.9645527311109157, "Incorrect": 0.03544726888908435}}