{"Uniform": [{"Correct": 0.6282, "Incorrect": 0.3718}], "Trajector": {"Correct": 0.9744920397572346, "Incorrect": 0.025507960242765415}}