{"Uniform": [{"Correct": 0.8, "Incorrect": 0.2}], "Trajector": {"Correct": 0.9853109332395109, "Incorrect": 0.014689066760489049}}