{"Uniform": [{"Correct": 0.7145, "Incorrect": 0.2855}], "Trajector": {"Correct": 0.967191485618788, "Incorrect": 0.032808514381212066}}