{"Uniform": [{"Correct": 0.8522, "Incorrect": 0.1478}], "Trajector": {"Correct": 0.9781423168264579, "Incorrect": 0.02185768317354209}}