{"Uniform": [{"Correct": 0.7946, "Incorrect": 0.2054}], "Trajector": {"Correct": 0.9831119711496173, "Incorrect": 0.016888028850382618}}