{"Uniform": [{"Correct": 0.6529, "Incorrect": 0.3471}], "Trajector": {"Correct": 0.9764271263963409, "Incorrect": 0.023572873603659072}}