{"Uniform": [{"Correct": 0.7799, "Incorrect": 0.2201}], "Trajector": {"Correct": 0.9857507256574897, "Incorrect": 0.014249274342510335}}