{"Uniform": [{"Correct": 0.697, "Incorrect": 0.303}], "Trajector": {"Correct": 0.9566804468290967, "Incorrect": 0.04331955317090334}}