{"Uniform": [{"Correct": 0.8116, "Incorrect": 0.1884}], "Trajector": {"Correct": 0.9601987861729264, "Incorrect": 0.03980121382707362}}