{"Uniform": [{"Correct": 0.9131, "Incorrect": 0.0869}], "Trajector": {"Correct": 0.9863664350426599, "Incorrect": 0.013633564957340135}}