{"Uniform": [{"Correct": 0.7914, "Incorrect": 0.2086}], "Trajector": {"Correct": 0.9868502067024365, "Incorrect": 0.01314979329756355}}