{"Uniform": [{"Correct": 0.9126, "Incorrect": 0.0874}], "Trajector": {"Correct": 0.9842554314363621, "Incorrect": 0.015744568563637963}}