{"Uniform": [{"Correct": 0.8769, "Incorrect": 0.1231}], "Trajector": {"Correct": 0.9857947048992876, "Incorrect": 0.014205295100712464}}