{"Uniform": [{"Correct": 0.8331, "Incorrect": 0.1669}], "Trajector": {"Correct": 0.9725129738763304, "Incorrect": 0.027487026123669628}}