{"Uniform": [{"Correct": 0.8617, "Incorrect": 0.1383}], "Trajector": {"Correct": 0.9755915208021814, "Incorrect": 0.02440847919781863}}