{"Uniform": [{"Correct": 0.7833, "Incorrect": 0.2167}], "Trajector": {"Correct": 0.9810449467851174, "Incorrect": 0.018955053214882576}}