{"Uniform": [{"Correct": 0.7946, "Incorrect": 0.2054}], "Trajector": {"Correct": 0.9671035271351922, "Incorrect": 0.03289647286480781}}