{"Uniform": [{"Correct": 0.9004, "Incorrect": 0.0996}], "Trajector": {"Correct": 0.9823203447972557, "Incorrect": 0.017679655202744303}}