{"Uniform": [{"Correct": 0.8699, "Incorrect": 0.1301}], "Trajector": {"Correct": 0.9703140117864368, "Incorrect": 0.0296859882135632}}