{"Uniform": [{"Correct": 0.7228, "Incorrect": 0.2772}], "Trajector": {"Correct": 0.9902366083208726, "Incorrect": 0.009763391679127452}}