{"Uniform": [{"Correct": 0.8153, "Incorrect": 0.1847}], "Trajector": {"Correct": 0.9850470577887237, "Incorrect": 0.014952942211276278}}