{"Uniform": [{"Correct": 0.8166, "Incorrect": 0.1834}], "Trajector": {"Correct": 0.9890931480341278, "Incorrect": 0.010906851965872108}}