{"Uniform": [{"Correct": 0.7822, "Incorrect": 0.2178}], "Trajector": {"Correct": 0.9835077843257982, "Incorrect": 0.016492215674201775}}