{"Uniform": [{"Correct": 0.8116, "Incorrect": 0.1884}], "Trajector": {"Correct": 0.9814407599612983, "Incorrect": 0.018559240038701734}}