{"Uniform": [{"Correct": 0.8246, "Incorrect": 0.1754}], "Trajector": {"Correct": 0.9905444630134577, "Incorrect": 0.009455536986542352}}