{"Uniform": [{"Correct": 0.9392, "Incorrect": 0.0608}], "Trajector": {"Correct": 0.9898407951446917, "Incorrect": 0.010159204855308294}}