{"Uniform": [{"Correct": 0.89, "Incorrect": 0.11}], "Trajector": {"Correct": 0.9841234937109684, "Incorrect": 0.01587650628903158}}