{"Uniform": [{"Correct": 0.93, "Incorrect": 0.07}], "Trajector": {"Correct": 0.9868062274606386, "Incorrect": 0.013193772539361421}}