{"Uniform": [{"Correct": 0.8046, "Incorrect": 0.1954}], "Trajector": {"Correct": 0.9877297915383939, "Incorrect": 0.012270208461606123}}