{"Uniform": [{"Correct": 0.8303, "Incorrect": 0.1697}], "Trajector": {"Correct": 0.9643768141437241, "Incorrect": 0.03562318585627584}}