{"Uniform": [{"Correct": 0.8217, "Incorrect": 0.1783}], "Trajector": {"Correct": 0.9670155686515964, "Incorrect": 0.03298443134840355}}