{"Uniform": [{"Correct": 0.9344, "Incorrect": 0.0656}], "Trajector": {"Correct": 0.9816606561702876, "Incorrect": 0.018339343829712376}}