{"Uniform": [{"Correct": 0.9115, "Incorrect": 0.0885}], "Trajector": {"Correct": 0.9715454305567772, "Incorrect": 0.028454569443222798}}