{"Uniform": [{"Correct": 0.9115, "Incorrect": 0.0885}], "Trajector": {"Correct": 0.9650804820124901, "Incorrect": 0.0349195179875099}}