{"Uniform": [{"Correct": 0.9113, "Incorrect": 0.0887}], "Trajector": {"Correct": 0.852933415427918, "Incorrect": 0.14706658457208197}}