{"Uniform": [{"Correct": 0.912, "Incorrect": 0.088}], "Trajector": {"Correct": 0.8362213035447269, "Incorrect": 0.1637786964552731}}