{"Uniform": [{"Correct": 0.9125, "Incorrect": 0.0875}], "Trajector": {"Correct": 0.9014425191309702, "Incorrect": 0.09855748086902982}}