{"Uniform": [{"Correct": 0.9128, "Incorrect": 0.0872}], "Trajector": {"Correct": 0.9172750461782039, "Incorrect": 0.08272495382179611}}