{"Uniform": [{"Correct": 0.9093, "Incorrect": 0.0907}], "Trajector": {"Correct": 0.9683789251473305, "Incorrect": 0.03162107485266954}}