{"Uniform": [{"Correct": 0.912, "Incorrect": 0.088}], "Trajector": {"Correct": 0.9698742193684581, "Incorrect": 0.030125780631541914}}