{"Uniform": [{"Correct": 0.9107, "Incorrect": 0.0893}], "Trajector": {"Correct": 0.9701380948192453, "Incorrect": 0.029861905180754683}}