{"Uniform": [{"Correct": 0.9169, "Incorrect": 0.0831}], "Trajector": {"Correct": 0.7934734805171959, "Incorrect": 0.20652651948280412}}