{"Uniform": [{"Correct": 0.9154, "Incorrect": 0.0846}], "Trajector": {"Correct": 0.9134048728999912, "Incorrect": 0.0865951271000088}}