{"Uniform": [{"Correct": 0.9104, "Incorrect": 0.0896}], "Trajector": {"Correct": 0.9312164658281291, "Incorrect": 0.06878353417187087}}