{"Uniform": [{"Correct": 0.9111, "Incorrect": 0.0889}], "Trajector": {"Correct": 0.910766118392119, "Incorrect": 0.08923388160788108}}