{"Uniform": [{"Correct": 0.9115, "Incorrect": 0.0885}], "Trajector": {"Correct": 0.9674553610695752, "Incorrect": 0.03254463893042484}}