{"Uniform": [{"Correct": 0.9115, "Incorrect": 0.0885}], "Trajector": {"Correct": 0.8778696455273111, "Incorrect": 0.12213035447268888}}