{"Uniform": [{"Correct": 0.9117, "Incorrect": 0.0883}], "Trajector": {"Correct": 0.8573313396077051, "Incorrect": 0.14266866039229484}}