{"Uniform": [{"Correct": 0.9103, "Incorrect": 0.0897}], "Trajector": {"Correct": 0.9653883367050752, "Incorrect": 0.034611663294924794}}