{"Uniform": [{"Correct": 0.9171, "Incorrect": 0.0829}], "Trajector": {"Correct": 0.9143724162195443, "Incorrect": 0.08562758378045562}}