{"Uniform": [{"Correct": 0.9114, "Incorrect": 0.0886}], "Trajector": {"Correct": 0.9646406895945114, "Incorrect": 0.035359310405488606}}