{"Uniform": [{"Correct": 0.9133, "Incorrect": 0.0867}], "Trajector": {"Correct": 0.8661711672090773, "Incorrect": 0.1338288327909227}}