{"Uniform": [{"Correct": 0.9115, "Incorrect": 0.0885}], "Trajector": {"Correct": 0.9567684053126924, "Incorrect": 0.04323159468730759}}