{"Uniform": [{"Correct": 0.911, "Incorrect": 0.089}], "Trajector": {"Correct": 0.8843785733133961, "Incorrect": 0.11562142668660393}}