{"Uniform": [{"Correct": 0.9119, "Incorrect": 0.0881}], "Trajector": {"Correct": 0.9709737004134049, "Incorrect": 0.02902629958659513}}