{"Uniform": [{"Correct": 0.9115, "Incorrect": 0.0885}], "Trajector": {"Correct": 0.8411469786260884, "Incorrect": 0.15885302137391152}}