{"Uniform": [{"Correct": 0.9136, "Incorrect": 0.0864}], "Trajector": {"Correct": 0.9136687483507784, "Incorrect": 0.08633125164922156}}