{"Uniform": [{"Correct": 0.913, "Incorrect": 0.087}], "Trajector": {"Correct": 0.82830504002111, "Incorrect": 0.17169495997888998}}