{"Uniform": [{"Correct": 0.9137, "Incorrect": 0.0863}], "Trajector": {"Correct": 0.8555281906939924, "Incorrect": 0.14447180930600756}}