{"Uniform": [{"Correct": 0.912, "Incorrect": 0.088}], "Trajector": {"Correct": 0.9721171607001495, "Incorrect": 0.02788283929985047}}