{"Uniform": [{"Correct": 0.9112, "Incorrect": 0.0888}], "Trajector": {"Correct": 0.9550971941243733, "Incorrect": 0.04490280587562671}}