{"Uniform": [{"Correct": 0.9125, "Incorrect": 0.0875}], "Trajector": {"Correct": 0.9614302049432668, "Incorrect": 0.03856979505673322}}