{"Uniform": [{"Correct": 0.9097, "Incorrect": 0.0903}], "Trajector": {"Correct": 0.9589233881607881, "Incorrect": 0.04107661183921189}}