{"Uniform": [{"Correct": 0.9151, "Incorrect": 0.0849}], "Trajector": {"Correct": 0.9659600668484475, "Incorrect": 0.034039933151552466}}