{"Uniform": [{"Correct": 0.9144, "Incorrect": 0.0856}], "Trajector": {"Correct": 0.9623537690210221, "Incorrect": 0.03764623097897792}}