{"Uniform": [{"Correct": 0.9155, "Incorrect": 0.0845}], "Trajector": {"Correct": 0.9597589937549477, "Incorrect": 0.040241006245052335}}