{"Uniform": [{"Correct": 0.9124, "Incorrect": 0.0876}], "Trajector": {"Correct": 0.955185152607969, "Incorrect": 0.04481484739203096}}