{"Uniform": [{"Correct": 0.9111, "Incorrect": 0.0889}], "Trajector": {"Correct": 0.870745008356056, "Incorrect": 0.12925499164394405}}