{"Uniform": [{"Correct": 0.9114, "Incorrect": 0.0886}], "Trajector": {"Correct": 0.9638930424839476, "Incorrect": 0.036106957516052425}}