{"Uniform": [{"Correct": 0.9117, "Incorrect": 0.0883}], "Trajector": {"Correct": 0.9610343917670859, "Incorrect": 0.03896560823291406}}