{"Uniform": [{"Correct": 0.9093, "Incorrect": 0.0907}], "Trajector": {"Correct": 0.8862696807107046, "Incorrect": 0.11373031928929546}}