{"Uniform": [{"Correct": 0.9086, "Incorrect": 0.0914}], "Trajector": {"Correct": 0.9672794441023836, "Incorrect": 0.03272055589761633}}