{"Uniform": [{"Correct": 0.9107, "Incorrect": 0.0893}], "Trajector": {"Correct": 0.9666637347172135, "Incorrect": 0.03333626528278653}}