{"Uniform": [{"Correct": 0.9114, "Incorrect": 0.0886}], "Trajector": {"Correct": 0.9670155686515964, "Incorrect": 0.03298443134840355}}