{"Uniform": [{"Correct": 0.9121, "Incorrect": 0.0879}], "Trajector": {"Correct": 0.8520978098337585, "Incorrect": 0.14790219016624154}}