{"Uniform": [{"Correct": 0.9137, "Incorrect": 0.0863}], "Trajector": {"Correct": 0.9683349459055326, "Incorrect": 0.03166505409446741}}