{"Uniform": [{"Correct": 0.9125, "Incorrect": 0.0875}], "Trajector": {"Correct": 0.96921453074149, "Incorrect": 0.030785469258509984}}