{"Uniform": [{"Correct": 0.9109, "Incorrect": 0.0891}], "Trajector": {"Correct": 0.796156214266866, "Incorrect": 0.20384378573313397}}