{"Uniform": [{"Correct": 0.9114, "Incorrect": 0.0886}], "Trajector": {"Correct": 0.8302401266602164, "Incorrect": 0.16975987333978362}}