{"Uniform": [{"Correct": 0.9139, "Incorrect": 0.0861}], "Trajector": {"Correct": 0.9101064297651509, "Incorrect": 0.08989357023484915}}