{"Uniform": [{"Correct": 0.9125, "Incorrect": 0.0875}], "Trajector": {"Correct": 0.8904477086815024, "Incorrect": 0.10955229131849767}}