{"Uniform": [{"Correct": 0.9104, "Incorrect": 0.0896}], "Trajector": {"Correct": 0.9576919693904478, "Incorrect": 0.042308030609552294}}