{"Uniform": [{"Correct": 0.9119, "Incorrect": 0.0881}], "Trajector": {"Correct": 0.7672618524056646, "Incorrect": 0.23273814759433548}}