{"Uniform": [{"Correct": 0.9131, "Incorrect": 0.0869}], "Trajector": {"Correct": 0.9190342158501188, "Incorrect": 0.08096578414988126}}