{"Uniform": [{"Correct": 0.9099, "Incorrect": 0.0901}], "Trajector": {"Correct": 0.802005453425983, "Incorrect": 0.19799454657401708}}