{"Uniform": [{"Correct": 0.9111, "Incorrect": 0.0889}], "Trajector": {"Correct": 0.9384730407247779, "Incorrect": 0.061526959275222094}}