{"Uniform": [{"Correct": 0.9116, "Incorrect": 0.0884}], "Trajector": {"Correct": 0.8797607529246195, "Incorrect": 0.12023924707538042}}