{"Uniform": [{"Correct": 0.9123, "Incorrect": 0.0877}], "Trajector": {"Correct": 0.8004661799630575, "Incorrect": 0.19953382003694256}}