{"Uniform": [{"Correct": 0.6774, "Incorrect": 0.3226}], "Trajector": {"Correct": 0.983243908875011, "Incorrect": 0.016756091124989006}}