{"Uniform": [{"Correct": 0.798, "Incorrect": 0.202}], "Trajector": {"Correct": 0.9860585803500748, "Incorrect": 0.013941419649925235}}