{"Uniform": [{"Correct": 0.8443, "Incorrect": 0.1557}], "Trajector": {"Correct": 0.9764711056381388, "Incorrect": 0.023528894361861202}}