{"Uniform": [{"Correct": 0.8176, "Incorrect": 0.1824}], "Trajector": {"Correct": 0.985266953997713, "Incorrect": 0.01473304600228692}}