{"Uniform": [{"Correct": 0.9278, "Incorrect": 0.0722}], "Trajector": {"Correct": 0.9783182337936494, "Incorrect": 0.0216817662063506}}