{"Uniform": [{"Correct": 0.9346, "Incorrect": 0.0654}], "Trajector": {"Correct": 0.98429941067816, "Incorrect": 0.01570058932184009}}