{"Uniform": [{"Correct": 0.8165, "Incorrect": 0.1835}], "Trajector": {"Correct": 0.9848711408215323, "Incorrect": 0.015128859178467763}}