{"Uniform": [{"Correct": 0.6625, "Incorrect": 0.3375}], "Trajector": {"Correct": 0.9821884070718621, "Incorrect": 0.01781159292813792}}