{"Uniform": [{"Correct": 0.8962, "Incorrect": 0.1038}], "Trajector": {"Correct": 0.9923915911689682, "Incorrect": 0.007608408831031753}}