{"Uniform": [{"Correct": 0.8447, "Incorrect": 0.1553}], "Trajector": {"Correct": 0.979505673322192, "Incorrect": 0.020494326677808074}}