{"Uniform": [{"Correct": 0.648, "Incorrect": 0.352}], "Trajector": {"Correct": 0.9751077491424048, "Incorrect": 0.024892250857595215}}