{"Uniform": [{"Correct": 0.9309, "Incorrect": 0.0691}], "Trajector": {"Correct": 0.9876418330547981, "Incorrect": 0.012358166945201865}}