{"Uniform": [{"Correct": 0.794, "Incorrect": 0.206}], "Trajector": {"Correct": 0.9833318673586068, "Incorrect": 0.016668132641393264}}