{"Uniform": [{"Correct": 0.6914, "Incorrect": 0.3086}], "Trajector": {"Correct": 0.9861465388336705, "Incorrect": 0.013853461166329493}}