{"Uniform": [{"Correct": 0.8256, "Incorrect": 0.1744}], "Trajector": {"Correct": 0.9887852933415427, "Incorrect": 0.011214706658457209}}