{"Uniform": [{"Correct": 0.6526, "Incorrect": 0.3474}], "Trajector": {"Correct": 0.9799454657401706, "Incorrect": 0.020054534259829362}}