{"Uniform": [{"Correct": 0.9352, "Incorrect": 0.0648}], "Trajector": {"Correct": 0.9895769196939045, "Incorrect": 0.010423080306095523}}