{"Uniform": [{"Correct": 0.9349, "Incorrect": 0.0651}], "Trajector": {"Correct": 0.9875538745712024, "Incorrect": 0.012446125428797607}}