{"Uniform": [{"Correct": 0.9291, "Incorrect": 0.0709}], "Trajector": {"Correct": 0.9886093763743513, "Incorrect": 0.011390623625648693}}