{"Uniform": [{"Correct": 0.9185, "Incorrect": 0.0815}], "Trajector": {"Correct": 0.9802533204327557, "Incorrect": 0.01974667956724426}}