{"Uniform": [{"Correct": 0.6689, "Incorrect": 0.3311}], "Trajector": {"Correct": 0.9792857771132025, "Incorrect": 0.02071422288679743}}