{"Uniform": [{"Correct": 0.8138, "Incorrect": 0.1862}], "Trajector": {"Correct": 0.9899727328700854, "Incorrect": 0.010027267129914681}}