{"Uniform": [{"Correct": 0.8064, "Incorrect": 0.1936}], "Trajector": {"Correct": 0.9813088222359047, "Incorrect": 0.018691177764095346}}