{"Uniform": [{"Correct": 0.94, "Incorrect": 0.06}], "Trajector": {"Correct": 0.990764359222447, "Incorrect": 0.009235640777552996}}