{"Uniform": [{"Correct": 0.7758, "Incorrect": 0.2242}], "Trajector": {"Correct": 0.981880552379277, "Incorrect": 0.01811944762072302}}