{"Uniform": [{"Correct": 0.9284, "Incorrect": 0.0716}], "Trajector": {"Correct": 0.9723810361509367, "Incorrect": 0.027618963849063243}}