{"Uniform": [{"Correct": 0.7983, "Incorrect": 0.2017}], "Trajector": {"Correct": 0.9808690298179259, "Incorrect": 0.01913097018207406}}