{"Uniform": [{"Correct": 0.816, "Incorrect": 0.184}], "Trajector": {"Correct": 0.991775881783798, "Incorrect": 0.008224118216201953}}