{"Uniform": [{"Correct": 0.9311, "Incorrect": 0.0689}], "Trajector": {"Correct": 0.9851350162723195, "Incorrect": 0.014864983727680536}}