{"Uniform": [{"Correct": 0.8216, "Incorrect": 0.1784}], "Trajector": {"Correct": 0.9855748086902982, "Incorrect": 0.01442519130970182}}