{"Uniform": [{"Correct": 0.9273, "Incorrect": 0.0727}], "Trajector": {"Correct": 0.973656434163075, "Incorrect": 0.026343565836924973}}