{"Uniform": [{"Correct": 0.8307, "Incorrect": 0.1693}], "Trajector": {"Correct": 0.9828041164570323, "Incorrect": 0.017195883542967718}}