{"Uniform": [{"Correct": 0.9118, "Incorrect": 0.0882}], "Trajector": {"Correct": 0.6062538481836574, "Incorrect": 0.3937461518163427}}