{"Uniform": [{"Correct": 0.7806, "Incorrect": 0.2194}], "Trajector": {"Correct": 0.9803852581581494, "Incorrect": 0.019614741841850646}}