{"Uniform": [{"Correct": 0.8, "Incorrect": 0.2}], "Trajector": {"Correct": 0.9729967455361069, "Incorrect": 0.027003254463893043}}