{"Uniform": [{"Correct": 0.9107, "Incorrect": 0.0893}], "Trajector": {"Correct": 0.9735684756794792, "Incorrect": 0.026431524320520716}}