{"Uniform": [{"Correct": 0.9116, "Incorrect": 0.0884}], "Trajector": {"Correct": 0.9772627319905005, "Incorrect": 0.022737268009499517}}