{"Uniform": [{"Correct": 0.9118, "Incorrect": 0.0882}], "Trajector": {"Correct": 0.9751517283842026, "Incorrect": 0.024848271615797345}}