{"Uniform": [{"Correct": 0.912, "Incorrect": 0.088}], "Trajector": {"Correct": 0.8185416483419826, "Incorrect": 0.1814583516580174}}