{"Uniform": [{"Correct": 0.8022, "Incorrect": 0.1978}], "Trajector": {"Correct": 0.9642888556601285, "Incorrect": 0.03571114433987158}}