{"Uniform": [{"Correct": 0.9106, "Incorrect": 0.0894}], "Trajector": {"Correct": 0.9720292022165538, "Incorrect": 0.027970797783446213}}