{"Uniform": [{"Correct": 0.6777, "Incorrect": 0.3223}], "Trajector": {"Correct": 0.9480605154367139, "Incorrect": 0.05193948456328613}}