{"Uniform": [{"Correct": 0.8032, "Incorrect": 0.1968}], "Trajector": {"Correct": 0.9799894449819685, "Incorrect": 0.02001055501803149}}