{"Uniform": [{"Correct": 0.8243, "Incorrect": 0.1757}], "Trajector": {"Correct": 0.9793297563550004, "Incorrect": 0.02067024364499956}}