{"Uniform": [{"Correct": 0.7864, "Incorrect": 0.2136}], "Trajector": {"Correct": 0.9619139766030433, "Incorrect": 0.03808602339695664}}