{"Uniform": [{"Correct": 0.7868, "Incorrect": 0.2132}], "Trajector": {"Correct": 0.9751517283842026, "Incorrect": 0.024848271615797345}}