{"Uniform": [{"Correct": 0.9121, "Incorrect": 0.0879}], "Trajector": {"Correct": 0.966839651684405, "Incorrect": 0.03316034831559504}}