{"Uniform": [{"Correct": 0.9098, "Incorrect": 0.0902}], "Trajector": {"Correct": 0.9686867798399156, "Incorrect": 0.03131322016008444}}