{"Uniform": [{"Correct": 0.9099, "Incorrect": 0.0901}], "Trajector": {"Correct": 0.968159028938341, "Incorrect": 0.031840971061658896}}