{"Uniform": [{"Correct": 0.7827, "Incorrect": 0.2173}], "Trajector": {"Correct": 0.9787140469698302, "Incorrect": 0.02128595303016976}}