{"Uniform": [{"Correct": 0.7833, "Incorrect": 0.2167}], "Trajector": {"Correct": 0.9603747031401179, "Incorrect": 0.039625296859882135}}