{"Uniform": [{"Correct": 0.7985, "Incorrect": 0.2015}], "Trajector": {"Correct": 0.9206614477966399, "Incorrect": 0.07933855220336002}}