{"Uniform": [{"Correct": 0.5849, "Incorrect": 0.4151}], "Trajector": {"Correct": 0.9170111707274167, "Incorrect": 0.08298882927258334}}