{"Uniform": [{"Correct": 0.8249, "Incorrect": 0.1751}], "Trajector": {"Correct": 0.9696543231594688, "Incorrect": 0.030345676840531268}}