{"Uniform": [{"Correct": 0.8088, "Incorrect": 0.1912}], "Trajector": {"Correct": 0.780103791010643, "Incorrect": 0.21989620898935702}}