{"Uniform": [{"Correct": 0.5842, "Incorrect": 0.4158}], "Trajector": {"Correct": 0.9466092004573842, "Incorrect": 0.053390799542615885}}