{"Uniform": [{"Correct": 0.7904, "Incorrect": 0.2096}], "Trajector": {"Correct": 0.9704459495118304, "Incorrect": 0.029554050488169583}}