{"Uniform": [{"Correct": 0.9117, "Incorrect": 0.0883}], "Trajector": {"Correct": 0.9739642888556601, "Incorrect": 0.026035711144339873}}