{"Uniform": [{"Correct": 0.5852, "Incorrect": 0.4148}], "Trajector": {"Correct": 0.9266426246811506, "Incorrect": 0.0733573753188495}}