{"Uniform": [{"Correct": 0.9119, "Incorrect": 0.0881}], "Trajector": {"Correct": 0.9249274342510335, "Incorrect": 0.0750725657489665}}