{"Uniform": [{"Correct": 0.5836, "Incorrect": 0.4164}], "Trajector": {"Correct": 0.9436186120151289, "Incorrect": 0.05638138798487114}}