{"Uniform": [{"Correct": 0.9115, "Incorrect": 0.0885}], "Trajector": {"Correct": 0.9738763303720643, "Incorrect": 0.026123669627935615}}