{"Uniform": [{"Correct": 0.6973, "Incorrect": 0.3027}], "Trajector": {"Correct": 0.9775266074412877, "Incorrect": 0.022473392558712287}}