{"Uniform": [{"Correct": 0.927, "Incorrect": 0.073}], "Trajector": {"Correct": 0.8412789163514821, "Incorrect": 0.1587210836485179}}