{"Uniform": [{"Correct": 0.9119, "Incorrect": 0.0881}], "Trajector": {"Correct": 0.8411029993842906, "Incorrect": 0.15889700061570938}}