{"Uniform": [{"Correct": 0.8093, "Incorrect": 0.1907}], "Trajector": {"Correct": 0.9802972996745536, "Incorrect": 0.01970270032544639}}