{"Uniform": [{"Correct": 0.9107, "Incorrect": 0.0893}], "Trajector": {"Correct": 0.9735244964376815, "Incorrect": 0.026475503562318585}}