{"Uniform": [{"Correct": 0.9109, "Incorrect": 0.0891}], "Trajector": {"Correct": 0.9760313132201601, "Incorrect": 0.023968686779839914}}