{"Uniform": [{"Correct": 0.7758, "Incorrect": 0.2242}], "Trajector": {"Correct": 0.9730407247779048, "Incorrect": 0.02695927522209517}}