{"Uniform": [{"Correct": 0.9101, "Incorrect": 0.0899}], "Trajector": {"Correct": 0.9703579910282347, "Incorrect": 0.029642008971765325}}