{"Uniform": [{"Correct": 0.7844, "Incorrect": 0.2156}], "Trajector": {"Correct": 0.9337672618524057, "Incorrect": 0.06623273814759434}}