{"Uniform": [{"Correct": 0.5844, "Incorrect": 0.4156}], "Trajector": {"Correct": 0.9438824874659161, "Incorrect": 0.05611751253408391}}