{"Uniform": [{"Correct": 0.5849, "Incorrect": 0.4151}], "Trajector": {"Correct": 0.9458175741050224, "Incorrect": 0.05418242589497757}}