{"Uniform": [{"Correct": 0.7048, "Incorrect": 0.2952}], "Trajector": {"Correct": 0.9627935614390007, "Incorrect": 0.03720643856099921}}