{"Uniform": [{"Correct": 0.9164, "Incorrect": 0.0836}], "Trajector": {"Correct": 0.9054006508927787, "Incorrect": 0.0945993491072214}}