{"Uniform": [{"Correct": 0.9106, "Incorrect": 0.0894}], "Trajector": {"Correct": 0.9711935966223942, "Incorrect": 0.02880640337760577}}