{"Uniform": [{"Correct": 0.7944, "Incorrect": 0.2056}], "Trajector": {"Correct": 0.97809833758466, "Incorrect": 0.02190166241533996}}