{"Uniform": [{"Correct": 0.5838, "Incorrect": 0.4162}], "Trajector": {"Correct": 0.9422992347611927, "Incorrect": 0.05770076523880728}}