{"Uniform": [{"Correct": 0.9101, "Incorrect": 0.0899}], "Trajector": {"Correct": 0.9703140117864368, "Incorrect": 0.0296859882135632}}