{"Uniform": [{"Correct": 0.912, "Incorrect": 0.088}], "Trajector": {"Correct": 0.9591872636115754, "Incorrect": 0.04081273638842466}}