{"Uniform": [{"Correct": 0.9121, "Incorrect": 0.0879}], "Trajector": {"Correct": 0.7548597062186648, "Incorrect": 0.2451402937813352}}