{"Uniform": [{"Correct": 0.8452, "Incorrect": 0.1548}], "Trajector": {"Correct": 0.9032456680446829, "Incorrect": 0.09675433195531709}}