{"Uniform": [{"Correct": 0.7854, "Incorrect": 0.2146}], "Trajector": {"Correct": 0.98429941067816, "Incorrect": 0.01570058932184009}}