{"Uniform": [{"Correct": 0.91, "Incorrect": 0.09}], "Trajector": {"Correct": 0.9696543231594688, "Incorrect": 0.030345676840531268}}