{"Uniform": [{"Correct": 0.658, "Incorrect": 0.342}], "Trajector": {"Correct": 0.9295892338816079, "Incorrect": 0.07041076611839212}}