{"Uniform": [{"Correct": 0.9102, "Incorrect": 0.0898}], "Trajector": {"Correct": 0.9708857419298091, "Incorrect": 0.02911425807019087}}