{"Uniform": [{"Correct": 0.9086, "Incorrect": 0.0914}], "Trajector": {"Correct": 0.961342246459671, "Incorrect": 0.038657753540328965}}