{"Uniform": [{"Correct": 0.7854, "Incorrect": 0.2146}], "Trajector": {"Correct": 0.9770428357815111, "Incorrect": 0.022957164218488875}}