{"Uniform": [{"Correct": 0.9104, "Incorrect": 0.0896}], "Trajector": {"Correct": 0.9730407247779048, "Incorrect": 0.02695927522209517}}