{"Uniform": [{"Correct": 0.9109, "Incorrect": 0.0891}], "Trajector": {"Correct": 0.9745360189990324, "Incorrect": 0.025463981000967542}}