{"Uniform": [{"Correct": 0.9116, "Incorrect": 0.0884}], "Trajector": {"Correct": 0.9769548772979154, "Incorrect": 0.023045122702084617}}