{"Uniform": [{"Correct": 0.912, "Incorrect": 0.088}], "Trajector": {"Correct": 0.9594511390623626, "Incorrect": 0.04054886093763743}}