{"Uniform": [{"Correct": 0.912, "Incorrect": 0.088}], "Trajector": {"Correct": 0.7747383235113027, "Incorrect": 0.22526167648869733}}