{"Uniform": [{"Correct": 0.8249, "Incorrect": 0.1751}], "Trajector": {"Correct": 0.9692585099832879, "Incorrect": 0.03074149001671211}}