{"Uniform": [{"Correct": 0.7842, "Incorrect": 0.2158}], "Trajector": {"Correct": 0.9795936318057876, "Incorrect": 0.02040636819421233}}