{"Uniform": [{"Correct": 0.912, "Incorrect": 0.088}], "Trajector": {"Correct": 0.9741402058228517, "Incorrect": 0.025859794177148385}}