{"Uniform": [{"Correct": 0.7301, "Incorrect": 0.2699}], "Trajector": {"Correct": 0.946301345764799, "Incorrect": 0.05369865423520098}}