{"Uniform": [{"Correct": 0.9109, "Incorrect": 0.0891}], "Trajector": {"Correct": 0.9758553962529686, "Incorrect": 0.024144603747031403}}