{"Uniform": [{"Correct": 0.912, "Incorrect": 0.088}], "Trajector": {"Correct": 0.9375934558888205, "Incorrect": 0.062406544111179525}}