{"Uniform": [{"Correct": 0.9122, "Incorrect": 0.0878}], "Trajector": {"Correct": 0.9728648078107134, "Incorrect": 0.027135192189286658}}