{"Uniform": [{"Correct": 0.6564, "Incorrect": 0.3436}], "Trajector": {"Correct": 0.9754156038349899, "Incorrect": 0.024584396165010115}}