{"Uniform": [{"Correct": 0.9121, "Incorrect": 0.0879}], "Trajector": {"Correct": 0.95351394141965, "Incorrect": 0.04648605858035008}}