{"Uniform": [{"Correct": 0.9117, "Incorrect": 0.0883}], "Trajector": {"Correct": 0.9751077491424048, "Incorrect": 0.024892250857595215}}