{"Uniform": [{"Correct": 0.8188, "Incorrect": 0.1812}], "Trajector": {"Correct": 0.9798575072565749, "Incorrect": 0.020142492743425104}}