{"Uniform": [{"Correct": 0.9122, "Incorrect": 0.0878}], "Trajector": {"Correct": 0.47976954877297917, "Incorrect": 0.5202304512270208}}