{"Uniform": [{"Correct": 0.8048, "Incorrect": 0.1952}], "Trajector": {"Correct": 0.9561526959275222, "Incorrect": 0.04384730407247779}}