{"Uniform": [{"Correct": 0.7884, "Incorrect": 0.2116}], "Trajector": {"Correct": 0.9793297563550004, "Incorrect": 0.02067024364499956}}