{"Uniform": [{"Correct": 0.7834, "Incorrect": 0.2166}], "Trajector": {"Correct": 0.9607265370745008, "Incorrect": 0.039273462925499165}}