{"Uniform": [{"Correct": 0.6536, "Incorrect": 0.3464}], "Trajector": {"Correct": 0.983243908875011, "Incorrect": 0.016756091124989006}}