{"Uniform": [{"Correct": 0.5847, "Incorrect": 0.4153}], "Trajector": {"Correct": 0.9469170551499693, "Incorrect": 0.05308294485003079}}