{"Uniform": [{"Correct": 0.9111, "Incorrect": 0.0889}], "Trajector": {"Correct": 0.9741841850646494, "Incorrect": 0.025815814935350515}}