{"Uniform": [{"Correct": 0.7874, "Incorrect": 0.2126}], "Trajector": {"Correct": 0.9368458087782566, "Incorrect": 0.06315419122174333}}