{"Uniform": [{"Correct": 0.7325, "Incorrect": 0.2675}], "Trajector": {"Correct": 0.9506552907027883, "Incorrect": 0.049344709297211714}}