{"Uniform": [{"Correct": 0.9121, "Incorrect": 0.0879}], "Trajector": {"Correct": 0.9456856363796288, "Incorrect": 0.05431436362037118}}