{"Uniform": [{"Correct": 0.912, "Incorrect": 0.088}], "Trajector": {"Correct": 0.9196939044770868, "Incorrect": 0.08030609552291318}}