{"Uniform": [{"Correct": 0.9062, "Incorrect": 0.0938}], "Trajector": {"Correct": 0.972293077667341, "Incorrect": 0.027706922332658986}}