{"Uniform": [{"Correct": 0.7834, "Incorrect": 0.2166}], "Trajector": {"Correct": 0.9837716597765854, "Incorrect": 0.016228340223414548}}