{"Uniform": [{"Correct": 0.8096, "Incorrect": 0.1904}], "Trajector": {"Correct": 0.9656522121558624, "Incorrect": 0.03434778784413757}}