{"Uniform": [{"Correct": 0.3447, "Incorrect": 0.6553}], "Trajector": {"Correct": 0.39186328470805587, "Incorrect": 0.6081367152919441}}