{"Uniform": [{"Correct": 0.3609, "Incorrect": 0.6391}], "Trajector": {"Correct": 0.3824718063200031, "Incorrect": 0.6175281936799969}}