{"Uniform": [{"Correct": 0.5345, "Incorrect": 0.4655}], "Trajector": {"Correct": 0.42731226665640276, "Incorrect": 0.5726877333435972}}