{"Uniform": [{"Correct": 0.5809, "Incorrect": 0.4191}], "Trajector": {"Correct": 0.306069820253262, "Incorrect": 0.693930179746738}}