{"Uniform": [{"Correct": 0.73, "Incorrect": 0.27}], "Trajector": {"Correct": 0.3913629190562334, "Incorrect": 0.6086370809437666}}