{"Uniform": [{"Correct": 0.5799, "Incorrect": 0.4201}], "Trajector": {"Correct": 0.40506523998306454, "Incorrect": 0.5949347600169355}}