{"Uniform": [{"Correct": 0.532, "Incorrect": 0.468}], "Trajector": {"Correct": 0.4339324891266695, "Incorrect": 0.5660675108733305}}