{"Uniform": [{"Correct": 0.6527, "Incorrect": 0.3473}], "Trajector": {"Correct": 0.34082598822216237, "Incorrect": 0.6591740117778376}}