{"Uniform": [{"Correct": 0.542, "Incorrect": 0.458}], "Trajector": {"Correct": 0.3803548747161387, "Incorrect": 0.6196451252838613}}