{"Uniform": [{"Correct": 0.37, "Incorrect": 0.63}], "Trajector": {"Correct": 0.3109964974404372, "Incorrect": 0.6890035025595628}}