{"Uniform": [{"Correct": 0.3234, "Incorrect": 0.6766}], "Trajector": {"Correct": 0.4271967976598283, "Incorrect": 0.5728032023401717}}