{"Uniform": [{"Correct": 0.3291, "Incorrect": 0.6709}], "Trajector": {"Correct": 0.40006158346483967, "Incorrect": 0.5999384165351603}}