{"Uniform": [{"Correct": 0.9168, "Incorrect": 0.0832}], "Trajector": {"Correct": 0.7947048992875363, "Incorrect": 0.2052951007124637}}