{"Uniform": [{"Correct": 0.9122, "Incorrect": 0.0878}], "Trajector": {"Correct": 0.8827073621250769, "Incorrect": 0.11729263787492304}}