{"Uniform": [{"Correct": 0.9119, "Incorrect": 0.0881}], "Trajector": {"Correct": 0.9529422112762777, "Incorrect": 0.047057788723722405}}