{"Uniform": [{"Correct": 0.9185, "Incorrect": 0.0815}], "Trajector": {"Correct": 0.8444894010027267, "Incorrect": 0.1555105989972733}}