{"Uniform": [{"Correct": 0.9104, "Incorrect": 0.0896}], "Trajector": {"Correct": 0.9123933503386401, "Incorrect": 0.08760664966135984}}