{"Uniform": [{"Correct": 0.9111, "Incorrect": 0.0889}], "Trajector": {"Correct": 0.912789163514821, "Incorrect": 0.087210836485179}}