{"Uniform": [{"Correct": 0.9109, "Incorrect": 0.0891}], "Trajector": {"Correct": 0.8964728648078107, "Incorrect": 0.10352713519218928}}