{"Uniform": [{"Correct": 0.9127, "Incorrect": 0.0873}], "Trajector": {"Correct": 0.7902629958659513, "Incorrect": 0.20973700413404872}}