{"Uniform": [{"Correct": 0.9104, "Incorrect": 0.0896}], "Trajector": {"Correct": 0.8846864280059812, "Incorrect": 0.11531357199401883}}