{"Uniform": [{"Correct": 0.9122, "Incorrect": 0.0878}], "Trajector": {"Correct": 0.9101943882487465, "Incorrect": 0.08980561175125341}}