{"Uniform": [{"Correct": 0.9104, "Incorrect": 0.0896}], "Trajector": {"Correct": 0.7407863488433459, "Incorrect": 0.25921365115665407}}