{"Uniform": [{"Correct": 0.9102, "Incorrect": 0.0898}], "Trajector": {"Correct": 0.8748790570850559, "Incorrect": 0.12512094291494413}}