{"Uniform": [{"Correct": 0.9109, "Incorrect": 0.0891}], "Trajector": {"Correct": 0.7315946873075908, "Incorrect": 0.2684053126924092}}