{"Uniform": [{"Correct": 0.9168, "Incorrect": 0.0832}], "Trajector": {"Correct": 0.8699533820036942, "Incorrect": 0.13004661799630574}}