{"Uniform": [{"Correct": 0.9104, "Incorrect": 0.0896}], "Trajector": {"Correct": 0.8974404081273639, "Incorrect": 0.10255959187263612}}