{"Uniform": [{"Correct": 0.9123, "Incorrect": 0.0877}], "Trajector": {"Correct": 0.9093148034127891, "Incorrect": 0.09068519658721083}}