{"Uniform": [{"Correct": 0.9119, "Incorrect": 0.0881}], "Trajector": {"Correct": 0.9054886093763743, "Incorrect": 0.09451139062362565}}