{"Uniform": [{"Correct": 0.9141, "Incorrect": 0.0859}], "Trajector": {"Correct": 0.903905356671651, "Incorrect": 0.09609464332834902}}