{"Uniform": [{"Correct": 0.9147, "Incorrect": 0.0853}], "Trajector": {"Correct": 0.8537250417802797, "Incorrect": 0.14627495821972028}}