{"Uniform": [{"Correct": 0.9124, "Incorrect": 0.0876}], "Trajector": {"Correct": 0.796508048201249, "Incorrect": 0.203491951798751}}