{"Uniform": [{"Correct": 0.9101, "Incorrect": 0.0899}], "Trajector": {"Correct": 0.7951007124637172, "Incorrect": 0.20489928753628286}}