{"Uniform": [{"Correct": 0.911, "Incorrect": 0.089}], "Trajector": {"Correct": 0.833098777377078, "Incorrect": 0.16690122262292198}}