{"Uniform": [{"Correct": 0.912, "Incorrect": 0.088}], "Trajector": {"Correct": 0.9617380596358519, "Incorrect": 0.03826194036414812}}