{"Uniform": [{"Correct": 0.9129, "Incorrect": 0.0871}], "Trajector": {"Correct": 0.9742281643064473, "Incorrect": 0.025771835693552642}}