{"Uniform": [{"Correct": 0.9119, "Incorrect": 0.0881}], "Trajector": {"Correct": 0.8822235904653004, "Incorrect": 0.11777640953469962}}