{"Uniform": [{"Correct": 0.9104, "Incorrect": 0.0896}], "Trajector": {"Correct": 0.8990236608320873, "Incorrect": 0.10097633916791275}}