{"Uniform": [{"Correct": 0.9103, "Incorrect": 0.0897}], "Trajector": {"Correct": 0.957252176972469, "Incorrect": 0.042747823027531}}