{"Uniform": [{"Correct": 0.913, "Incorrect": 0.087}], "Trajector": {"Correct": 0.9589673674025859, "Incorrect": 0.04103263259741402}}