{"Uniform": [{"Correct": 0.9149, "Incorrect": 0.0851}], "Trajector": {"Correct": 0.859442343214003, "Incorrect": 0.14055765678599702}}