{"Uniform": [{"Correct": 0.9136, "Incorrect": 0.0864}], "Trajector": {"Correct": 0.884422552555194, "Incorrect": 0.11557744744480605}}