{"Uniform": [{"Correct": 0.916, "Incorrect": 0.084}], "Trajector": {"Correct": 0.8119887413140997, "Incorrect": 0.18801125868590027}}