{"Uniform": [{"Correct": 0.914, "Incorrect": 0.086}], "Trajector": {"Correct": 0.9586595127100008, "Incorrect": 0.04134048728999912}}