{"Uniform": [{"Correct": 0.9114, "Incorrect": 0.0886}], "Trajector": {"Correct": 0.9523265018911073, "Incorrect": 0.047673498108892605}}