{"Uniform": [{"Correct": 0.912, "Incorrect": 0.088}], "Trajector": {"Correct": 0.9670595478933943, "Incorrect": 0.032940452106605685}}