{"Uniform": [{"Correct": 0.9117, "Incorrect": 0.0883}], "Trajector": {"Correct": 0.882355528190694, "Incorrect": 0.11764447180930601}}