{"Uniform": [{"Correct": 0.9098, "Incorrect": 0.0902}], "Trajector": {"Correct": 0.9636731462749583, "Incorrect": 0.03632685372504178}}