{"Uniform": [{"Correct": 0.9108, "Incorrect": 0.0892}], "Trajector": {"Correct": 0.9628375406807986, "Incorrect": 0.037162459319201334}}