{"Uniform": [{"Correct": 0.9121, "Incorrect": 0.0879}], "Trajector": {"Correct": 0.9711935966223942, "Incorrect": 0.02880640337760577}}