{"Uniform": [{"Correct": 0.9127, "Incorrect": 0.0873}], "Trajector": {"Correct": 0.8838068431700238, "Incorrect": 0.11619315682997625}}