{"Uniform": [{"Correct": 0.9118, "Incorrect": 0.0882}], "Trajector": {"Correct": 0.9676312780367666, "Incorrect": 0.03236872196323336}}