{"Uniform": [{"Correct": 0.9094, "Incorrect": 0.0906}], "Trajector": {"Correct": 0.9495558096578415, "Incorrect": 0.0504441903421585}}