{"Uniform": [{"Correct": 0.912, "Incorrect": 0.088}], "Trajector": {"Correct": 0.9631453953733837, "Incorrect": 0.03685460462661624}}