{"Uniform": [{"Correct": 0.9113, "Incorrect": 0.0887}], "Trajector": {"Correct": 0.9695223854340751, "Incorrect": 0.030477614565924883}}