{"Uniform": [{"Correct": 0.9109, "Incorrect": 0.0891}], "Trajector": {"Correct": 0.9628375406807986, "Incorrect": 0.037162459319201334}}