{"Uniform": [{"Correct": 0.9119, "Incorrect": 0.0881}], "Trajector": {"Correct": 0.9031137303192893, "Incorrect": 0.09688626968071071}}