{"Uniform": [{"Correct": 0.9123, "Incorrect": 0.0877}], "Trajector": {"Correct": 0.8461606121910459, "Incorrect": 0.15383938780895418}}