{"Uniform": [{"Correct": 0.7929, "Incorrect": 0.2071}], "Trajector": {"Correct": 0.9060163602779489, "Incorrect": 0.09398363972205119}}