{"Uniform": [{"Correct": 0.8185, "Incorrect": 0.1815}], "Trajector": {"Correct": 0.9832878881168089, "Incorrect": 0.016712111883191133}}