{"Uniform": [{"Correct": 0.9335, "Incorrect": 0.0665}], "Trajector": {"Correct": 0.9787580262116281, "Incorrect": 0.02124197378837189}}