{"Uniform": [{"Correct": 0.7409, "Incorrect": 0.2591}], "Trajector": {"Correct": 0.964772627319905, "Incorrect": 0.035227372680094994}}