{"Uniform": [{"Correct": 0.7965, "Incorrect": 0.2035}], "Trajector": {"Correct": 0.9648605858035008, "Incorrect": 0.035139414196499255}}