{"Uniform": [{"Correct": 0.7832, "Incorrect": 0.2168}], "Trajector": {"Correct": 0.9658281291230539, "Incorrect": 0.03417187087694608}}