{"Uniform": [{"Correct": 0.9386, "Incorrect": 0.0614}], "Trajector": {"Correct": 0.9857067464156918, "Incorrect": 0.014293253584308207}}