{"Uniform": [{"Correct": 0.9118, "Incorrect": 0.0882}], "Trajector": {"Correct": 0.9568563637962881, "Incorrect": 0.043143636203711845}}