{"Uniform": [{"Correct": 0.8144, "Incorrect": 0.1856}], "Trajector": {"Correct": 0.6874835077843258, "Incorrect": 0.3125164922156742}}