{"Uniform": [{"Correct": 0.7815, "Incorrect": 0.2185}], "Trajector": {"Correct": 0.9640249802093412, "Incorrect": 0.035975019790658806}}