{"Uniform": [{"Correct": 0.9192, "Incorrect": 0.0808}], "Trajector": {"Correct": 0.944937989269065, "Incorrect": 0.055062010730935}}