{"Uniform": [{"Correct": 0.9114, "Incorrect": 0.0886}], "Trajector": {"Correct": 0.9782302753100537, "Incorrect": 0.021769724689946344}}