{"Uniform": [{"Correct": 0.7145, "Incorrect": 0.2855}], "Trajector": {"Correct": 0.9546574017063946, "Incorrect": 0.045342598293605416}}