{"Uniform": [{"Correct": 0.9252, "Incorrect": 0.0748}], "Trajector": {"Correct": 0.9608144955580966, "Incorrect": 0.03918550444190342}}