{"Uniform": [{"Correct": 0.7914, "Incorrect": 0.2086}], "Trajector": {"Correct": 0.9426950479373736, "Incorrect": 0.05730495206262644}}