{"Uniform": [{"Correct": 0.6328, "Incorrect": 0.3672}], "Trajector": {"Correct": 0.9766910018471282, "Incorrect": 0.023308998152871845}}