{"Uniform": [{"Correct": 0.621, "Incorrect": 0.379}], "Trajector": {"Correct": 0.9694784061922772, "Incorrect": 0.030521593807722756}}