{"Uniform": [{"Correct": 0.7858, "Incorrect": 0.2142}], "Trajector": {"Correct": 0.9447180930600756, "Incorrect": 0.05528190693992435}}