{"Uniform": [{"Correct": 0.6339, "Incorrect": 0.3661}], "Trajector": {"Correct": 0.8283929985047058, "Incorrect": 0.17160700149529423}}