{"Uniform": [{"Correct": 0.7155, "Incorrect": 0.2845}], "Trajector": {"Correct": 0.9791098601460111, "Incorrect": 0.020890139853988916}}