{"Uniform": [{"Correct": 0.9286, "Incorrect": 0.0714}], "Trajector": {"Correct": 0.9636731462749583, "Incorrect": 0.03632685372504178}}