{"Uniform": [{"Correct": 0.8072, "Incorrect": 0.1928}], "Trajector": {"Correct": 0.9686428005981177, "Incorrect": 0.031357199401882314}}