{"Uniform": [{"Correct": 0.9283, "Incorrect": 0.0717}], "Trajector": {"Correct": 0.9841234937109684, "Incorrect": 0.01587650628903158}}