{"Uniform": [{"Correct": 0.9303, "Incorrect": 0.0697}], "Trajector": {"Correct": 0.9858826633828833, "Incorrect": 0.014117336617116722}}