{"Uniform": [{"Correct": 0.837, "Incorrect": 0.163}], "Trajector": {"Correct": 0.9010467059547893, "Incorrect": 0.09895329404521067}}