{"Uniform": [{"Correct": 0.8162, "Incorrect": 0.1838}], "Trajector": {"Correct": 0.9791098601460111, "Incorrect": 0.020890139853988916}}