{"Uniform": [{"Correct": 0.798, "Incorrect": 0.202}], "Trajector": {"Correct": 0.8831471545430557, "Incorrect": 0.11685284545694433}}