{"Uniform": [{"Correct": 0.8523, "Incorrect": 0.1477}], "Trajector": {"Correct": 0.8571994018823116, "Incorrect": 0.14280059811768844}}