{"Uniform": [{"Correct": 0.8073, "Incorrect": 0.1927}], "Trajector": {"Correct": 0.9713695135895857, "Incorrect": 0.028630486410414286}}