{"Uniform": [{"Correct": 0.9112, "Incorrect": 0.0888}], "Trajector": {"Correct": 0.9776145659248835, "Incorrect": 0.022385434075116544}}