{"Uniform": [{"Correct": 0.9117, "Incorrect": 0.0883}], "Trajector": {"Correct": 0.8712287800158325, "Incorrect": 0.12877121998416746}}