{"Uniform": [{"Correct": 0.9214, "Incorrect": 0.0786}], "Trajector": {"Correct": 0.8297123757586419, "Incorrect": 0.17028762424135807}}