{"Uniform": [{"Correct": 0.7269, "Incorrect": 0.2731}], "Trajector": {"Correct": 0.981880552379277, "Incorrect": 0.01811944762072302}}