{"Uniform": [{"Correct": 0.8211, "Incorrect": 0.1789}], "Trajector": {"Correct": 0.9789339431788195, "Incorrect": 0.0210660568211804}}