{"Uniform": [{"Correct": 0.9194, "Incorrect": 0.0806}], "Trajector": {"Correct": 0.9731726625032985, "Incorrect": 0.026827337496701558}}