{"Uniform": [{"Correct": 0.6273, "Incorrect": 0.3727}], "Trajector": {"Correct": 0.9381212067903949, "Incorrect": 0.061878793209605064}}