{"Uniform": [{"Correct": 0.8071, "Incorrect": 0.1929}], "Trajector": {"Correct": 0.9730847040197027, "Incorrect": 0.0269152959802973}}