{"Uniform": [{"Correct": 0.8222, "Incorrect": 0.1778}], "Trajector": {"Correct": 0.9643328349019263, "Incorrect": 0.03566716509807371}}