{"Uniform": [{"Correct": 0.6393, "Incorrect": 0.3607}], "Trajector": {"Correct": 0.9262028322631718, "Incorrect": 0.07379716773682822}}