{"Uniform": [{"Correct": 0.9385, "Incorrect": 0.0615}], "Trajector": {"Correct": 0.9693904477086815, "Incorrect": 0.0306095522913185}}