{"Uniform": [{"Correct": 0.9122, "Incorrect": 0.0878}], "Trajector": {"Correct": 0.9794177148385962, "Incorrect": 0.020582285161403816}}