{"Uniform": [{"Correct": 0.7848, "Incorrect": 0.2152}], "Trajector": {"Correct": 0.9638490632421497, "Incorrect": 0.0361509367578503}}