{"Uniform": [{"Correct": 0.9279, "Incorrect": 0.0721}], "Trajector": {"Correct": 0.981880552379277, "Incorrect": 0.01811944762072302}}