{"Uniform": [{"Correct": 0.9068, "Incorrect": 0.0932}], "Trajector": {"Correct": 0.9612103087342774, "Incorrect": 0.03878969126572258}}