{"Uniform": [{"Correct": 0.8073, "Incorrect": 0.1927}], "Trajector": {"Correct": 0.98016536194916, "Incorrect": 0.019834638050840004}}