{"Uniform": [{"Correct": 0.7643, "Incorrect": 0.2357}], "Trajector": {"Correct": 0.9226405136775442, "Incorrect": 0.0773594863224558}}