{"Uniform": [{"Correct": 0.7936, "Incorrect": 0.2064}], "Trajector": {"Correct": 0.9787580262116281, "Incorrect": 0.02124197378837189}}