{"Uniform": [{"Correct": 0.7852, "Incorrect": 0.2148}], "Trajector": {"Correct": 0.9522825226493096, "Incorrect": 0.04771747735069047}}