{"Uniform": [{"Correct": 0.9122, "Incorrect": 0.0878}], "Trajector": {"Correct": 0.9632773330987774, "Incorrect": 0.036722666901222625}}