{"Uniform": [{"Correct": 0.7916, "Incorrect": 0.2084}], "Trajector": {"Correct": 0.9450699269944586, "Incorrect": 0.05493007300554138}}