{"Uniform": [{"Correct": 0.7918, "Incorrect": 0.2082}], "Trajector": {"Correct": 0.9072037998064914, "Incorrect": 0.09279620019350866}}