{"Uniform": [{"Correct": 0.9206, "Incorrect": 0.0794}], "Trajector": {"Correct": 0.977438648957692, "Incorrect": 0.02256135104230803}}