{"Uniform": [{"Correct": 0.7842, "Incorrect": 0.2158}], "Trajector": {"Correct": 0.9746679567244261, "Incorrect": 0.02533204327557393}}