{"Uniform": [{"Correct": 0.6521, "Incorrect": 0.3479}], "Trajector": {"Correct": 0.971633389040373, "Incorrect": 0.028366610959627055}}