{"Uniform": [{"Correct": 0.9298, "Incorrect": 0.0702}], "Trajector": {"Correct": 0.9697862608848623, "Incorrect": 0.030213739115137656}}