{"Uniform": [{"Correct": 0.796, "Incorrect": 0.204}], "Trajector": {"Correct": 0.9813088222359047, "Incorrect": 0.018691177764095346}}