{"Uniform": [{"Correct": 0.6411, "Incorrect": 0.3589}], "Trajector": {"Correct": 0.9269065001319378, "Incorrect": 0.07309349986806228}}