{"Uniform": [{"Correct": 0.9173, "Incorrect": 0.0827}], "Trajector": {"Correct": 0.9537778168704372, "Incorrect": 0.04622218312956285}}