{"3": {"PercentCorrect": [0.88, 0.495, 0.495, 0.51, 0.855], "EpisodeDistance": [0.09867910295724869, 0.7760151028633118, 0.6228576302528381, 0.8617138266563416, 0.8202632665634155], "Episode_Length_Distance": [0, 0, 0, 0, 0], "Depth": [1, 0, 0, 1, 1], "Breadth": [2, 1, 1, 2, 2], "TopSplits": ["angle_vel", "angle", "angle", "angle", "angle_vel"], "Path": "SavedTrees/Policy/gini/3/tree_4.pkl"}, "5": {"PercentCorrect": [0.5, 0.84, 0.745, 0.495, 0.51], "EpisodeDistance": [1.1155929565429688, 0.21740132570266724, 0.24682459235191345, 0.7213442921638489, 0.7014747262001038], "Episode_Length_Distance": [0, 0, 0, 0, 0], "Depth": [1, 1, 1, 0, 1], "Breadth": [2, 2, 2, 1, 2], "TopSplits": ["angle", "angle_vel", "vel", "angle", "x"], "Path": "SavedTrees/Policy/gini/5/tree_4.pkl"}, "10": {"PercentCorrect": [0.95, 0.78, 0.905, 0.905, 0.755], "EpisodeDistance": [0.8620252013206482, 0.32922300696372986, 0.2525949478149414, 0.19113433361053467, 0.1255502551794052], "Episode_Length_Distance": [0, 0, 0, 0, 0], "Depth": [3, 2, 1, 1, 3], "Breadth": [2, 2, 2, 2, 2], "TopSplits": ["angle_vel", "angle_vel", "angle_vel", "angle_vel", "vel"], "Path": "SavedTrees/Policy/gini/10/tree_4.pkl"}}