{"Uniform": [{"Correct": 0.9099, "Incorrect": 0.0901}], "Trajector": {"Correct": 0.9590553258861817, "Incorrect": 0.040944674113818275}}