{"Uniform": [{"Correct": 0.9127, "Incorrect": 0.0873}], "Trajector": {"Correct": 0.8477438648957693, "Incorrect": 0.1522561351042308}}