{"Uniform": [{"Correct": 0.9099, "Incorrect": 0.0901}], "Trajector": {"Correct": 0.9592752220951711, "Incorrect": 0.040724777904828924}}