{"Uniform": [{"Correct": 0.911, "Incorrect": 0.089}], "Trajector": {"Correct": 0.7996745536106957, "Incorrect": 0.20032544638930425}}