{"Uniform": [{"Correct": 0.9155, "Incorrect": 0.0845}], "Trajector": {"Correct": 0.9602427654147242, "Incorrect": 0.03975723458527575}}