{"Uniform": [{"Correct": 0.9098, "Incorrect": 0.0902}], "Trajector": {"Correct": 0.9477526607441288, "Incorrect": 0.05224733925587123}}