{"Uniform": [{"Correct": 0.9096, "Incorrect": 0.0904}], "Trajector": {"Correct": 0.9594951183041605, "Incorrect": 0.040504881695839566}}