{"Uniform": [{"Correct": 0.9129, "Incorrect": 0.0871}], "Trajector": {"Correct": 0.8453250065968863, "Incorrect": 0.15467499340311372}}