{"Uniform": [{"Correct": 0.9105, "Incorrect": 0.0895}], "Trajector": {"Correct": 0.9514469170551499, "Incorrect": 0.04855308294485003}}