{"Uniform": [{"Correct": 0.9134, "Incorrect": 0.0866}], "Trajector": {"Correct": 0.9043011698478318, "Incorrect": 0.09569883015216818}}