{"Uniform": [{"Correct": 0.9132, "Incorrect": 0.0868}], "Trajector": {"Correct": 0.8654235200985135, "Incorrect": 0.1345764799014865}}