{"Uniform": [{"Correct": 0.9096, "Incorrect": 0.0904}], "Trajector": {"Correct": 0.9588354296771924, "Incorrect": 0.04116457032280763}}