{"Uniform": [{"Correct": 0.9119, "Incorrect": 0.0881}], "Trajector": {"Correct": 0.8232914064561527, "Incorrect": 0.1767085935438473}}