{"Uniform": [{"Correct": 0.9135, "Incorrect": 0.0865}], "Trajector": {"Correct": 0.9094907203799807, "Incorrect": 0.09050927962001935}}