{"Uniform": [{"Correct": 0.9126, "Incorrect": 0.0874}], "Trajector": {"Correct": 0.8913272935174598, "Incorrect": 0.10867270648254024}}