{"Uniform": [{"Correct": 0.9115, "Incorrect": 0.0885}], "Trajector": {"Correct": 0.9589233881607881, "Incorrect": 0.04107661183921189}}