{"Uniform": [{"Correct": 0.9136, "Incorrect": 0.0864}], "Trajector": {"Correct": 0.8308558360453866, "Incorrect": 0.16914416395461343}}