{"Uniform": [{"Correct": 0.9085, "Incorrect": 0.0915}], "Trajector": {"Correct": 0.9592752220951711, "Incorrect": 0.040724777904828924}}