{"Uniform": [{"Correct": 0.9104, "Incorrect": 0.0896}], "Trajector": {"Correct": 0.9665317969918199, "Incorrect": 0.03346820300818014}}