{"Uniform": [{"Correct": 0.9133, "Incorrect": 0.0867}], "Trajector": {"Correct": 0.9660040460902454, "Incorrect": 0.03399595390975459}}