{"Uniform": [{"Correct": 0.9117, "Incorrect": 0.0883}], "Trajector": {"Correct": 0.9617380596358519, "Incorrect": 0.03826194036414812}}