{"Uniform": [{"Correct": 0.9116, "Incorrect": 0.0884}], "Trajector": {"Correct": 0.8023572873603659, "Incorrect": 0.1976427126396341}}