{"Uniform": [{"Correct": 0.9102, "Incorrect": 0.0898}], "Trajector": {"Correct": 0.8860058052599173, "Incorrect": 0.11399419474008268}}