{"Uniform": [{"Correct": 0.9122, "Incorrect": 0.0878}], "Trajector": {"Correct": 0.9620019350866391, "Incorrect": 0.03799806491336089}}