{"Uniform": [{"Correct": 0.9107, "Incorrect": 0.0893}], "Trajector": {"Correct": 0.9604626616237136, "Incorrect": 0.039537338376286396}}