{"Uniform": [{"Correct": 0.9095, "Incorrect": 0.0905}], "Trajector": {"Correct": 0.9598909314803413, "Incorrect": 0.040109068519658723}}