{"Uniform": [{"Correct": 0.9116, "Incorrect": 0.0884}], "Trajector": {"Correct": 0.8798926906500132, "Incorrect": 0.12010730934998681}}