{"Uniform": [{"Correct": 0.911, "Incorrect": 0.089}], "Trajector": {"Correct": 0.9707538042044155, "Incorrect": 0.029246195795584483}}