{"Uniform": [{"Correct": 0.93, "Incorrect": 0.07}], "Trajector": {"Correct": 0.9824083032808515, "Incorrect": 0.01759169671914856}}