{"Uniform": [{"Correct": 0.9354, "Incorrect": 0.0646}], "Trajector": {"Correct": 0.9751077491424048, "Incorrect": 0.024892250857595215}}