{"Uniform": [{"Correct": 0.7996, "Incorrect": 0.2004}], "Trajector": {"Correct": 0.9790658809042132, "Incorrect": 0.02093411909578679}}