{"Uniform": [{"Correct": 0.6758, "Incorrect": 0.3242}], "Trajector": {"Correct": 0.9888732518251385, "Incorrect": 0.011126748174861466}}