{"Uniform": [{"Correct": 0.9294, "Incorrect": 0.0706}], "Trajector": {"Correct": 0.9812208637523089, "Incorrect": 0.018779136247691088}}