{"Uniform": [{"Correct": 0.931, "Incorrect": 0.069}], "Trajector": {"Correct": 0.973304600228692, "Incorrect": 0.026695399771307943}}