{"Uniform": [{"Correct": 0.6686, "Incorrect": 0.3314}], "Trajector": {"Correct": 0.9786260884862344, "Incorrect": 0.0213739115137655}}