{"Uniform": [{"Correct": 0.7914, "Incorrect": 0.2086}], "Trajector": {"Correct": 0.9798135280147771, "Incorrect": 0.020186471985222974}}