{"Uniform": [{"Correct": 0.6543, "Incorrect": 0.3457}], "Trajector": {"Correct": 0.9831559503914152, "Incorrect": 0.01684404960858475}}