{"Uniform": [{"Correct": 0.8174, "Incorrect": 0.1826}], "Trajector": {"Correct": 0.9730847040197027, "Incorrect": 0.0269152959802973}}