{"Uniform": [{"Correct": 0.8013, "Incorrect": 0.1987}], "Trajector": {"Correct": 0.9886973348579471, "Incorrect": 0.011302665142052951}}