{"Uniform": [{"Correct": 0.9299, "Incorrect": 0.0701}], "Trajector": {"Correct": 0.9892250857595215, "Incorrect": 0.010774914240478495}}