{"Uniform": [{"Correct": 0.8116, "Incorrect": 0.1884}], "Trajector": {"Correct": 0.9734805171958836, "Incorrect": 0.026519482804116458}}