{"Uniform": [{"Correct": 0.7886, "Incorrect": 0.2114}], "Trajector": {"Correct": 0.9869381651860322, "Incorrect": 0.013061834813967808}}