{"Uniform": [{"Correct": 0.7816, "Incorrect": 0.2184}], "Trajector": {"Correct": 0.9755035623185856, "Incorrect": 0.024496437681414372}}