{"Uniform": [{"Correct": 0.8211, "Incorrect": 0.1789}], "Trajector": {"Correct": 0.9869381651860322, "Incorrect": 0.013061834813967808}}