{"Uniform": [{"Correct": 0.7311, "Incorrect": 0.2689}], "Trajector": {"Correct": 0.978802005453426, "Incorrect": 0.021197994546574016}}