{"Uniform": [{"Correct": 0.9219, "Incorrect": 0.0781}], "Trajector": {"Correct": 0.985618787932096, "Incorrect": 0.014381212067903949}}