{"Uniform": [{"Correct": 0.648, "Incorrect": 0.352}], "Trajector": {"Correct": 0.9741402058228517, "Incorrect": 0.025859794177148385}}