{"Uniform": [{"Correct": 0.7827, "Incorrect": 0.2173}], "Trajector": {"Correct": 0.9836837012929897, "Incorrect": 0.01631629870701029}}