{"Uniform": [{"Correct": 0.6841, "Incorrect": 0.3159}], "Trajector": {"Correct": 0.9776145659248835, "Incorrect": 0.022385434075116544}}