{"Uniform": [{"Correct": 0.6909, "Incorrect": 0.3091}], "Trajector": {"Correct": 0.972644911601724, "Incorrect": 0.027355088398276012}}