{"Uniform": [{"Correct": 0.6409, "Incorrect": 0.3591}], "Trajector": {"Correct": 0.9700501363356496, "Incorrect": 0.029949863664350426}}