{"Uniform": [{"Correct": 0.786, "Incorrect": 0.214}], "Trajector": {"Correct": 0.9845193068871493, "Incorrect": 0.015480693112850734}}