{"Uniform": [{"Correct": 0.9308, "Incorrect": 0.0692}], "Trajector": {"Correct": 0.9878617292637875, "Incorrect": 0.012138270736212507}}