{"Uniform": [{"Correct": 0.9296, "Incorrect": 0.0704}], "Trajector": {"Correct": 0.9867622482188407, "Incorrect": 0.013237751781159292}}