{"Uniform": [{"Correct": 0.6961, "Incorrect": 0.3039}], "Trajector": {"Correct": 0.9804732166417451, "Incorrect": 0.019526783358254904}}