{"Uniform": [{"Correct": 0.8732, "Incorrect": 0.1268}], "Trajector": {"Correct": 0.8658193332746943, "Incorrect": 0.13418066672530565}}