{"Uniform": [{"Correct": 0.8108, "Incorrect": 0.1892}], "Trajector": {"Correct": 0.9854868502067025, "Incorrect": 0.014513149793297564}}