{"Uniform": [{"Correct": 0.7798, "Incorrect": 0.2202}], "Trajector": {"Correct": 0.9821004485882663, "Incorrect": 0.01789955141173366}}