{"Uniform": [{"Correct": 0.7898, "Incorrect": 0.2102}], "Trajector": {"Correct": 0.9798575072565749, "Incorrect": 0.020142492743425104}}