{"Uniform": [{"Correct": 0.9257, "Incorrect": 0.0743}], "Trajector": {"Correct": 0.9811329052687132, "Incorrect": 0.018867094731286834}}