{"Uniform": [{"Correct": 0.7051, "Incorrect": 0.2949}], "Trajector": {"Correct": 0.9857507256574897, "Incorrect": 0.014249274342510335}}