{"Uniform": [{"Correct": 0.6812, "Incorrect": 0.3188}], "Trajector": {"Correct": 0.988037646230979, "Incorrect": 0.011962353769021022}}