{"Uniform": [{"Correct": 0.929, "Incorrect": 0.071}], "Trajector": {"Correct": 0.9765590641217345, "Incorrect": 0.02344093587826546}}