{"Uniform": [{"Correct": 0.9291, "Incorrect": 0.0709}], "Trajector": {"Correct": 0.9890491687923301, "Incorrect": 0.01095083120766998}}