{"Uniform": [{"Correct": 0.9208, "Incorrect": 0.0792}], "Trajector": {"Correct": 0.978450171519043, "Incorrect": 0.02154982848095699}}