{"Uniform": [{"Correct": 0.6746, "Incorrect": 0.3254}], "Trajector": {"Correct": 0.9819245316210748, "Incorrect": 0.01807546837892515}}