{"Uniform": [{"Correct": 0.9239, "Incorrect": 0.0761}], "Trajector": {"Correct": 0.9829800334242238, "Incorrect": 0.017019966575776233}}