{"Uniform": [{"Correct": 0.8123, "Incorrect": 0.1877}], "Trajector": {"Correct": 0.9861905180754684, "Incorrect": 0.013809481924531622}}