{"Uniform": [{"Correct": 0.8399, "Incorrect": 0.1601}], "Trajector": {"Correct": 0.9744040812736389, "Incorrect": 0.025595918726361157}}