{"Uniform": [{"Correct": 0.8323, "Incorrect": 0.1677}], "Trajector": {"Correct": 0.9734805171958836, "Incorrect": 0.026519482804116458}}