{"Uniform": [{"Correct": 0.8249, "Incorrect": 0.1751}], "Trajector": {"Correct": 0.9874219368458088, "Incorrect": 0.012578063154191221}}