{"Uniform": [{"Correct": 0.8195, "Incorrect": 0.1805}], "Trajector": {"Correct": 0.9812208637523089, "Incorrect": 0.018779136247691088}}