{"Uniform": [{"Correct": 0.8628, "Incorrect": 0.1372}], "Trajector": {"Correct": 0.9803852581581494, "Incorrect": 0.019614741841850646}}