{"Uniform": [{"Correct": 0.715, "Incorrect": 0.285}], "Trajector": {"Correct": 0.975371624593192, "Incorrect": 0.024628375406807988}}