{"Uniform": [{"Correct": 0.8429, "Incorrect": 0.1571}], "Trajector": {"Correct": 0.977438648957692, "Incorrect": 0.02256135104230803}}