{"Uniform": [{"Correct": 0.937, "Incorrect": 0.063}], "Trajector": {"Correct": 0.9568123845544902, "Incorrect": 0.04318761544550972}}