{"Uniform": [{"Correct": 0.9413, "Incorrect": 0.0587}], "Trajector": {"Correct": 0.9848271615797344, "Incorrect": 0.015172838420265634}}