{"Uniform": [{"Correct": 0.929, "Incorrect": 0.071}], "Trajector": {"Correct": 0.9601108276893306, "Incorrect": 0.039889172310669366}}