{"Uniform": [{"Correct": 0.7802, "Incorrect": 0.2198}], "Trajector": {"Correct": 0.9629694784061923, "Incorrect": 0.03703052159380772}}