{"Uniform": [{"Correct": 0.9283, "Incorrect": 0.0717}], "Trajector": {"Correct": 0.9854428709649046, "Incorrect": 0.014557129035095435}}