{"Uniform": [{"Correct": 0.7817, "Incorrect": 0.2183}], "Trajector": {"Correct": 0.9572961562142669, "Incorrect": 0.04270384378573314}}