{"Uniform": [{"Correct": 0.7648, "Incorrect": 0.2352}], "Trajector": {"Correct": 0.9744920397572346, "Incorrect": 0.025507960242765415}}