{"Uniform": [{"Correct": 0.801, "Incorrect": 0.199}], "Trajector": {"Correct": 0.9884334594071599, "Incorrect": 0.01156654059284018}}