{"Uniform": [{"Correct": 0.782, "Incorrect": 0.218}], "Trajector": {"Correct": 0.9840795144691705, "Incorrect": 0.015920485530829448}}