{"Uniform": [{"Correct": 0.7889, "Incorrect": 0.2111}], "Trajector": {"Correct": 0.9755035623185856, "Incorrect": 0.024496437681414372}}