{"Uniform": [{"Correct": 0.7825, "Incorrect": 0.2175}], "Trajector": {"Correct": 0.9615181634268625, "Incorrect": 0.03848183657313748}}