{"Uniform": [{"Correct": 0.9485, "Incorrect": 0.0515}], "Trajector": {"Correct": 0.9883455009235641, "Incorrect": 0.011654499076435922}}