{"Uniform": [{"Correct": 0.817, "Incorrect": 0.183}], "Trajector": {"Correct": 0.9891371272759257, "Incorrect": 0.010862872724074237}}