{"Uniform": [{"Correct": 0.9244, "Incorrect": 0.0756}], "Trajector": {"Correct": 0.9862344973172662, "Incorrect": 0.01376550268273375}}