{"Uniform": [{"Correct": 0.8143, "Incorrect": 0.1857}], "Trajector": {"Correct": 0.9772627319905005, "Incorrect": 0.022737268009499517}}