{"Uniform": [{"Correct": 0.7971, "Incorrect": 0.2029}], "Trajector": {"Correct": 0.9875538745712024, "Incorrect": 0.012446125428797607}}