{"Uniform": [{"Correct": 0.9305, "Incorrect": 0.0695}], "Trajector": {"Correct": 0.8688978802005454, "Incorrect": 0.13110211979945466}}