{"Uniform": [{"Correct": 0.8795, "Incorrect": 0.1205}], "Trajector": {"Correct": 0.9895329404521066, "Incorrect": 0.010467059547893395}}