{"Uniform": [{"Correct": 0.9378, "Incorrect": 0.0622}], "Trajector": {"Correct": 0.9753276453513942, "Incorrect": 0.024672354648605857}}