{"Uniform": [{"Correct": 0.938, "Incorrect": 0.062}], "Trajector": {"Correct": 0.9849590993051279, "Incorrect": 0.01504090069487202}}