{"Uniform": [{"Correct": 0.7062, "Incorrect": 0.2938}], "Trajector": {"Correct": 0.9785821092444367, "Incorrect": 0.021417890755563374}}