{"Uniform": [{"Correct": 0.8618, "Incorrect": 0.1382}], "Trajector": {"Correct": 0.9737883718884687, "Incorrect": 0.026211628111531358}}