{"Uniform": [{"Correct": 0.7734, "Incorrect": 0.2266}], "Trajector": {"Correct": 0.9431348403553522, "Incorrect": 0.05686515964464773}}