{"Uniform": [{"Correct": 0.6928, "Incorrect": 0.3072}], "Trajector": {"Correct": 0.982540241006245, "Incorrect": 0.01745975899375495}}