{"Uniform": [{"Correct": 0.8649, "Incorrect": 0.1351}], "Trajector": {"Correct": 0.977086815023309, "Incorrect": 0.022913184976691002}}