{"Uniform": [{"Correct": 0.93, "Incorrect": 0.07}], "Trajector": {"Correct": 0.9748438736916175, "Incorrect": 0.025156126308382442}}