{"Uniform": [{"Correct": 0.9303, "Incorrect": 0.0697}], "Trajector": {"Correct": 0.9871140821532237, "Incorrect": 0.012885917846776321}}