{"Uniform": [{"Correct": 0.6708, "Incorrect": 0.3292}], "Trajector": {"Correct": 0.966135983815639, "Incorrect": 0.03386401618436098}}