{"Uniform": [{"Correct": 0.6898, "Incorrect": 0.3102}], "Trajector": {"Correct": 0.9870261236696279, "Incorrect": 0.012973876330372064}}