{"Uniform": [{"Correct": 0.8841, "Incorrect": 0.1159}], "Trajector": {"Correct": 0.9875098953294045, "Incorrect": 0.012490104670595479}}