{"Uniform": [{"Correct": 0.794, "Incorrect": 0.206}], "Trajector": {"Correct": 0.9704899287536283, "Incorrect": 0.029510071246371714}}