{"Uniform": [{"Correct": 0.7427, "Incorrect": 0.2573}], "Trajector": {"Correct": 0.9786700677280323, "Incorrect": 0.021329932271967632}}