{"Uniform": [{"Correct": 0.7463, "Incorrect": 0.2537}], "Trajector": {"Correct": 0.9843433899199577, "Incorrect": 0.01565661008004222}}