{"Uniform": [{"Correct": 0.8909, "Incorrect": 0.1091}], "Trajector": {"Correct": 0.9788459846952239, "Incorrect": 0.021154015304776147}}