{"Uniform": [{"Correct": 0.8092, "Incorrect": 0.1908}], "Trajector": {"Correct": 0.9810009675433196, "Incorrect": 0.018999032456680446}}