{"Uniform": [{"Correct": 0.9295, "Incorrect": 0.0705}], "Trajector": {"Correct": 0.9844753276453514, "Incorrect": 0.015524672354648605}}