{"Uniform": [{"Correct": 0.8138, "Incorrect": 0.1862}], "Trajector": {"Correct": 0.9751517283842026, "Incorrect": 0.024848271615797345}}