{"Uniform": [{"Correct": 0.8469, "Incorrect": 0.1531}], "Trajector": {"Correct": 0.966135983815639, "Incorrect": 0.03386401618436098}}