{"Uniform": [{"Correct": 0.9349, "Incorrect": 0.0651}], "Trajector": {"Correct": 0.9885653971325534, "Incorrect": 0.011434602867446565}}