{"Uniform": [{"Correct": 0.9296, "Incorrect": 0.0704}], "Trajector": {"Correct": 0.9448940100272671, "Incorrect": 0.05510598997273287}}