{"Uniform": [{"Correct": 0.8582, "Incorrect": 0.1418}], "Trajector": {"Correct": 0.983243908875011, "Incorrect": 0.016756091124989006}}