{"Uniform": [{"Correct": 0.7721, "Incorrect": 0.2279}], "Trajector": {"Correct": 0.9727328700853197, "Incorrect": 0.02726712991468027}}