{"Uniform": [{"Correct": 0.7526, "Incorrect": 0.2474}], "Trajector": {"Correct": 0.9422992347611927, "Incorrect": 0.05770076523880728}}