{"Uniform": [{"Correct": 0.8784, "Incorrect": 0.1216}], "Trajector": {"Correct": 0.9886533556161492, "Incorrect": 0.011346644383850822}}