{"Uniform": [{"Correct": 0.7211, "Incorrect": 0.2789}], "Trajector": {"Correct": 0.98016536194916, "Incorrect": 0.019834638050840004}}