{"Uniform": [{"Correct": 0.7914, "Incorrect": 0.2086}], "Trajector": {"Correct": 0.9830679919078195, "Incorrect": 0.01693200809218049}}