{"Uniform": [{"Correct": 0.6495, "Incorrect": 0.3505}], "Trajector": {"Correct": 0.9829800334242238, "Incorrect": 0.017019966575776233}}