{"Uniform": [{"Correct": 0.8526, "Incorrect": 0.1474}], "Trajector": {"Correct": 0.774606385785909, "Incorrect": 0.22539361421409096}}