{"Uniform": [{"Correct": 0.8739, "Incorrect": 0.1261}], "Trajector": {"Correct": 0.9735684756794792, "Incorrect": 0.026431524320520716}}