{"Uniform": [{"Correct": 0.7549, "Incorrect": 0.2451}], "Trajector": {"Correct": 0.9636731462749583, "Incorrect": 0.03632685372504178}}