{"Uniform": [{"Correct": 0.6883, "Incorrect": 0.3117}], "Trajector": {"Correct": 0.9787580262116281, "Incorrect": 0.02124197378837189}}