{"Uniform": [{"Correct": 0.6649, "Incorrect": 0.3351}], "Trajector": {"Correct": 0.9801213827073622, "Incorrect": 0.019878617292637873}}