{"Uniform": [{"Correct": 0.7558, "Incorrect": 0.2442}], "Trajector": {"Correct": 0.9399683349459055, "Incorrect": 0.06003166505409447}}