{"Uniform": [{"Correct": 0.6378, "Incorrect": 0.3622}], "Trajector": {"Correct": 0.9525903773418947, "Incorrect": 0.047409622658105374}}