{"Uniform": [{"Correct": 0.7674, "Incorrect": 0.2326}], "Trajector": {"Correct": 0.96921453074149, "Incorrect": 0.030785469258509984}}