{"Uniform": [{"Correct": 0.338, "Incorrect": 0.662}], "Trajector": {"Correct": 0.4298140949155152, "Incorrect": 0.5701859050844849}}