{"Uniform": [{"Correct": 0.3336, "Incorrect": 0.6664}], "Trajector": {"Correct": 0.6174897040144721, "Incorrect": 0.3825102959855279}}