{"Uniform": [{"Correct": 0.2833, "Incorrect": 0.7167}], "Trajector": {"Correct": 0.5793849351449136, "Incorrect": 0.42061506485508643}}