{"Uniform": [{"Correct": 0.458, "Incorrect": 0.542}], "Trajector": {"Correct": 0.46992032639236364, "Incorrect": 0.5300796736076363}}