{"Uniform": [{"Correct": 0.3828, "Incorrect": 0.6172}], "Trajector": {"Correct": 0.4818136330395289, "Incorrect": 0.5181863669604712}}