{"Uniform": [{"Correct": 0.2187, "Incorrect": 0.7813}], "Trajector": {"Correct": 0.5460528848004311, "Incorrect": 0.45394711519956893}}