{"Uniform": [{"Correct": 0.5706, "Incorrect": 0.4294}], "Trajector": {"Correct": 0.48158269504638007, "Incorrect": 0.5184173049536199}}