{"Uniform": [{"Correct": 0.3593, "Incorrect": 0.6407}], "Trajector": {"Correct": 0.6213771602324776, "Incorrect": 0.3786228397675224}}