{"Uniform": [{"Correct": 0.3139, "Incorrect": 0.6861}], "Trajector": {"Correct": 0.5482467957353451, "Incorrect": 0.45175320426465493}}