{"Uniform": [{"Correct": 0.2835, "Incorrect": 0.7165}], "Trajector": {"Correct": 0.5813863977522036, "Incorrect": 0.4186136022477965}}