{"Uniform": [{"Correct": 0.3744, "Incorrect": 0.6256}], "Trajector": {"Correct": 0.5415880835995536, "Incorrect": 0.4584119164004465}}