{"Uniform": [{"Correct": 0.5059, "Incorrect": 0.4941}], "Trajector": {"Correct": 0.3616873869366075, "Incorrect": 0.6383126130633925}}