{"Uniform": [{"Correct": 0.9104, "Incorrect": 0.0896}], "Trajector": {"Correct": 0.9482804116457032, "Incorrect": 0.05171958835429677}}