{"Uniform": [{"Correct": 0.912, "Incorrect": 0.088}], "Trajector": {"Correct": 0.9512270208461606, "Incorrect": 0.04877297915383939}}