{"Uniform": [{"Correct": 0.914, "Incorrect": 0.086}], "Trajector": {"Correct": 0.7871404696983024, "Incorrect": 0.2128595303016976}}