{"Uniform": [{"Correct": 0.9139, "Incorrect": 0.0861}], "Trajector": {"Correct": 0.9592312428533732, "Incorrect": 0.04076875714662679}}