{"Uniform": [{"Correct": 0.9104, "Incorrect": 0.0896}], "Trajector": {"Correct": 0.8988917231066936, "Incorrect": 0.10110827689330636}}