{"Uniform": [{"Correct": 0.9124, "Incorrect": 0.0876}], "Trajector": {"Correct": 0.8617292637874923, "Incorrect": 0.13827073621250768}}