{"Uniform": [{"Correct": 0.9109, "Incorrect": 0.0891}], "Trajector": {"Correct": 0.9718972644911602, "Incorrect": 0.028102735508839828}}