{"Uniform": [{"Correct": 0.9096, "Incorrect": 0.0904}], "Trajector": {"Correct": 0.9611223502506817, "Incorrect": 0.03887764974931832}}