{"Uniform": [{"Correct": 0.9137, "Incorrect": 0.0863}], "Trajector": {"Correct": 0.9240038701732782, "Incorrect": 0.07599612982672178}}