{"Uniform": [{"Correct": 0.916, "Incorrect": 0.084}], "Trajector": {"Correct": 0.8163866654938868, "Incorrect": 0.1836133345061131}}