{"Uniform": [{"Correct": 0.9109, "Incorrect": 0.0891}], "Trajector": {"Correct": 0.9606385785909051, "Incorrect": 0.039361421409094904}}