{"Uniform": [{"Correct": 0.9129, "Incorrect": 0.0871}], "Trajector": {"Correct": 0.9673674025859794, "Incorrect": 0.03263259741402058}}