{"Uniform": [{"Correct": 0.9123, "Incorrect": 0.0877}], "Trajector": {"Correct": 0.9707538042044155, "Incorrect": 0.029246195795584483}}