{"Uniform": [{"Correct": 0.9106, "Incorrect": 0.0894}], "Trajector": {"Correct": 0.9689066760489049, "Incorrect": 0.031093323951095084}}