{"Uniform": [{"Correct": 0.9104, "Incorrect": 0.0896}], "Trajector": {"Correct": 0.9170991292110124, "Incorrect": 0.0829008707889876}}