{"Uniform": [{"Correct": 0.9135, "Incorrect": 0.0865}], "Trajector": {"Correct": 0.8861817222271088, "Incorrect": 0.11381827777289119}}