{"Uniform": [{"Correct": 0.9103, "Incorrect": 0.0897}], "Trajector": {"Correct": 0.8332746943442695, "Incorrect": 0.1667253056557305}}