{"Uniform": [{"Correct": 0.9108, "Incorrect": 0.0892}], "Trajector": {"Correct": 0.9655642536722667, "Incorrect": 0.03443574632773331}}