{"Uniform": [{"Correct": 0.9121, "Incorrect": 0.0879}], "Trajector": {"Correct": 0.9601987861729264, "Incorrect": 0.03980121382707362}}