{"Uniform": [{"Correct": 0.9123, "Incorrect": 0.0877}], "Trajector": {"Correct": 0.9491599964816606, "Incorrect": 0.050840003518339345}}