{"Uniform": [{"Correct": 0.9143, "Incorrect": 0.0857}], "Trajector": {"Correct": 0.9704019702700325, "Incorrect": 0.029598029729967456}}