{"Uniform": [{"Correct": 0.9102, "Incorrect": 0.0898}], "Trajector": {"Correct": 0.9616061219104582, "Incorrect": 0.038393878089541734}}