{"Uniform": [{"Correct": 0.9127, "Incorrect": 0.0873}], "Trajector": {"Correct": 0.8714486762248219, "Incorrect": 0.1285513237751781}}