{"Uniform": [{"Correct": 0.9112, "Incorrect": 0.0888}], "Trajector": {"Correct": 0.9717213475239687, "Incorrect": 0.028278652476031313}}