{"Uniform": [{"Correct": 0.9112, "Incorrect": 0.0888}], "Trajector": {"Correct": 0.906324214970534, "Incorrect": 0.0936757850294661}}