{"Uniform": [{"Correct": 0.913, "Incorrect": 0.087}], "Trajector": {"Correct": 0.8614214090949072, "Incorrect": 0.1385785909050928}}