{"Uniform": [{"Correct": 0.9117, "Incorrect": 0.0883}], "Trajector": {"Correct": 0.9508751869117776, "Incorrect": 0.049124813088222356}}