{"Uniform": [{"Correct": 0.9132, "Incorrect": 0.0868}], "Trajector": {"Correct": 0.9692585099832879, "Incorrect": 0.03074149001671211}}