{"Uniform": [{"Correct": 0.9109, "Incorrect": 0.0891}], "Trajector": {"Correct": 0.8468203008180138, "Incorrect": 0.1531796991819861}}