{"Uniform": [{"Correct": 0.9156, "Incorrect": 0.0844}], "Trajector": {"Correct": 0.9013985398891723, "Incorrect": 0.0986014601108277}}