{"Uniform": [{"Correct": 0.9149, "Incorrect": 0.0851}], "Trajector": {"Correct": 0.8676224821884071, "Incorrect": 0.13237751781159293}}