{"Uniform": [{"Correct": 0.9111, "Incorrect": 0.0889}], "Trajector": {"Correct": 0.8830591960594599, "Incorrect": 0.11694080394054006}}