{"Uniform": [{"Correct": 0.9123, "Incorrect": 0.0877}], "Trajector": {"Correct": 0.8779576040109068, "Incorrect": 0.12204239598909315}}