{"Uniform": [{"Correct": 0.9102, "Incorrect": 0.0898}], "Trajector": {"Correct": 0.7431172486586332, "Incorrect": 0.2568827513413669}}