{"Uniform": [{"Correct": 0.9093, "Incorrect": 0.0907}], "Trajector": {"Correct": 0.85702348491512, "Incorrect": 0.14297651508487993}}