{"Uniform": [{"Correct": 0.914, "Incorrect": 0.086}], "Trajector": {"Correct": 0.8215762160260357, "Incorrect": 0.1784237839739643}}