{"Uniform": [{"Correct": 0.912, "Incorrect": 0.088}], "Trajector": {"Correct": 0.7531445157885478, "Incorrect": 0.2468554842114522}}