{"Uniform": [{"Correct": 0.9117, "Incorrect": 0.0883}], "Trajector": {"Correct": 0.9135368106253848, "Incorrect": 0.08646318937461518}}