{"Uniform": [{"Correct": 0.9139, "Incorrect": 0.0861}], "Trajector": {"Correct": 0.8634004749758114, "Incorrect": 0.1365995250241886}}