{"Uniform": [{"Correct": 0.9091, "Incorrect": 0.0909}], "Trajector": {"Correct": 0.862520890139854, "Incorrect": 0.137479109860146}}