{"Uniform": [{"Correct": 0.9121, "Incorrect": 0.0879}], "Trajector": {"Correct": 0.7550796024276542, "Incorrect": 0.24492039757234585}}