{"Uniform": [{"Correct": 0.9125, "Incorrect": 0.0875}], "Trajector": {"Correct": 0.8557480869029818, "Incorrect": 0.1442519130970182}}