{"Uniform": [{"Correct": 0.9128, "Incorrect": 0.0872}], "Trajector": {"Correct": 0.9738323511302666, "Incorrect": 0.026167648869733485}}