{"Uniform": [{"Correct": 0.9108, "Incorrect": 0.0892}], "Trajector": {"Correct": 0.8479637611047586, "Incorrect": 0.15203623889524145}}