{"Uniform": [{"Correct": 0.9156, "Incorrect": 0.0844}], "Trajector": {"Correct": 0.9615621426686604, "Incorrect": 0.03843785733133961}}