{"Uniform": [{"Correct": 0.9118, "Incorrect": 0.0882}], "Trajector": {"Correct": 0.9689506552907028, "Incorrect": 0.03104934470929721}}