{"Uniform": [{"Correct": 0.9154, "Incorrect": 0.0846}], "Trajector": {"Correct": 0.8148473920309613, "Incorrect": 0.18515260796903862}}