{"Uniform": [{"Correct": 0.914, "Incorrect": 0.086}], "Trajector": {"Correct": 0.8834550092356408, "Incorrect": 0.11654499076435922}}