{"Uniform": [{"Correct": 0.9157, "Incorrect": 0.0843}], "Trajector": {"Correct": 0.8021373911513765, "Incorrect": 0.19786260884862344}}