{"Uniform": [{"Correct": 0.9101, "Incorrect": 0.0899}], "Trajector": {"Correct": 0.9598469522385434, "Incorrect": 0.04015304776145659}}