{"Uniform": [{"Correct": 0.9132, "Incorrect": 0.0868}], "Trajector": {"Correct": 0.8451490896296948, "Incorrect": 0.1548509103703052}}