{"Uniform": [{"Correct": 0.9156, "Incorrect": 0.0844}], "Trajector": {"Correct": 0.8746151816342687, "Incorrect": 0.12538481836573137}}