{"Uniform": [{"Correct": 0.9104, "Incorrect": 0.0896}], "Trajector": {"Correct": 0.960682557832703, "Incorrect": 0.03931744216729704}}