{"Uniform": [{"Correct": 0.9094, "Incorrect": 0.0906}], "Trajector": {"Correct": 0.9582197202920222, "Incorrect": 0.04178027970797783}}