{"Uniform": [{"Correct": 0.9118, "Incorrect": 0.0882}], "Trajector": {"Correct": 0.9527223150672882, "Incorrect": 0.04727768493271176}}