{"Uniform": [{"Correct": 0.9101, "Incorrect": 0.0899}], "Trajector": {"Correct": 0.9667956724426071, "Incorrect": 0.03320432755739291}}