{"Uniform": [{"Correct": 0.9109, "Incorrect": 0.0891}], "Trajector": {"Correct": 0.9709737004134049, "Incorrect": 0.02902629958659513}}