{"Uniform": [{"Correct": 0.9102, "Incorrect": 0.0898}], "Trajector": {"Correct": 0.9046969830240127, "Incorrect": 0.09530301697598734}}