{"Uniform": [{"Correct": 0.913, "Incorrect": 0.087}], "Trajector": {"Correct": 0.8861377429853109, "Incorrect": 0.11386225701468906}}