{"Uniform": [{"Correct": 0.9058, "Incorrect": 0.0942}], "Trajector": {"Correct": 0.9572961562142669, "Incorrect": 0.04270384378573314}}