{"Uniform": [{"Correct": 0.9116, "Incorrect": 0.0884}], "Trajector": {"Correct": 0.9720731814583516, "Incorrect": 0.027926818541648343}}