{"Uniform": [{"Correct": 0.9106, "Incorrect": 0.0894}], "Trajector": {"Correct": 0.8880728296244172, "Incorrect": 0.11192717037558272}}