{"Uniform": [{"Correct": 0.912, "Incorrect": 0.088}], "Trajector": {"Correct": 0.9679831119711496, "Incorrect": 0.03201688802885038}}