{"Uniform": [{"Correct": 0.9099, "Incorrect": 0.0901}], "Trajector": {"Correct": 0.9614741841850647, "Incorrect": 0.03852581581493535}}