{"Uniform": [{"Correct": 0.9134, "Incorrect": 0.0866}], "Trajector": {"Correct": 0.9622658105374263, "Incorrect": 0.03773418946257367}}