{"Uniform": [{"Correct": 0.911, "Incorrect": 0.089}], "Trajector": {"Correct": 0.9715014513149793, "Incorrect": 0.02849854868502067}}