{"Uniform": [{"Correct": 0.9093, "Incorrect": 0.0907}], "Trajector": {"Correct": 0.9493359134488522, "Incorrect": 0.05066408655114786}}