{"Uniform": [{"Correct": 0.9151, "Incorrect": 0.0849}], "Trajector": {"Correct": 0.9613862257014689, "Incorrect": 0.03861377429853109}}