{"Uniform": [{"Correct": 0.9134, "Incorrect": 0.0866}], "Trajector": {"Correct": 0.9627935614390007, "Incorrect": 0.03720643856099921}}