{"Uniform": [{"Correct": 0.6628, "Incorrect": 0.3372}], "Trajector": {"Correct": 0.9848711408215323, "Incorrect": 0.015128859178467763}}