{"Uniform": [{"Correct": 0.8067, "Incorrect": 0.1933}], "Trajector": {"Correct": 0.985266953997713, "Incorrect": 0.01473304600228692}}