{"Uniform": [{"Correct": 0.8178, "Incorrect": 0.1822}], "Trajector": {"Correct": 0.9816166769284898, "Incorrect": 0.018383323071510246}}