{"Uniform": [{"Correct": 0.8277, "Incorrect": 0.1723}], "Trajector": {"Correct": 0.9587034919517987, "Incorrect": 0.04129650804820125}}