{"Uniform": [{"Correct": 0.9347, "Incorrect": 0.0653}], "Trajector": {"Correct": 0.9893570234849152, "Incorrect": 0.01064297651508488}}