{"Uniform": [{"Correct": 0.789, "Incorrect": 0.211}], "Trajector": {"Correct": 0.9849151200633302, "Incorrect": 0.015084879936669892}}