{"Uniform": [{"Correct": 0.9354, "Incorrect": 0.0646}], "Trajector": {"Correct": 0.9850910370305216, "Incorrect": 0.014908962969478407}}