{"Uniform": [{"Correct": 0.8152, "Incorrect": 0.1848}], "Trajector": {"Correct": 0.9874219368458088, "Incorrect": 0.012578063154191221}}