{"Uniform": [{"Correct": 0.8172, "Incorrect": 0.1828}], "Trajector": {"Correct": 0.981880552379277, "Incorrect": 0.01811944762072302}}