{"Uniform": [{"Correct": 0.672, "Incorrect": 0.328}], "Trajector": {"Correct": 0.9853549124813088, "Incorrect": 0.014645087518691178}}