{"Uniform": [{"Correct": 0.9327, "Incorrect": 0.0673}], "Trajector": {"Correct": 0.9877297915383939, "Incorrect": 0.012270208461606123}}