{"Uniform": [{"Correct": 0.7947, "Incorrect": 0.2053}], "Trajector": {"Correct": 0.9863664350426599, "Incorrect": 0.013633564957340135}}