{"Uniform": [{"Correct": 0.9344, "Incorrect": 0.0656}], "Trajector": {"Correct": 0.989708857419298, "Incorrect": 0.010291142580701908}}