{"Uniform": [{"Correct": 0.9087, "Incorrect": 0.0913}], "Trajector": {"Correct": 0.9860585803500748, "Incorrect": 0.013941419649925235}}