{"Uniform": [{"Correct": 0.769, "Incorrect": 0.231}], "Trajector": {"Correct": 0.9719412437329581, "Incorrect": 0.028058756267041955}}