{"Uniform": [{"Correct": 0.7729, "Incorrect": 0.2271}], "Trajector": {"Correct": 0.9821884070718621, "Incorrect": 0.01781159292813792}}