{"Uniform": [{"Correct": 0.7001, "Incorrect": 0.2999}], "Trajector": {"Correct": 0.9780103791010643, "Incorrect": 0.0219896208989357}}