{"Uniform": [{"Correct": 0.9294, "Incorrect": 0.0706}], "Trajector": {"Correct": 0.985970621866479, "Incorrect": 0.014029378133520978}}