{"Uniform": [{"Correct": 0.5974, "Incorrect": 0.4026}], "Trajector": {"Correct": 0.9609464332834902, "Incorrect": 0.03905356671650981}}