{"Uniform": [{"Correct": 0.7693, "Incorrect": 0.2307}], "Trajector": {"Correct": 0.9764711056381388, "Incorrect": 0.023528894361861202}}