{"Uniform": [{"Correct": 0.7173, "Incorrect": 0.2827}], "Trajector": {"Correct": 0.9682030081801389, "Incorrect": 0.03179699181986102}}