{"Uniform": [{"Correct": 0.6532, "Incorrect": 0.3468}], "Trajector": {"Correct": 0.9820564693464685, "Incorrect": 0.017943530653531534}}