{"Uniform": [{"Correct": 0.9315, "Incorrect": 0.0685}], "Trajector": {"Correct": 0.9808250505761281, "Incorrect": 0.01917494942387193}}