{"Uniform": [{"Correct": 0.9125, "Incorrect": 0.0875}], "Trajector": {"Correct": 0.7968159028938341, "Incorrect": 0.2031840971061659}}