{"Uniform": [{"Correct": 0.9135, "Incorrect": 0.0865}], "Trajector": {"Correct": 0.969918198610256, "Incorrect": 0.03008180138974404}}