{"Uniform": [{"Correct": 0.9116, "Incorrect": 0.0884}], "Trajector": {"Correct": 0.9682469874219368, "Incorrect": 0.03175301257806316}}