{"Uniform": [{"Correct": 0.9108, "Incorrect": 0.0892}], "Trajector": {"Correct": 0.7884598469522386, "Incorrect": 0.21154015304776147}}