{"Uniform": [{"Correct": 0.911, "Incorrect": 0.089}], "Trajector": {"Correct": 0.9619579558448412, "Incorrect": 0.038042044155158765}}