{"Uniform": [{"Correct": 0.9092, "Incorrect": 0.0908}], "Trajector": {"Correct": 0.9452458439616501, "Incorrect": 0.0547541560383499}}