{"Uniform": [{"Correct": 0.9106, "Incorrect": 0.0894}], "Trajector": {"Correct": 0.9649485442870965, "Incorrect": 0.03505145571290351}}