{"Uniform": [{"Correct": 0.9105, "Incorrect": 0.0895}], "Trajector": {"Correct": 0.9726888908435218, "Incorrect": 0.027311109156478143}}