{"Uniform": [{"Correct": 0.9114, "Incorrect": 0.0886}], "Trajector": {"Correct": 0.7717037558272496, "Incorrect": 0.22829624417275046}}