{"Uniform": [{"Correct": 0.9109, "Incorrect": 0.0891}], "Trajector": {"Correct": 0.9519306887149266, "Incorrect": 0.04806931128507345}}