{"Uniform": [{"Correct": 0.9112, "Incorrect": 0.0888}], "Trajector": {"Correct": 0.8824434866742897, "Incorrect": 0.11755651332571027}}