{"Uniform": [{"Correct": 0.9093, "Incorrect": 0.0907}], "Trajector": {"Correct": 0.9512270208461606, "Incorrect": 0.04877297915383939}}