{"Uniform": [{"Correct": 0.9103, "Incorrect": 0.0897}], "Trajector": {"Correct": 0.9654323159468731, "Incorrect": 0.03456768405312692}}