{"Uniform": [{"Correct": 0.9113, "Incorrect": 0.0887}], "Trajector": {"Correct": 0.9722490984255432, "Incorrect": 0.027750901574456855}}