{"Uniform": [{"Correct": 0.9112, "Incorrect": 0.0888}], "Trajector": {"Correct": 0.9698742193684581, "Incorrect": 0.030125780631541914}}