{"Uniform": [{"Correct": 0.9115, "Incorrect": 0.0885}], "Trajector": {"Correct": 0.945641657137831, "Incorrect": 0.054358342862169055}}