{"Uniform": [{"Correct": 0.9103, "Incorrect": 0.0897}], "Trajector": {"Correct": 0.824918638402674, "Incorrect": 0.17508136159732607}}