{"Uniform": [{"Correct": 0.9119, "Incorrect": 0.0881}], "Trajector": {"Correct": 0.9612982672178731, "Incorrect": 0.03870173278212684}}