{"Uniform": [{"Correct": 0.9099, "Incorrect": 0.0901}], "Trajector": {"Correct": 0.8656434163075029, "Incorrect": 0.13435658369249714}}