{"Uniform": [{"Correct": 0.9106, "Incorrect": 0.0894}], "Trajector": {"Correct": 0.9649045650452986, "Incorrect": 0.03509543495470138}}