{"Uniform": [{"Correct": 0.9122, "Incorrect": 0.0878}], "Trajector": {"Correct": 0.9654323159468731, "Incorrect": 0.03456768405312692}}