{"Uniform": [{"Correct": 0.911, "Incorrect": 0.089}], "Trajector": {"Correct": 0.9395285425279268, "Incorrect": 0.06047145747207318}}