{"Uniform": [{"Correct": 0.8187, "Incorrect": 0.1813}], "Trajector": {"Correct": 0.9776585451666814, "Incorrect": 0.022341454833318675}}