{"Uniform": [{"Correct": 0.9356, "Incorrect": 0.0644}], "Trajector": {"Correct": 0.9882135631981704, "Incorrect": 0.011786436801829536}}