{"Uniform": [{"Correct": 0.8219, "Incorrect": 0.1781}], "Trajector": {"Correct": 0.9324039053566716, "Incorrect": 0.06759609464332834}}