{"Uniform": [{"Correct": 0.7559, "Incorrect": 0.2441}], "Trajector": {"Correct": 0.9818365731374791, "Incorrect": 0.01816342686252089}}