{"Uniform": [{"Correct": 0.8104, "Incorrect": 0.1896}], "Trajector": {"Correct": 0.982540241006245, "Incorrect": 0.01745975899375495}}