{"Uniform": [{"Correct": 0.9165, "Incorrect": 0.0835}], "Trajector": {"Correct": 0.9850910370305216, "Incorrect": 0.014908962969478407}}