{"Uniform": [{"Correct": 0.8255, "Incorrect": 0.1745}], "Trajector": {"Correct": 0.9858386841410854, "Incorrect": 0.014161315858914593}}