{"Uniform": [{"Correct": 0.7305, "Incorrect": 0.2695}], "Trajector": {"Correct": 0.9751517283842026, "Incorrect": 0.024848271615797345}}