{"Uniform": [{"Correct": 0.8048, "Incorrect": 0.1952}], "Trajector": {"Correct": 0.9850910370305216, "Incorrect": 0.014908962969478407}}