{"Uniform": [{"Correct": 0.924, "Incorrect": 0.076}], "Trajector": {"Correct": 0.973304600228692, "Incorrect": 0.026695399771307943}}