{"Uniform": [{"Correct": 0.8382, "Incorrect": 0.1618}], "Trajector": {"Correct": 0.9013985398891723, "Incorrect": 0.0986014601108277}}