{"Uniform": [{"Correct": 0.8086, "Incorrect": 0.1914}], "Trajector": {"Correct": 0.9762951886709473, "Incorrect": 0.023704811329052687}}