{"Uniform": [{"Correct": 0.923, "Incorrect": 0.077}], "Trajector": {"Correct": 0.9894889612103087, "Incorrect": 0.010511038789691266}}