{"Uniform": [{"Correct": 0.9091, "Incorrect": 0.0909}], "Trajector": {"Correct": 0.9724250153927346, "Incorrect": 0.02757498460726537}}