{"Uniform": [{"Correct": 0.7711, "Incorrect": 0.2289}], "Trajector": {"Correct": 0.9802093411909578, "Incorrect": 0.01979065880904213}}