{"Uniform": [{"Correct": 0.5919, "Incorrect": 0.4081}], "Trajector": {"Correct": 0.9669715894097985, "Incorrect": 0.033028410590201424}}