{"Uniform": [{"Correct": 0.7915, "Incorrect": 0.2085}], "Trajector": {"Correct": 0.9844753276453514, "Incorrect": 0.015524672354648605}}