{"Uniform": [{"Correct": 0.801, "Incorrect": 0.199}], "Trajector": {"Correct": 0.9879057085055853, "Incorrect": 0.012094291494414636}}