{"Uniform": [{"Correct": 0.9182, "Incorrect": 0.0818}], "Trajector": {"Correct": 0.9707098249626176, "Incorrect": 0.029290175037382356}}