{"Uniform": [{"Correct": 0.935, "Incorrect": 0.065}], "Trajector": {"Correct": 0.966487817750022, "Incorrect": 0.03351218224997801}}