{"Uniform": [{"Correct": 0.7867, "Incorrect": 0.2133}], "Trajector": {"Correct": 0.9861905180754684, "Incorrect": 0.013809481924531622}}