{"Uniform": [{"Correct": 0.9054, "Incorrect": 0.0946}], "Trajector": {"Correct": 0.974711935966224, "Incorrect": 0.025288064033776057}}