{"Uniform": [{"Correct": 0.8006, "Incorrect": 0.1994}], "Trajector": {"Correct": 0.974711935966224, "Incorrect": 0.025288064033776057}}