{"Uniform": [{"Correct": 0.8201, "Incorrect": 0.1799}], "Trajector": {"Correct": 0.9799454657401706, "Incorrect": 0.020054534259829362}}