{"Uniform": [{"Correct": 0.6645, "Incorrect": 0.3355}], "Trajector": {"Correct": 0.9813967807195004, "Incorrect": 0.018603219280499603}}