{"Uniform": [{"Correct": 0.9392, "Incorrect": 0.0608}], "Trajector": {"Correct": 0.9877297915383939, "Incorrect": 0.012270208461606123}}