{"Uniform": [{"Correct": 0.9368, "Incorrect": 0.0632}], "Trajector": {"Correct": 0.9696103439176709, "Incorrect": 0.03038965608232914}}