{"Uniform": [{"Correct": 0.7494, "Incorrect": 0.2506}], "Trajector": {"Correct": 0.9829360541824259, "Incorrect": 0.017063945817574106}}