{"Uniform": [{"Correct": 0.7165, "Incorrect": 0.2835}], "Trajector": {"Correct": 0.982540241006245, "Incorrect": 0.01745975899375495}}