{"Uniform": [{"Correct": 0.6152, "Incorrect": 0.3848}], "Trajector": {"Correct": 0.9683789251473305, "Incorrect": 0.03162107485266954}}