{"Uniform": [{"Correct": 0.676, "Incorrect": 0.324}], "Trajector": {"Correct": 0.9209253232474273, "Incorrect": 0.07907467675257279}}