{"Uniform": [{"Correct": 0.7951, "Incorrect": 0.2049}], "Trajector": {"Correct": 0.957955844841235, "Incorrect": 0.04204415515876506}}