{"Uniform": [{"Correct": 0.6947, "Incorrect": 0.3053}], "Trajector": {"Correct": 0.9765150848799367, "Incorrect": 0.02348491512006333}}