{"Uniform": [{"Correct": 0.9169, "Incorrect": 0.0831}], "Trajector": {"Correct": 0.9877737707801918, "Incorrect": 0.01222622921980825}}