{"Uniform": [{"Correct": 0.8808, "Incorrect": 0.1192}], "Trajector": {"Correct": 0.9762512094291494, "Incorrect": 0.02374879057085056}}