{"Uniform": [{"Correct": 0.8357, "Incorrect": 0.1643}], "Trajector": {"Correct": 0.9799014864983727, "Incorrect": 0.02009851350162723}}