{"Uniform": [{"Correct": 0.9288, "Incorrect": 0.0712}], "Trajector": {"Correct": 0.9823203447972557, "Incorrect": 0.017679655202744303}}