{"Uniform": [{"Correct": 0.7721, "Incorrect": 0.2279}], "Trajector": {"Correct": 0.9784941507608409, "Incorrect": 0.021505849239159117}}