{"Uniform": [{"Correct": 0.9094, "Incorrect": 0.0906}], "Trajector": {"Correct": 0.9845632861289472, "Incorrect": 0.015436713871052863}}