{"Uniform": [{"Correct": 0.6961, "Incorrect": 0.3039}], "Trajector": {"Correct": 0.9583516580174157, "Incorrect": 0.04164834198258422}}