{"Uniform": [{"Correct": 0.6305, "Incorrect": 0.3695}], "Trajector": {"Correct": 0.957604010906852, "Incorrect": 0.04239598909314803}}