{"Uniform": [{"Correct": 0.8194, "Incorrect": 0.1806}], "Trajector": {"Correct": 0.9887852933415427, "Incorrect": 0.011214706658457209}}