{"Uniform": [{"Correct": 0.789, "Incorrect": 0.211}], "Trajector": {"Correct": 0.9549212771571818, "Incorrect": 0.04507872284281819}}