{"Uniform": [{"Correct": 0.637, "Incorrect": 0.363}], "Trajector": {"Correct": 0.975063769900607, "Incorrect": 0.024936230099393088}}