{"Uniform": [{"Correct": 0.8681, "Incorrect": 0.1319}], "Trajector": {"Correct": 0.9850470577887237, "Incorrect": 0.014952942211276278}}