{"Uniform": [{"Correct": 0.8562, "Incorrect": 0.1438}], "Trajector": {"Correct": 0.964068959451139, "Incorrect": 0.03593104054886094}}