{"Uniform": [{"Correct": 0.8467, "Incorrect": 0.1533}], "Trajector": {"Correct": 0.9802533204327557, "Incorrect": 0.01974667956724426}}