{"Uniform": [{"Correct": 0.818, "Incorrect": 0.182}], "Trajector": {"Correct": 0.98698214442783, "Incorrect": 0.013017855572169936}}