{"Uniform": [{"Correct": 0.9283, "Incorrect": 0.0717}], "Trajector": {"Correct": 0.985266953997713, "Incorrect": 0.01473304600228692}}