{"Uniform": [{"Correct": 0.9057, "Incorrect": 0.0943}], "Trajector": {"Correct": 0.9773946697158941, "Incorrect": 0.022605330284105902}}