{"Uniform": [{"Correct": 0.7745, "Incorrect": 0.2255}], "Trajector": {"Correct": 0.9744920397572346, "Incorrect": 0.025507960242765415}}