{"Uniform": [{"Correct": 0.9222, "Incorrect": 0.0778}], "Trajector": {"Correct": 0.9795936318057876, "Incorrect": 0.02040636819421233}}