{"Uniform": [{"Correct": 0.9188, "Incorrect": 0.0812}], "Trajector": {"Correct": 0.985266953997713, "Incorrect": 0.01473304600228692}}