{"Uniform": [{"Correct": 0.947, "Incorrect": 0.053}], "Trajector": {"Correct": 0.985970621866479, "Incorrect": 0.014029378133520978}}