{"Uniform": [{"Correct": 0.846, "Incorrect": 0.154}], "Trajector": {"Correct": 0.984607265370745, "Incorrect": 0.015392734629254992}}