{"Uniform": [{"Correct": 0.6735, "Incorrect": 0.3265}], "Trajector": {"Correct": 0.9641569179347348, "Incorrect": 0.035843082065265194}}