{"Uniform": [{"Correct": 0.6673, "Incorrect": 0.3327}], "Trajector": {"Correct": 0.9560207582021286, "Incorrect": 0.0439792417978714}}