{"Uniform": [{"Correct": 0.6363, "Incorrect": 0.3637}], "Trajector": {"Correct": 0.977086815023309, "Incorrect": 0.022913184976691002}}