{"Uniform": [{"Correct": 0.7516, "Incorrect": 0.2484}], "Trajector": {"Correct": 0.9672794441023836, "Incorrect": 0.03272055589761633}}