{"Uniform": [{"Correct": 0.8234, "Incorrect": 0.1766}], "Trajector": {"Correct": 0.984607265370745, "Incorrect": 0.015392734629254992}}