{"Uniform": [{"Correct": 0.7493, "Incorrect": 0.2507}], "Trajector": {"Correct": 0.9727768493271176, "Incorrect": 0.0272231506728824}}