{"Uniform": [{"Correct": 0.7687, "Incorrect": 0.2313}], "Trajector": {"Correct": 0.9760313132201601, "Incorrect": 0.023968686779839914}}