{"Uniform": [{"Correct": 0.8621, "Incorrect": 0.1379}], "Trajector": {"Correct": 0.9890491687923301, "Incorrect": 0.01095083120766998}}