{"Uniform": [{"Correct": 0.8451, "Incorrect": 0.1549}], "Trajector": {"Correct": 0.9886973348579471, "Incorrect": 0.011302665142052951}}