{"Uniform": [{"Correct": 0.8471, "Incorrect": 0.1529}], "Trajector": {"Correct": 0.9856627671738939, "Incorrect": 0.014337232826106078}}