{"Uniform": [{"Correct": 0.7169, "Incorrect": 0.2831}], "Trajector": {"Correct": 0.9689946345325007, "Incorrect": 0.03100536546749934}}