{"Uniform": [{"Correct": 0.9178, "Incorrect": 0.0822}], "Trajector": {"Correct": 0.9829360541824259, "Incorrect": 0.017063945817574106}}