{"Uniform": [{"Correct": 0.6951, "Incorrect": 0.3049}], "Trajector": {"Correct": 0.9809130090597238, "Incorrect": 0.01908699094027619}}