{"Uniform": [{"Correct": 0.9298, "Incorrect": 0.0702}], "Trajector": {"Correct": 0.9798135280147771, "Incorrect": 0.020186471985222974}}