{"Uniform": [{"Correct": 0.6559, "Incorrect": 0.3441}], "Trajector": {"Correct": 0.9797695487729792, "Incorrect": 0.020230451227020847}}