{"Uniform": [{"Correct": 0.8321, "Incorrect": 0.1679}], "Trajector": {"Correct": 0.9834198258422024, "Incorrect": 0.01658017415779752}}