{"Uniform": [{"Correct": 0.929, "Incorrect": 0.071}], "Trajector": {"Correct": 0.9292813791890228, "Incorrect": 0.07071862081097721}}