{"Uniform": [{"Correct": 0.8, "Incorrect": 0.2}], "Trajector": {"Correct": 0.9718972644911602, "Incorrect": 0.028102735508839828}}