{"Uniform": [{"Correct": 0.8749, "Incorrect": 0.1251}], "Trajector": {"Correct": 0.9781423168264579, "Incorrect": 0.02185768317354209}}