{"Uniform": [{"Correct": 0.8354, "Incorrect": 0.1646}], "Trajector": {"Correct": 0.97128155510599, "Incorrect": 0.02871844489401003}}