{"Uniform": [{"Correct": 0.8261, "Incorrect": 0.1739}], "Trajector": {"Correct": 0.9833758466004046, "Incorrect": 0.01662415339959539}}