{"Uniform": [{"Correct": 0.7733, "Incorrect": 0.2267}], "Trajector": {"Correct": 0.987333978362213, "Incorrect": 0.012666021637786965}}