{"Uniform": [{"Correct": 0.8957, "Incorrect": 0.1043}], "Trajector": {"Correct": 0.9785381300026388, "Incorrect": 0.021461869997361247}}