{"Uniform": [{"Correct": 0.8498, "Incorrect": 0.1502}], "Trajector": {"Correct": 0.9828041164570323, "Incorrect": 0.017195883542967718}}