{"Uniform": [{"Correct": 0.668, "Incorrect": 0.332}], "Trajector": {"Correct": 0.9551411733661712, "Incorrect": 0.044858826633828834}}