{"Uniform": [{"Correct": 0.7176, "Incorrect": 0.2824}], "Trajector": {"Correct": 0.9796815902893834, "Incorrect": 0.02031840971061659}}