{"Uniform": [{"Correct": 0.8105, "Incorrect": 0.1895}], "Trajector": {"Correct": 0.9817046354120855, "Incorrect": 0.018295364587914503}}