{"Uniform": [{"Correct": 0.9373, "Incorrect": 0.0627}], "Trajector": {"Correct": 0.9874659160876067, "Incorrect": 0.01253408391239335}}