{"Uniform": [{"Correct": 0.936, "Incorrect": 0.064}], "Trajector": {"Correct": 0.9905884422552556, "Incorrect": 0.00941155774474448}}