{"Uniform": [{"Correct": 0.9342, "Incorrect": 0.0658}], "Trajector": {"Correct": 0.9912481308822236, "Incorrect": 0.008751869117776409}}