{"Uniform": [{"Correct": 0.7095, "Incorrect": 0.2905}], "Trajector": {"Correct": 0.9670155686515964, "Incorrect": 0.03298443134840355}}