{"Uniform": [{"Correct": 0.9257, "Incorrect": 0.0743}], "Trajector": {"Correct": 0.9816166769284898, "Incorrect": 0.018383323071510246}}