{"Uniform": [{"Correct": 0.9384, "Incorrect": 0.0616}], "Trajector": {"Correct": 0.9834198258422024, "Incorrect": 0.01658017415779752}}