{"Uniform": [{"Correct": 0.7819, "Incorrect": 0.2181}], "Trajector": {"Correct": 0.986322455800862, "Incorrect": 0.013677544199138006}}