{"Uniform": [{"Correct": 0.6477, "Incorrect": 0.3523}], "Trajector": {"Correct": 0.9763831471545431, "Incorrect": 0.023616852845456945}}