{"Uniform": [{"Correct": 0.7621, "Incorrect": 0.2379}], "Trajector": {"Correct": 0.9712375758641921, "Incorrect": 0.028762424135807898}}