{"Uniform": [{"Correct": 0.8612, "Incorrect": 0.1388}], "Trajector": {"Correct": 0.9810009675433196, "Incorrect": 0.018999032456680446}}