{"Uniform": [{"Correct": 0.6873, "Incorrect": 0.3127}], "Trajector": {"Correct": 0.9749758114170112, "Incorrect": 0.02502418858298883}}