{"Uniform": [{"Correct": 0.806, "Incorrect": 0.194}], "Trajector": {"Correct": 0.9896208989357024, "Incorrect": 0.010379101064297652}}