{"Uniform": [{"Correct": 0.8405, "Incorrect": 0.1595}], "Trajector": {"Correct": 0.9715454305567772, "Incorrect": 0.028454569443222798}}