{"Uniform": [{"Correct": 0.8276, "Incorrect": 0.1724}], "Trajector": {"Correct": 0.9872899991204152, "Incorrect": 0.012710000879584836}}