{"Uniform": [{"Correct": 0.7573, "Incorrect": 0.2427}], "Trajector": {"Correct": 0.9328436977746504, "Incorrect": 0.06715630222534963}}