{"Uniform": [{"Correct": 0.9305, "Incorrect": 0.0695}], "Trajector": {"Correct": 0.9854428709649046, "Incorrect": 0.014557129035095435}}