{"Uniform": [{"Correct": 0.9291, "Incorrect": 0.0709}], "Trajector": {"Correct": 0.978802005453426, "Incorrect": 0.021197994546574016}}