{"Uniform": [{"Correct": 0.8217, "Incorrect": 0.1783}], "Trajector": {"Correct": 0.9851350162723195, "Incorrect": 0.014864983727680536}}