{"Uniform": [{"Correct": 0.7784, "Incorrect": 0.2216}], "Trajector": {"Correct": 0.9750197906588091, "Incorrect": 0.024980209341190957}}