{"Uniform": [{"Correct": 0.9412, "Incorrect": 0.0588}], "Trajector": {"Correct": 0.9868941859442343, "Incorrect": 0.013105814055765679}}