{"Uniform": [{"Correct": 0.9306, "Incorrect": 0.0694}], "Trajector": {"Correct": 0.9674553610695752, "Incorrect": 0.03254463893042484}}