{"Uniform": [{"Correct": 0.8147, "Incorrect": 0.1853}], "Trajector": {"Correct": 0.9870261236696279, "Incorrect": 0.012973876330372064}}