{"Uniform": [{"Correct": 0.8162, "Incorrect": 0.1838}], "Trajector": {"Correct": 0.9867182689770428, "Incorrect": 0.013281731022957164}}