{"Uniform": [{"Correct": 0.9319, "Incorrect": 0.0681}], "Trajector": {"Correct": 0.9886973348579471, "Incorrect": 0.011302665142052951}}