{"Uniform": [{"Correct": 0.9244, "Incorrect": 0.0756}], "Trajector": {"Correct": 0.9608584747998945, "Incorrect": 0.039141525200105554}}