{"Uniform": [{"Correct": 0.8653, "Incorrect": 0.1347}], "Trajector": {"Correct": 0.9893130442431173, "Incorrect": 0.01068695575688275}}