{"Uniform": [{"Correct": 0.8268, "Incorrect": 0.1732}], "Trajector": {"Correct": 0.9872020406368194, "Incorrect": 0.012797959363180579}}