{"Uniform": [{"Correct": 0.7551, "Incorrect": 0.2449}], "Trajector": {"Correct": 0.9635412085495646, "Incorrect": 0.036458791450435395}}