{"Uniform": [{"Correct": 0.7772, "Incorrect": 0.2228}], "Trajector": {"Correct": 0.9543055677720116, "Incorrect": 0.04569443222798839}}