{"Uniform": [{"Correct": 0.9346, "Incorrect": 0.0654}], "Trajector": {"Correct": 0.9735244964376815, "Incorrect": 0.026475503562318585}}