{"Uniform": [{"Correct": 0.7937, "Incorrect": 0.2063}], "Trajector": {"Correct": 0.984607265370745, "Incorrect": 0.015392734629254992}}