{"Uniform": [{"Correct": 0.9285, "Incorrect": 0.0715}], "Trajector": {"Correct": 0.9711496173805964, "Incorrect": 0.02885038261940364}}