{"Uniform": [{"Correct": 0.8141, "Incorrect": 0.1859}], "Trajector": {"Correct": 0.9895329404521066, "Incorrect": 0.010467059547893395}}