{"Uniform": [{"Correct": 0.6774, "Incorrect": 0.3226}], "Trajector": {"Correct": 0.9855748086902982, "Incorrect": 0.01442519130970182}}