{"Uniform": [{"Correct": 0.8138, "Incorrect": 0.1862}], "Trajector": {"Correct": 0.977746503650277, "Incorrect": 0.022253496349722932}}