{"Uniform": [{"Correct": 0.8445, "Incorrect": 0.1555}], "Trajector": {"Correct": 0.97809833758466, "Incorrect": 0.02190166241533996}}