{"Uniform": [{"Correct": 0.646, "Incorrect": 0.354}], "Trajector": {"Correct": 0.9685988213563198, "Incorrect": 0.03140117864368018}}