{"Uniform": [{"Correct": 0.8383, "Incorrect": 0.1617}], "Trajector": {"Correct": 0.9884774386489577, "Incorrect": 0.011522561351042309}}