{"Uniform": [{"Correct": 0.9315, "Incorrect": 0.0685}], "Trajector": {"Correct": 0.9876418330547981, "Incorrect": 0.012358166945201865}}