{"Uniform": [{"Correct": 0.7756, "Incorrect": 0.2244}], "Trajector": {"Correct": 0.9823643240390536, "Incorrect": 0.017635675960946433}}