{"Uniform": [{"Correct": 0.8166, "Incorrect": 0.1834}], "Trajector": {"Correct": 0.9744480605154368, "Incorrect": 0.025551939484563285}}