{"Uniform": [{"Correct": 0.8403, "Incorrect": 0.1597}], "Trajector": {"Correct": 0.9774826281994898, "Incorrect": 0.02251737180051016}}