{"Uniform": [{"Correct": 0.6446, "Incorrect": 0.3554}], "Trajector": {"Correct": 0.9799454657401706, "Incorrect": 0.020054534259829362}}