{"Uniform": [{"Correct": 0.6682, "Incorrect": 0.3318}], "Trajector": {"Correct": 0.9860146011082769, "Incorrect": 0.013985398891723106}}