{"Uniform": [{"Correct": 0.8077, "Incorrect": 0.1923}], "Trajector": {"Correct": 0.9847831823379365, "Incorrect": 0.015216817662063505}}