{"Uniform": [{"Correct": 0.9241, "Incorrect": 0.0759}], "Trajector": {"Correct": 0.9828480956988301, "Incorrect": 0.01715190430116985}}