{"Uniform": [{"Correct": 0.9318, "Incorrect": 0.0682}], "Trajector": {"Correct": 0.9703140117864368, "Incorrect": 0.0296859882135632}}