{"Uniform": [{"Correct": 0.8776, "Incorrect": 0.1224}], "Trajector": {"Correct": 0.9899287536282875, "Incorrect": 0.010071246371712552}}