{"Uniform": [{"Correct": 0.8263, "Incorrect": 0.1737}], "Trajector": {"Correct": 0.9807370920925323, "Incorrect": 0.019262907907467677}}