{"Uniform": [{"Correct": 0.6341, "Incorrect": 0.3659}], "Trajector": {"Correct": 0.9682909666637347, "Incorrect": 0.031709033336265284}}