{"Uniform": [{"Correct": 0.8349, "Incorrect": 0.1651}], "Trajector": {"Correct": 0.944278300642097, "Incorrect": 0.05572169935790307}}