{"Uniform": [{"Correct": 0.7459, "Incorrect": 0.2541}], "Trajector": {"Correct": 0.987333978362213, "Incorrect": 0.012666021637786965}}