{"Uniform": [{"Correct": 0.9207, "Incorrect": 0.0793}], "Trajector": {"Correct": 0.9858826633828833, "Incorrect": 0.014117336617116722}}