{"Uniform": [{"Correct": 0.8273, "Incorrect": 0.1727}], "Trajector": {"Correct": 0.9587914504353945, "Incorrect": 0.041208549564605505}}