{"Uniform": [{"Correct": 0.9294, "Incorrect": 0.0706}], "Trajector": {"Correct": 0.9794616940803941, "Incorrect": 0.020538305919605947}}