{"Uniform": [{"Correct": 0.9412, "Incorrect": 0.0588}], "Trajector": {"Correct": 0.9886093763743513, "Incorrect": 0.011390623625648693}}