{"Uniform": [{"Correct": 0.7964, "Incorrect": 0.2036}], "Trajector": {"Correct": 0.9890931480341278, "Incorrect": 0.010906851965872108}}