{"Uniform": [{"Correct": 0.8184, "Incorrect": 0.1816}], "Trajector": {"Correct": 0.9733485794704899, "Incorrect": 0.02665142052951007}}