{"Uniform": [{"Correct": 0.9309, "Incorrect": 0.0691}], "Trajector": {"Correct": 0.9899727328700854, "Incorrect": 0.010027267129914681}}