{"Uniform": [{"Correct": 0.8442, "Incorrect": 0.1558}], "Trajector": {"Correct": 0.9782742545518516, "Incorrect": 0.021725745448148474}}