{"Uniform": [{"Correct": 0.6479, "Incorrect": 0.3521}], "Trajector": {"Correct": 0.9746679567244261, "Incorrect": 0.02533204327557393}}