{"Uniform": [{"Correct": 0.8438, "Incorrect": 0.1562}], "Trajector": {"Correct": 0.9838596182601812, "Incorrect": 0.016140381739818806}}