{"Uniform": [{"Correct": 0.6921, "Incorrect": 0.3079}], "Trajector": {"Correct": 0.9728648078107134, "Incorrect": 0.027135192189286658}}