{"Uniform": [{"Correct": 0.7203, "Incorrect": 0.2797}], "Trajector": {"Correct": 0.9759433547365644, "Incorrect": 0.024056645263435657}}