{"Uniform": [{"Correct": 0.6963, "Incorrect": 0.3037}], "Trajector": {"Correct": 0.9833758466004046, "Incorrect": 0.01662415339959539}}