{"Uniform": [{"Correct": 0.9328, "Incorrect": 0.0672}], "Trajector": {"Correct": 0.9782742545518516, "Incorrect": 0.021725745448148474}}