{"Uniform": [{"Correct": 0.9272, "Incorrect": 0.0728}], "Trajector": {"Correct": 0.9869381651860322, "Incorrect": 0.013061834813967808}}