{"Uniform": [{"Correct": 0.7984, "Incorrect": 0.2016}], "Trajector": {"Correct": 0.9882575424399683, "Incorrect": 0.011742457560031665}}