{"Uniform": [{"Correct": 0.7668, "Incorrect": 0.2332}], "Trajector": {"Correct": 0.9845193068871493, "Incorrect": 0.015480693112850734}}