{"Uniform": [{"Correct": 0.6663, "Incorrect": 0.3337}], "Trajector": {"Correct": 0.9849590993051279, "Incorrect": 0.01504090069487202}}