{"Uniform": [{"Correct": 0.9218, "Incorrect": 0.0782}], "Trajector": {"Correct": 0.9890051895505322, "Incorrect": 0.01099481044946785}}