{"Uniform": [{"Correct": 0.9199, "Incorrect": 0.0801}], "Trajector": {"Correct": 0.98698214442783, "Incorrect": 0.013017855572169936}}