{"Uniform": [{"Correct": 0.7042, "Incorrect": 0.2958}], "Trajector": {"Correct": 0.9858386841410854, "Incorrect": 0.014161315858914593}}