{"Uniform": [{"Correct": 0.9168, "Incorrect": 0.0832}], "Trajector": {"Correct": 0.9853109332395109, "Incorrect": 0.014689066760489049}}