{"Uniform": [{"Correct": 0.9341, "Incorrect": 0.0659}], "Trajector": {"Correct": 0.9759433547365644, "Incorrect": 0.024056645263435657}}