{"Uniform": [{"Correct": 0.9634, "Incorrect": 0.0366}], "Trajector": {"Correct": 0.9868062274606386, "Incorrect": 0.013193772539361421}}