{"Uniform": [{"Correct": 0.7494, "Incorrect": 0.2506}], "Trajector": {"Correct": 0.9730407247779048, "Incorrect": 0.02695927522209517}}