{"Uniform": [{"Correct": 0.7452, "Incorrect": 0.2548}], "Trajector": {"Correct": 0.9809569883015217, "Incorrect": 0.01904301169847832}}