{"Uniform": [{"Correct": 0.932, "Incorrect": 0.068}], "Trajector": {"Correct": 0.9707538042044155, "Incorrect": 0.029246195795584483}}