{"Uniform": [{"Correct": 0.692, "Incorrect": 0.308}], "Trajector": {"Correct": 0.9839035975019791, "Incorrect": 0.016096402498020933}}