{"Uniform": [{"Correct": 0.9295, "Incorrect": 0.0705}], "Trajector": {"Correct": 0.9847392030961386, "Incorrect": 0.015260796903861378}}