{"Uniform": [{"Correct": 0.8001, "Incorrect": 0.1999}], "Trajector": {"Correct": 0.9529422112762777, "Incorrect": 0.047057788723722405}}