{"Uniform": [{"Correct": 0.8247, "Incorrect": 0.1753}], "Trajector": {"Correct": 0.9888292725833406, "Incorrect": 0.011170727416659337}}