{"Uniform": [{"Correct": 0.924, "Incorrect": 0.076}], "Trajector": {"Correct": 0.9895769196939045, "Incorrect": 0.010423080306095523}}