{"Uniform": [{"Correct": 0.6526, "Incorrect": 0.3474}], "Trajector": {"Correct": 0.983595742809394, "Incorrect": 0.016404257190606033}}