{"Uniform": [{"Correct": 0.6516, "Incorrect": 0.3484}], "Trajector": {"Correct": 0.9734365379540857, "Incorrect": 0.026563462045914327}}