{"Uniform": [{"Correct": 0.9109, "Incorrect": 0.0891}], "Trajector": {"Correct": 0.9763391679127452, "Incorrect": 0.023660832087254814}}