{"Uniform": [{"Correct": 0.8543, "Incorrect": 0.1457}], "Trajector": {"Correct": 0.987333978362213, "Incorrect": 0.012666021637786965}}