{"Uniform": [{"Correct": 0.9344, "Incorrect": 0.0656}], "Trajector": {"Correct": 0.9875978538130002, "Incorrect": 0.012402146186999736}}