{"Uniform": [{"Correct": 0.7766, "Incorrect": 0.2234}], "Trajector": {"Correct": 0.9845632861289472, "Incorrect": 0.015436713871052863}}