{"Uniform": [{"Correct": 0.8155, "Incorrect": 0.1845}], "Trajector": {"Correct": 0.9880816254727769, "Incorrect": 0.011918374527223151}}