{"Uniform": [{"Correct": 0.7876, "Incorrect": 0.2124}], "Trajector": {"Correct": 0.9817925938956812, "Incorrect": 0.01820740610431876}}