{"Uniform": [{"Correct": 0.8132, "Incorrect": 0.1868}], "Trajector": {"Correct": 0.9769548772979154, "Incorrect": 0.023045122702084617}}