{"Uniform": [{"Correct": 0.9283, "Incorrect": 0.0717}], "Trajector": {"Correct": 0.9882575424399683, "Incorrect": 0.011742457560031665}}