{"Uniform": [{"Correct": 0.9243, "Incorrect": 0.0757}], "Trajector": {"Correct": 0.9502154982848096, "Incorrect": 0.04978450171519043}}