{"Uniform": [{"Correct": 0.9194, "Incorrect": 0.0806}], "Trajector": {"Correct": 0.9831119711496173, "Incorrect": 0.016888028850382618}}