{"Uniform": [{"Correct": 0.8003, "Incorrect": 0.1997}], "Trajector": {"Correct": 0.9868941859442343, "Incorrect": 0.013105814055765679}}