{"Uniform": [{"Correct": 0.735, "Incorrect": 0.265}], "Trajector": {"Correct": 0.983947576743777, "Incorrect": 0.016052423256223063}}