{"Uniform": [{"Correct": 0.8722, "Incorrect": 0.1278}], "Trajector": {"Correct": 0.9861905180754684, "Incorrect": 0.013809481924531622}}