{"Uniform": [{"Correct": 0.7221, "Incorrect": 0.2779}], "Trajector": {"Correct": 0.9738323511302666, "Incorrect": 0.026167648869733485}}