{"Uniform": [{"Correct": 0.815, "Incorrect": 0.185}], "Trajector": {"Correct": 0.9867622482188407, "Incorrect": 0.013237751781159292}}