{"Uniform": [{"Correct": 0.8487, "Incorrect": 0.1513}], "Trajector": {"Correct": 0.9868502067024365, "Incorrect": 0.01314979329756355}}