{"Uniform": [{"Correct": 0.697, "Incorrect": 0.303}], "Trajector": {"Correct": 0.9893130442431173, "Incorrect": 0.01068695575688275}}