{"Uniform": [{"Correct": 0.8521, "Incorrect": 0.1479}], "Trajector": {"Correct": 0.9823203447972557, "Incorrect": 0.017679655202744303}}