{"Uniform": [{"Correct": 0.78, "Incorrect": 0.22}], "Trajector": {"Correct": 0.9825842202480429, "Incorrect": 0.017415779751957076}}