{"Uniform": [{"Correct": 0.6808, "Incorrect": 0.3192}], "Trajector": {"Correct": 0.9886533556161492, "Incorrect": 0.011346644383850822}}