{"Uniform": [{"Correct": 0.7724, "Incorrect": 0.2276}], "Trajector": {"Correct": 0.9799014864983727, "Incorrect": 0.02009851350162723}}