{"Uniform": [{"Correct": 0.9362, "Incorrect": 0.0638}], "Trajector": {"Correct": 0.9853549124813088, "Incorrect": 0.014645087518691178}}