{"Uniform": [{"Correct": 0.9273, "Incorrect": 0.0727}], "Trajector": {"Correct": 0.9371536634708417, "Incorrect": 0.06284633652915823}}