{"Uniform": [{"Correct": 0.9115, "Incorrect": 0.0885}], "Trajector": {"Correct": 0.8355176356759609, "Incorrect": 0.16448236432403907}}