{"Uniform": [{"Correct": 0.9123, "Incorrect": 0.0877}], "Trajector": {"Correct": 0.8523177060427478, "Incorrect": 0.1476822939572522}}