{"Uniform": [{"Correct": 0.9148, "Incorrect": 0.0852}], "Trajector": {"Correct": 0.966487817750022, "Incorrect": 0.03351218224997801}}