{"Uniform": [{"Correct": 0.9124, "Incorrect": 0.0876}], "Trajector": {"Correct": 0.8173102295716422, "Incorrect": 0.18268977042835782}}