{"Uniform": [{"Correct": 0.9122, "Incorrect": 0.0878}], "Trajector": {"Correct": 0.932975635500044, "Incorrect": 0.06702436449995602}}