{"Uniform": [{"Correct": 0.9133, "Incorrect": 0.0867}], "Trajector": {"Correct": 0.7978274254551851, "Incorrect": 0.20217257454481485}}