{"Uniform": [{"Correct": 0.9129, "Incorrect": 0.0871}], "Trajector": {"Correct": 0.9757674377693728, "Incorrect": 0.024232562230627145}}