{"Uniform": [{"Correct": 0.9119, "Incorrect": 0.0881}], "Trajector": {"Correct": 0.731154894889612, "Incorrect": 0.2688451051103879}}