{"Uniform": [{"Correct": 0.9115, "Incorrect": 0.0885}], "Trajector": {"Correct": 0.9061482980033424, "Incorrect": 0.09385170199665757}}