{"Uniform": [{"Correct": 0.9138, "Incorrect": 0.0862}], "Trajector": {"Correct": 0.7989708857419298, "Incorrect": 0.20102911425807019}}