{"Uniform": [{"Correct": 0.9118, "Incorrect": 0.0882}], "Trajector": {"Correct": 0.9714574720731814, "Incorrect": 0.02854252792681854}}