{"Uniform": [{"Correct": 0.9119, "Incorrect": 0.0881}], "Trajector": {"Correct": 0.8886885390095874, "Incorrect": 0.11131146099041253}}