{"Uniform": [{"Correct": 0.9125, "Incorrect": 0.0875}], "Trajector": {"Correct": 0.7635675960946433, "Incorrect": 0.23643240390535666}}