{"Uniform": [{"Correct": 0.9113, "Incorrect": 0.0887}], "Trajector": {"Correct": 0.8126044506992699, "Incorrect": 0.18739554930073005}}