{"Uniform": [{"Correct": 0.9124, "Incorrect": 0.0876}], "Trajector": {"Correct": 0.8632685372504179, "Incorrect": 0.1367314627495822}}