{"Uniform": [{"Correct": 0.9113, "Incorrect": 0.0887}], "Trajector": {"Correct": 0.9599349107221391, "Incorrect": 0.04006508927786085}}