{"Uniform": [{"Correct": 0.9161, "Incorrect": 0.0839}], "Trajector": {"Correct": 0.8682381915735773, "Incorrect": 0.13176180842642274}}