{"Uniform": [{"Correct": 0.9109, "Incorrect": 0.0891}], "Trajector": {"Correct": 0.8865335561614918, "Incorrect": 0.11346644383850822}}