{"Uniform": [{"Correct": 0.9102, "Incorrect": 0.0898}], "Trajector": {"Correct": 0.8520098513501627, "Incorrect": 0.14799014864983728}}