{"Uniform": [{"Correct": 0.9133, "Incorrect": 0.0867}], "Trajector": {"Correct": 0.9467411381827777, "Incorrect": 0.053258861817222274}}