{"Uniform": [{"Correct": 0.9145, "Incorrect": 0.0855}], "Trajector": {"Correct": 0.927830064209693, "Incorrect": 0.07216993579030698}}