{"Uniform": [{"Correct": 0.9115, "Incorrect": 0.0885}], "Trajector": {"Correct": 0.9570322807634797, "Incorrect": 0.04296771923652036}}