{"Uniform": [{"Correct": 0.9105, "Incorrect": 0.0895}], "Trajector": {"Correct": 0.9674993403113731, "Incorrect": 0.03250065968862697}}