{"Uniform": [{"Correct": 0.9118, "Incorrect": 0.0882}], "Trajector": {"Correct": 0.8797607529246195, "Incorrect": 0.12023924707538042}}