{"Uniform": [{"Correct": 0.8515, "Incorrect": 0.1485}], "Trajector": {"Correct": 0.9700941155774474, "Incorrect": 0.029905884422552556}}