{"Uniform": [{"Correct": 0.93, "Incorrect": 0.07}], "Trajector": {"Correct": 0.9868941859442343, "Incorrect": 0.013105814055765679}}