{"Uniform": [{"Correct": 0.8151, "Incorrect": 0.1849}], "Trajector": {"Correct": 0.9911601723986279, "Incorrect": 0.008839827601372151}}