{"Uniform": [{"Correct": 0.7165, "Incorrect": 0.2835}], "Trajector": {"Correct": 0.9895769196939045, "Incorrect": 0.010423080306095523}}