{"Uniform": [{"Correct": 0.8825, "Incorrect": 0.1175}], "Trajector": {"Correct": 0.9766910018471282, "Incorrect": 0.023308998152871845}}