{"Uniform": [{"Correct": 0.8147, "Incorrect": 0.1853}], "Trajector": {"Correct": 0.97809833758466, "Incorrect": 0.02190166241533996}}