{"Uniform": [{"Correct": 0.7945, "Incorrect": 0.2055}], "Trajector": {"Correct": 0.9715894097985751, "Incorrect": 0.02841059020142493}}