{"Uniform": [{"Correct": 0.9359, "Incorrect": 0.0641}], "Trajector": {"Correct": 0.9762512094291494, "Incorrect": 0.02374879057085056}}