{"Uniform": [{"Correct": 0.8116, "Incorrect": 0.1884}], "Trajector": {"Correct": 0.988389480165362, "Incorrect": 0.011610519834638051}}