{"Uniform": [{"Correct": 0.6269, "Incorrect": 0.3731}], "Trajector": {"Correct": 0.9635412085495646, "Incorrect": 0.036458791450435395}}