{"Uniform": [{"Correct": 0.9393, "Incorrect": 0.0607}], "Trajector": {"Correct": 0.989708857419298, "Incorrect": 0.010291142580701908}}