{"Uniform": [{"Correct": 0.6651, "Incorrect": 0.3349}], "Trajector": {"Correct": 0.9815726976866919, "Incorrect": 0.01842730231330812}}