{"Uniform": [{"Correct": 0.9211, "Incorrect": 0.0789}], "Trajector": {"Correct": 0.9733925587122878, "Incorrect": 0.0266074412877122}}