{"Uniform": [{"Correct": 0.8295, "Incorrect": 0.1705}], "Trajector": {"Correct": 0.9881695839563726, "Incorrect": 0.011830416043627407}}