{"Uniform": [{"Correct": 0.8118, "Incorrect": 0.1882}], "Trajector": {"Correct": 0.9807810713343302, "Incorrect": 0.019218928665669804}}