{"Uniform": [{"Correct": 0.8447, "Incorrect": 0.1553}], "Trajector": {"Correct": 0.9718532852493623, "Incorrect": 0.028146714750637698}}