{"Uniform": [{"Correct": 0.803, "Incorrect": 0.197}], "Trajector": {"Correct": 0.9853109332395109, "Incorrect": 0.014689066760489049}}