{"Uniform": [{"Correct": 0.6934, "Incorrect": 0.3066}], "Trajector": {"Correct": 0.9901486498372768, "Incorrect": 0.009851350162723194}}