{"Uniform": [{"Correct": 0.8447, "Incorrect": 0.1553}], "Trajector": {"Correct": 0.9879496877473832, "Incorrect": 0.012050312252616765}}