{"Uniform": [{"Correct": 0.8302, "Incorrect": 0.1698}], "Trajector": {"Correct": 0.987685812296596, "Incorrect": 0.012314187703403994}}