{"Uniform": [{"Correct": 0.8241, "Incorrect": 0.1759}], "Trajector": {"Correct": 0.9848271615797344, "Incorrect": 0.015172838420265634}}