{"Uniform": [{"Correct": 0.6995, "Incorrect": 0.3005}], "Trajector": {"Correct": 0.9881256047145747, "Incorrect": 0.01187439528542528}}