{"Uniform": [{"Correct": 0.8219, "Incorrect": 0.1781}], "Trajector": {"Correct": 0.9850470577887237, "Incorrect": 0.014952942211276278}}