{"Uniform": [{"Correct": 0.9178, "Incorrect": 0.0822}], "Trajector": {"Correct": 0.9868941859442343, "Incorrect": 0.013105814055765679}}