{"Uniform": [{"Correct": 0.8223, "Incorrect": 0.1777}], "Trajector": {"Correct": 0.9916879233002023, "Incorrect": 0.008312076699797695}}