{"Uniform": [{"Correct": 0.8125, "Incorrect": 0.1875}], "Trajector": {"Correct": 0.9708417626880113, "Incorrect": 0.02915823731198874}}