{"Uniform": [{"Correct": 0.9121, "Incorrect": 0.0879}], "Trajector": {"Correct": 0.8781775002198962, "Incorrect": 0.12182249978010379}}