{"Uniform": [{"Correct": 0.911, "Incorrect": 0.089}], "Trajector": {"Correct": 0.9186384026739379, "Incorrect": 0.0813615973260621}}