{"Uniform": [{"Correct": 0.5853, "Incorrect": 0.4147}], "Trajector": {"Correct": 0.926466707713959, "Incorrect": 0.07353329228604098}}