{"Uniform": [{"Correct": 0.912, "Incorrect": 0.088}], "Trajector": {"Correct": 0.9743161227900431, "Incorrect": 0.0256838772099569}}