{"Uniform": [{"Correct": 0.5855, "Incorrect": 0.4145}], "Trajector": {"Correct": 0.9341630750285865, "Incorrect": 0.0658369249714135}}