{"Uniform": [{"Correct": 0.9112, "Incorrect": 0.0888}], "Trajector": {"Correct": 0.974008268097458, "Incorrect": 0.025991731902542}}