{"Uniform": [{"Correct": 0.9084, "Incorrect": 0.0916}], "Trajector": {"Correct": 0.9597589937549477, "Incorrect": 0.040241006245052335}}