{"Uniform": [{"Correct": 0.9113, "Incorrect": 0.0887}], "Trajector": {"Correct": 0.2630838244348667, "Incorrect": 0.7369161755651332}}