{"Uniform": [{"Correct": 0.5842, "Incorrect": 0.4158}], "Trajector": {"Correct": 0.94731286832615, "Incorrect": 0.052687131673849946}}