{"Uniform": [{"Correct": 0.5842, "Incorrect": 0.4158}], "Trajector": {"Correct": 0.9420793385522034, "Incorrect": 0.05792066144779664}}