{"Uniform": [{"Correct": 0.906, "Incorrect": 0.094}], "Trajector": {"Correct": 0.943574632773331, "Incorrect": 0.056425367226669014}}