{"Uniform": [{"Correct": 0.6886, "Incorrect": 0.3114}], "Trajector": {"Correct": 0.9518867094731287, "Incorrect": 0.04811329052687131}}