{"Uniform": [{"Correct": 0.9119, "Incorrect": 0.0881}], "Trajector": {"Correct": 0.9756355000439793, "Incorrect": 0.024364499956020757}}