{"Uniform": [{"Correct": 0.5621, "Incorrect": 0.4379}], "Trajector": {"Correct": 0.9433107573225438, "Incorrect": 0.05668924267745624}}