{"Uniform": [{"Correct": 0.5845, "Incorrect": 0.4155}], "Trajector": {"Correct": 0.94731286832615, "Incorrect": 0.052687131673849946}}