{"Uniform": [{"Correct": 0.913, "Incorrect": 0.087}], "Trajector": {"Correct": 0.3256223062714399, "Incorrect": 0.6743776937285602}}