{"Uniform": [{"Correct": 0.911, "Incorrect": 0.089}], "Trajector": {"Correct": 0.9742721435482452, "Incorrect": 0.025727856451754773}}