{"Uniform": [{"Correct": 0.9092, "Incorrect": 0.0908}], "Trajector": {"Correct": 0.9635412085495646, "Incorrect": 0.036458791450435395}}