{"Uniform": [{"Correct": 0.913, "Incorrect": 0.087}], "Trajector": {"Correct": 0.28208285689154716, "Incorrect": 0.7179171431084528}}