{"Uniform": [{"Correct": 0.9045, "Incorrect": 0.0955}], "Trajector": {"Correct": 0.9367138710528631, "Incorrect": 0.06328612894713695}}