{"Uniform": [{"Correct": 0.9121, "Incorrect": 0.0879}], "Trajector": {"Correct": 0.9429149441463629, "Incorrect": 0.05708505585363708}}