{"Uniform": [{"Correct": 0.5844, "Incorrect": 0.4156}], "Trajector": {"Correct": 0.9098425543143637, "Incorrect": 0.09015744568563638}}