{"Uniform": [{"Correct": 0.7948, "Incorrect": 0.2052}], "Trajector": {"Correct": 0.9798135280147771, "Incorrect": 0.020186471985222974}}