{"Uniform": [{"Correct": 0.9117, "Incorrect": 0.0883}], "Trajector": {"Correct": 0.5983375846600405, "Incorrect": 0.40166241533995956}}