{"Uniform": [{"Correct": 0.9118, "Incorrect": 0.0882}], "Trajector": {"Correct": 0.8125604714574721, "Incorrect": 0.18743952854252793}}