{"Uniform": [{"Correct": 0.9097, "Incorrect": 0.0903}], "Trajector": {"Correct": 0.9689946345325007, "Incorrect": 0.03100536546749934}}