{"Uniform": [{"Correct": 0.5837, "Incorrect": 0.4163}], "Trajector": {"Correct": 0.3969566364675873, "Incorrect": 0.6030433635324127}}