{"Uniform": [{"Correct": 0.9118, "Incorrect": 0.0882}], "Trajector": {"Correct": 0.5922244700501363, "Incorrect": 0.40777552994986366}}