{"Uniform": [{"Correct": 0.912, "Incorrect": 0.088}], "Trajector": {"Correct": 0.9164394405840444, "Incorrect": 0.08356055941595567}}