{"Uniform": [{"Correct": 0.9129, "Incorrect": 0.0871}], "Trajector": {"Correct": 0.26752572785645173, "Incorrect": 0.7324742721435482}}