{"Uniform": [{"Correct": 0.5844, "Incorrect": 0.4156}], "Trajector": {"Correct": 0.45593279971853284, "Incorrect": 0.5440672002814672}}