{"Uniform": [{"Correct": 0.9119, "Incorrect": 0.0881}], "Trajector": {"Correct": 0.8435218576831736, "Incorrect": 0.15647814231682647}}