{"Uniform": [{"Correct": 0.9133, "Incorrect": 0.0867}], "Trajector": {"Correct": 0.27460638578590907, "Incorrect": 0.725393614214091}}