{"Uniform": [{"Correct": 0.9119, "Incorrect": 0.0881}], "Trajector": {"Correct": 0.8214002990588443, "Incorrect": 0.17859970094115576}}