{"Uniform": [{"Correct": 0.5846, "Incorrect": 0.4154}], "Trajector": {"Correct": 0.9414196499252353, "Incorrect": 0.05858035007476471}}