{"Uniform": [{"Correct": 0.9131, "Incorrect": 0.0869}], "Trajector": {"Correct": 0.27601372152344095, "Incorrect": 0.723986278476559}}