{"Uniform": [{"Correct": 0.5855, "Incorrect": 0.4145}], "Trajector": {"Correct": 0.9340311373031929, "Incorrect": 0.0659688626968071}}