{"Uniform": [{"Correct": 0.5848, "Incorrect": 0.4152}], "Trajector": {"Correct": 0.9382091652739907, "Incorrect": 0.061790834726009325}}