{"Uniform": [{"Correct": 0.5829, "Incorrect": 0.4171}], "Trajector": {"Correct": 0.26044506992699445, "Incorrect": 0.7395549300730055}}