{"Uniform": [{"Correct": 0.9123, "Incorrect": 0.0877}], "Trajector": {"Correct": 0.39550532148825757, "Incorrect": 0.6044946785117424}}