{"Uniform": [{"Correct": 0.9092, "Incorrect": 0.0908}], "Trajector": {"Correct": 0.9646406895945114, "Incorrect": 0.035359310405488606}}