{"Uniform": [{"Correct": 0.8045, "Incorrect": 0.1955}], "Trajector": {"Correct": 0.9655642536722667, "Incorrect": 0.03443574632773331}}