{"Uniform": [{"Correct": 0.5844, "Incorrect": 0.4156}], "Trajector": {"Correct": 0.9472688890843521, "Incorrect": 0.05273111091564781}}