{"Uniform": [{"Correct": 0.9099, "Incorrect": 0.0901}], "Trajector": {"Correct": 0.9684668836309263, "Incorrect": 0.0315331163690738}}