{"Uniform": [{"Correct": 0.9109, "Incorrect": 0.0891}], "Trajector": {"Correct": 0.9716773682821708, "Incorrect": 0.028322631717829186}}