{"Uniform": [{"Correct": 0.5838, "Incorrect": 0.4162}], "Trajector": {"Correct": 0.25490368546046266, "Incorrect": 0.7450963145395373}}