{"Uniform": [{"Correct": 0.5842, "Incorrect": 0.4158}], "Trajector": {"Correct": 0.9474448060515437, "Incorrect": 0.05255519394845633}}