{"Uniform": [{"Correct": 0.9118, "Incorrect": 0.0882}], "Trajector": {"Correct": 0.5274430468818717, "Incorrect": 0.47255695311812823}}