{"Uniform": [{"Correct": 0.9112, "Incorrect": 0.0888}], "Trajector": {"Correct": 0.9766030433635324, "Incorrect": 0.023396956636467587}}