{"Uniform": [{"Correct": 0.5849, "Incorrect": 0.4151}], "Trajector": {"Correct": 0.25094555369865423, "Incorrect": 0.7490544463013458}}