{"Uniform": [{"Correct": 0.5866, "Incorrect": 0.4134}], "Trajector": {"Correct": 0.8989796815902894, "Incorrect": 0.10102031840971061}}