{"Uniform": [{"Correct": 0.9129, "Incorrect": 0.0871}], "Trajector": {"Correct": 0.2676136863400475, "Incorrect": 0.7323863136599525}}