{"Uniform": [{"Correct": 0.9121, "Incorrect": 0.0879}], "Trajector": {"Correct": 0.9606385785909051, "Incorrect": 0.039361421409094904}}