{"Uniform": [{"Correct": 0.911, "Incorrect": 0.089}], "Trajector": {"Correct": 0.9739642888556601, "Incorrect": 0.026035711144339873}}