{"Uniform": [{"Correct": 0.9112, "Incorrect": 0.0888}], "Trajector": {"Correct": 0.9766470226053303, "Incorrect": 0.023352977394669718}}