{"Uniform": [{"Correct": 0.5844, "Incorrect": 0.4156}], "Trajector": {"Correct": 0.9122174333714487, "Incorrect": 0.08778256662855133}}