{"Uniform": [{"Correct": 0.5846, "Incorrect": 0.4154}], "Trajector": {"Correct": 0.9375054974052247, "Incorrect": 0.062494502594775264}}