{"Uniform": [{"Correct": 0.5849, "Incorrect": 0.4151}], "Trajector": {"Correct": 0.9182425894977571, "Incorrect": 0.08175741050224294}}