{"Uniform": [{"Correct": 0.9123, "Incorrect": 0.0877}], "Trajector": {"Correct": 0.4101504090069487, "Incorrect": 0.5898495909930512}}