{"Uniform": [{"Correct": 0.9128, "Incorrect": 0.0872}], "Trajector": {"Correct": 0.2679655202744305, "Incorrect": 0.7320344797255696}}