{"Uniform": [{"Correct": 0.8096, "Incorrect": 0.1904}], "Trajector": {"Correct": 0.9781862960682558, "Incorrect": 0.021813703931744217}}