{"Uniform": [{"Correct": 0.9124, "Incorrect": 0.0876}], "Trajector": {"Correct": 0.7353769021022077, "Incorrect": 0.26462309789779226}}