{"Uniform": [{"Correct": 0.9119, "Incorrect": 0.0881}], "Trajector": {"Correct": 0.8223678423783974, "Incorrect": 0.17763215762160262}}