{"Uniform": [{"Correct": 0.9133, "Incorrect": 0.0867}], "Trajector": {"Correct": 0.314979329756355, "Incorrect": 0.685020670243645}}