{"Uniform": [{"Correct": 0.9116, "Incorrect": 0.0884}], "Trajector": {"Correct": 0.26475503562318586, "Incorrect": 0.7352449643768142}}