{"Uniform": [{"Correct": 0.5842, "Incorrect": 0.4158}], "Trajector": {"Correct": 0.9417714838596183, "Incorrect": 0.05822851614038174}}