{"Uniform": [{"Correct": 0.9112, "Incorrect": 0.0888}], "Trajector": {"Correct": 0.9765590641217345, "Incorrect": 0.02344093587826546}}