{"Uniform": [{"Correct": 0.5842, "Incorrect": 0.4158}], "Trajector": {"Correct": 0.2527047233705691, "Incorrect": 0.747295276629431}}