{"Uniform": [{"Correct": 0.5845, "Incorrect": 0.4155}], "Trajector": {"Correct": 0.9472249098425544, "Incorrect": 0.052775090157445685}}