{"Uniform": [{"Correct": 0.5842, "Incorrect": 0.4158}], "Trajector": {"Correct": 0.9468730759081714, "Incorrect": 0.053126924091828655}}