{"Uniform": [{"Correct": 0.5858, "Incorrect": 0.4142}], "Trajector": {"Correct": 0.9268625208901399, "Incorrect": 0.07313747910986014}}