{"Uniform": [{"Correct": 0.9103, "Incorrect": 0.0897}], "Trajector": {"Correct": 0.9660480253320433, "Incorrect": 0.03395197466795673}}