{"Uniform": [{"Correct": 0.9132, "Incorrect": 0.0868}], "Trajector": {"Correct": 0.8746151816342687, "Incorrect": 0.12538481836573137}}