{"Uniform": [{"Correct": 0.9149, "Incorrect": 0.0851}], "Trajector": {"Correct": 0.8700853197290879, "Incorrect": 0.12991468027091213}}