{"Uniform": [{"Correct": 0.9118, "Incorrect": 0.0882}], "Trajector": {"Correct": 0.9705339079954262, "Incorrect": 0.02946609200457384}}