{"Uniform": [{"Correct": 0.9113, "Incorrect": 0.0887}], "Trajector": {"Correct": 0.8483595742809394, "Incorrect": 0.1516404257190606}}