{"Uniform": [{"Correct": 0.7621, "Incorrect": 0.2379}], "Trajector": {"Correct": 0.9758993754947665, "Incorrect": 0.02410062450523353}}