{"Uniform": [{"Correct": 0.8553, "Incorrect": 0.1447}], "Trajector": {"Correct": 0.9796376110475855, "Incorrect": 0.020362388952414462}}