{"Uniform": [{"Correct": 0.8355, "Incorrect": 0.1645}], "Trajector": {"Correct": 0.987333978362213, "Incorrect": 0.012666021637786965}}