{"Uniform": [{"Correct": 0.6614, "Incorrect": 0.3386}], "Trajector": {"Correct": 0.9827601372152344, "Incorrect": 0.01723986278476559}}