{"Uniform": [{"Correct": 0.7137, "Incorrect": 0.2863}], "Trajector": {"Correct": 0.9608144955580966, "Incorrect": 0.03918550444190342}}