{"Uniform": [{"Correct": 0.759, "Incorrect": 0.241}], "Trajector": {"Correct": 0.9016624153399595, "Incorrect": 0.09833758466004046}}