{"Uniform": [{"Correct": 0.848, "Incorrect": 0.152}], "Trajector": {"Correct": 0.9783182337936494, "Incorrect": 0.0216817662063506}}