{"Uniform": [{"Correct": 0.8812, "Incorrect": 0.1188}], "Trajector": {"Correct": 0.9878177500219896, "Incorrect": 0.012182249978010378}}