{"Uniform": [{"Correct": 0.922, "Incorrect": 0.078}], "Trajector": {"Correct": 0.9886093763743513, "Incorrect": 0.011390623625648693}}