{"Uniform": [{"Correct": 0.8379, "Incorrect": 0.1621}], "Trajector": {"Correct": 0.9872460198786173, "Incorrect": 0.012753980121382708}}