{"Uniform": [{"Correct": 0.9263, "Incorrect": 0.0737}], "Trajector": {"Correct": 0.9777025244084792, "Incorrect": 0.0222974755915208}}