{"Uniform": [{"Correct": 0.7898, "Incorrect": 0.2102}], "Trajector": {"Correct": 0.9830240126660217, "Incorrect": 0.016975987333978364}}