{"Uniform": [{"Correct": 0.9242, "Incorrect": 0.0758}], "Trajector": {"Correct": 0.9669276101680007, "Incorrect": 0.033072389831999296}}