{"Uniform": [{"Correct": 0.6907, "Incorrect": 0.3093}], "Trajector": {"Correct": 0.9846952238543407, "Incorrect": 0.01530477614565925}}