{"Uniform": [{"Correct": 0.802, "Incorrect": 0.198}], "Trajector": {"Correct": 0.9857067464156918, "Incorrect": 0.014293253584308207}}