{"Uniform": [{"Correct": 0.9198, "Incorrect": 0.0802}], "Trajector": {"Correct": 0.9751957076260005, "Incorrect": 0.024804292373999472}}