{"Uniform": [{"Correct": 0.9243, "Incorrect": 0.0757}], "Trajector": {"Correct": 0.9800774034655643, "Incorrect": 0.019922596534435746}}