{"Uniform": [{"Correct": 0.7897, "Incorrect": 0.2103}], "Trajector": {"Correct": 0.9847392030961386, "Incorrect": 0.015260796903861378}}