{"Uniform": [{"Correct": 0.9212, "Incorrect": 0.0788}], "Trajector": {"Correct": 0.9801213827073622, "Incorrect": 0.019878617292637873}}