{"Uniform": [{"Correct": 0.8446, "Incorrect": 0.1554}], "Trajector": {"Correct": 0.9663998592664262, "Incorrect": 0.03360014073357375}}