{"Uniform": [{"Correct": 0.8015, "Incorrect": 0.1985}], "Trajector": {"Correct": 0.9882575424399683, "Incorrect": 0.011742457560031665}}