{"Uniform": [{"Correct": 0.6731, "Incorrect": 0.3269}], "Trajector": {"Correct": 0.9828041164570323, "Incorrect": 0.017195883542967718}}