{"Uniform": [{"Correct": 0.9228, "Incorrect": 0.0772}], "Trajector": {"Correct": 0.9849151200633302, "Incorrect": 0.015084879936669892}}