{"Uniform": [{"Correct": 0.7139, "Incorrect": 0.2861}], "Trajector": {"Correct": 0.9739203096138622, "Incorrect": 0.026079690386137742}}