{"Uniform": [{"Correct": 0.926, "Incorrect": 0.074}], "Trajector": {"Correct": 0.9862344973172662, "Incorrect": 0.01376550268273375}}