{"Uniform": [{"Correct": 0.9324, "Incorrect": 0.0676}], "Trajector": {"Correct": 0.9759433547365644, "Incorrect": 0.024056645263435657}}