{"Uniform": [{"Correct": 0.8985, "Incorrect": 0.1015}], "Trajector": {"Correct": 0.9832878881168089, "Incorrect": 0.016712111883191133}}