{"Uniform": [{"Correct": 0.8442, "Incorrect": 0.1558}], "Trajector": {"Correct": 0.9887852933415427, "Incorrect": 0.011214706658457209}}