{"Uniform": [{"Correct": 0.7648, "Incorrect": 0.2352}], "Trajector": {"Correct": 0.9724689946345325, "Incorrect": 0.0275310053654675}}