{"Uniform": [{"Correct": 0.7831, "Incorrect": 0.2169}], "Trajector": {"Correct": 0.9858826633828833, "Incorrect": 0.014117336617116722}}