{"Uniform": [{"Correct": 0.755, "Incorrect": 0.245}], "Trajector": {"Correct": 0.9674553610695752, "Incorrect": 0.03254463893042484}}