{"Uniform": [{"Correct": 0.6822, "Incorrect": 0.3178}], "Trajector": {"Correct": 0.9553170903333627, "Incorrect": 0.04468290966663735}}