{"Uniform": [{"Correct": 0.68, "Incorrect": 0.32}], "Trajector": {"Correct": 0.9824083032808515, "Incorrect": 0.01759169671914856}}