{"Uniform": [{"Correct": 0.9369, "Incorrect": 0.0631}], "Trajector": {"Correct": 0.9881695839563726, "Incorrect": 0.011830416043627407}}