{"Uniform": [{"Correct": 0.6672, "Incorrect": 0.3328}], "Trajector": {"Correct": 0.9521505849239159, "Incorrect": 0.04784941507608409}}