{"Uniform": [{"Correct": 0.7732, "Incorrect": 0.2268}], "Trajector": {"Correct": 0.9671475063769901, "Incorrect": 0.03285249362300994}}