{"Uniform": [{"Correct": 0.7106, "Incorrect": 0.2894}], "Trajector": {"Correct": 0.9665757762336177, "Incorrect": 0.033424223766382266}}