{"Uniform": [{"Correct": 0.9224, "Incorrect": 0.0776}], "Trajector": {"Correct": 0.9842114521945642, "Incorrect": 0.015788547805435833}}