{"Uniform": [{"Correct": 0.8183, "Incorrect": 0.1817}], "Trajector": {"Correct": 0.9851350162723195, "Incorrect": 0.014864983727680536}}