{"Uniform": [{"Correct": 0.7712, "Incorrect": 0.2288}], "Trajector": {"Correct": 0.9829800334242238, "Incorrect": 0.017019966575776233}}