{"Uniform": [{"Correct": 0.8232, "Incorrect": 0.1768}], "Trajector": {"Correct": 0.971633389040373, "Incorrect": 0.028366610959627055}}