{"Uniform": [{"Correct": 0.9324, "Incorrect": 0.0676}], "Trajector": {"Correct": 0.9822763655554578, "Incorrect": 0.017723634444542176}}