{"Uniform": [{"Correct": 0.6904, "Incorrect": 0.3096}], "Trajector": {"Correct": 0.9778784413756707, "Incorrect": 0.022121558624329317}}