{"Uniform": [{"Correct": 0.9188, "Incorrect": 0.0812}], "Trajector": {"Correct": 0.9825842202480429, "Incorrect": 0.017415779751957076}}