{"Uniform": [{"Correct": 0.835, "Incorrect": 0.165}], "Trajector": {"Correct": 0.9834198258422024, "Incorrect": 0.01658017415779752}}