{"Uniform": [{"Correct": 0.7984, "Incorrect": 0.2016}], "Trajector": {"Correct": 0.9837716597765854, "Incorrect": 0.016228340223414548}}