{"Uniform": [{"Correct": 0.8101, "Incorrect": 0.1899}], "Trajector": {"Correct": 0.9769548772979154, "Incorrect": 0.023045122702084617}}