{"Uniform": [{"Correct": 0.9362, "Incorrect": 0.0638}], "Trajector": {"Correct": 0.9891371272759257, "Incorrect": 0.010862872724074237}}