{"Uniform": [{"Correct": 0.7172, "Incorrect": 0.2828}], "Trajector": {"Correct": 0.9690386137742986, "Incorrect": 0.03096138622570147}}