{"Uniform": [{"Correct": 0.9186, "Incorrect": 0.0814}], "Trajector": {"Correct": 0.9843873691617556, "Incorrect": 0.015612630838244348}}