{"Uniform": [{"Correct": 0.695, "Incorrect": 0.305}], "Trajector": {"Correct": 0.9810889260269153, "Incorrect": 0.018911073973084704}}