{"Uniform": [{"Correct": 0.9299, "Incorrect": 0.0701}], "Trajector": {"Correct": 0.9799454657401706, "Incorrect": 0.020054534259829362}}