{"Uniform": [{"Correct": 0.9264, "Incorrect": 0.0736}], "Trajector": {"Correct": 0.9862784765590641, "Incorrect": 0.013721523440935877}}