{"Uniform": [{"Correct": 0.759, "Incorrect": 0.241}], "Trajector": {"Correct": 0.9727328700853197, "Incorrect": 0.02726712991468027}}