{"Uniform": [{"Correct": 0.6209, "Incorrect": 0.3791}], "Trajector": {"Correct": 0.9566364675872988, "Incorrect": 0.0433635324127012}}