{"Uniform": [{"Correct": 0.8363, "Incorrect": 0.1637}], "Trajector": {"Correct": 0.9867182689770428, "Incorrect": 0.013281731022957164}}