{"Uniform": [{"Correct": 0.9148, "Incorrect": 0.0852}], "Trajector": {"Correct": 0.9848271615797344, "Incorrect": 0.015172838420265634}}