{"Uniform": [{"Correct": 0.8767, "Incorrect": 0.1233}], "Trajector": {"Correct": 0.9847392030961386, "Incorrect": 0.015260796903861378}}