{"Uniform": [{"Correct": 0.8269, "Incorrect": 0.1731}], "Trajector": {"Correct": 0.9820124901046706, "Incorrect": 0.017987509895329403}}