{"Uniform": [{"Correct": 0.8381, "Incorrect": 0.1619}], "Trajector": {"Correct": 0.9654323159468731, "Incorrect": 0.03456768405312692}}