{"Uniform": [{"Correct": 0.7298, "Incorrect": 0.2702}], "Trajector": {"Correct": 0.9790658809042132, "Incorrect": 0.02093411909578679}}