{"Uniform": [{"Correct": 0.8222, "Incorrect": 0.1778}], "Trajector": {"Correct": 0.9868062274606386, "Incorrect": 0.013193772539361421}}