{"Uniform": [{"Correct": 0.8495, "Incorrect": 0.1505}], "Trajector": {"Correct": 0.987685812296596, "Incorrect": 0.012314187703403994}}