{"Uniform": [{"Correct": 0.2438, "Incorrect": 0.7562}], "Trajector": {"Correct": 0.42069204418613604, "Incorrect": 0.579307955813864}}