{"Uniform": [{"Correct": 0.5089, "Incorrect": 0.4911}], "Trajector": {"Correct": 0.5559832185058312, "Incorrect": 0.4440167814941688}}