{"Uniform": [{"Correct": 0.4257, "Incorrect": 0.5743}], "Trajector": {"Correct": 0.26962010700127015, "Incorrect": 0.7303798929987299}}