{"Uniform": [{"Correct": 0.4338, "Incorrect": 0.5662}], "Trajector": {"Correct": 0.49259073938647474, "Incorrect": 0.5074092606135253}}