{"Uniform": [{"Correct": 0.2385, "Incorrect": 0.7615}], "Trajector": {"Correct": 0.4649551595396636, "Incorrect": 0.5350448404603364}}