{"Uniform": [{"Correct": 0.3116, "Incorrect": 0.6884}], "Trajector": {"Correct": 0.5308494669181325, "Incorrect": 0.4691505330818675}}