{"Uniform": [{"Correct": 0.34, "Incorrect": 0.66}], "Trajector": {"Correct": 0.504099149378392, "Incorrect": 0.4959008506216081}}