{"Uniform": [{"Correct": 0.2782, "Incorrect": 0.7218}], "Trajector": {"Correct": 0.5311573842423309, "Incorrect": 0.46884261575766906}}