{"Uniform": [{"Correct": 0.2849, "Incorrect": 0.7151}], "Trajector": {"Correct": 0.36946229937261843, "Incorrect": 0.6305377006273816}}