{"Uniform": [{"Correct": 0.6753, "Incorrect": 0.3247}], "Trajector": {"Correct": 0.4904353181170856, "Incorrect": 0.5095646818829145}}