{"Uniform": [{"Correct": 0.3114, "Incorrect": 0.6886}], "Trajector": {"Correct": 0.3631499942265502, "Incorrect": 0.6368500057734499}}