{"Uniform": [{"Correct": 0.3502, "Incorrect": 0.6498}], "Trajector": {"Correct": 0.43374004079904543, "Incorrect": 0.5662599592009545}}