{"Uniform": [{"Correct": 0.4418, "Incorrect": 0.5582}], "Trajector": {"Correct": 0.32342865940494975, "Incorrect": 0.6765713405950502}}