{"Uniform": [{"Correct": 0.33, "Incorrect": 0.67}], "Trajector": {"Correct": 0.3565297717562834, "Incorrect": 0.6434702282437166}}