{"Uniform": [{"Correct": 0.4238, "Incorrect": 0.5762}], "Trajector": {"Correct": 0.33093414418228706, "Incorrect": 0.6690658558177129}}