{"Uniform": [{"Correct": 0.3539, "Incorrect": 0.6461}], "Trajector": {"Correct": 0.33135753050305994, "Incorrect": 0.6686424694969401}}