{"Uniform": [{"Correct": 0.4674, "Incorrect": 0.5326}], "Trajector": {"Correct": 0.5362765097571303, "Incorrect": 0.4637234902428698}}