{"Uniform": [{"Correct": 0.302, "Incorrect": 0.698}], "Trajector": {"Correct": 0.48292983333974826, "Incorrect": 0.5170701666602517}}