{"Uniform": [{"Correct": 0.5231, "Incorrect": 0.4769}], "Trajector": {"Correct": 0.4842769716331165, "Incorrect": 0.5157230283668834}}