{"Uniform": [{"Correct": 0.2365, "Incorrect": 0.7635}], "Trajector": {"Correct": 0.626265347754128, "Incorrect": 0.373734652245872}}