{"Uniform": [{"Correct": 0.2646, "Incorrect": 0.7354}], "Trajector": {"Correct": 0.4242330934144182, "Incorrect": 0.5757669065855817}}