{"Uniform": [{"Correct": 0.2801, "Incorrect": 0.7199}], "Trajector": {"Correct": 0.43993687694853933, "Incorrect": 0.5600631230514607}}