{"Uniform": [{"Correct": 0.2987, "Incorrect": 0.7013}], "Trajector": {"Correct": 0.42685039067010505, "Incorrect": 0.5731496093298949}}