{"Uniform": [{"Correct": 0.3269, "Incorrect": 0.6731}], "Trajector": {"Correct": 0.46060582733536043, "Incorrect": 0.5393941726646395}}