{"Uniform": [{"Correct": 0.1571, "Incorrect": 0.8429}], "Trajector": {"Correct": 0.4420922982179285, "Incorrect": 0.5579077017820715}}