{"Uniform": [{"Correct": 0.5173, "Incorrect": 0.4827}], "Trajector": {"Correct": 0.3668834917824564, "Incorrect": 0.6331165082175436}}