{"Uniform": [{"Correct": 0.3503, "Incorrect": 0.6497}], "Trajector": {"Correct": 0.43231592317462764, "Incorrect": 0.5676840768253724}}