{"Uniform": [{"Correct": 0.2678, "Incorrect": 0.7322}], "Trajector": {"Correct": 0.34255802317077866, "Incorrect": 0.6574419768292213}}