{"Uniform": [{"Correct": 0.1973, "Incorrect": 0.8027}], "Trajector": {"Correct": 0.43370155113352066, "Incorrect": 0.5662984488664794}}