{"Uniform": [{"Correct": 0.4155, "Incorrect": 0.5845}], "Trajector": {"Correct": 0.5045225356991647, "Incorrect": 0.4954774643008352}}