{"Uniform": [{"Correct": 0.3242, "Incorrect": 0.6758}], "Trajector": {"Correct": 0.5443208498518148, "Incorrect": 0.4556791501481852}}