{"Uniform": [{"Correct": 0.1627, "Incorrect": 0.8373}], "Trajector": {"Correct": 0.4078749855663754, "Incorrect": 0.5921250144336245}}