{"Uniform": [{"Correct": 0.2811, "Incorrect": 0.7189}], "Trajector": {"Correct": 0.38755244216927753, "Incorrect": 0.6124475578307225}}