{"Uniform": [{"Correct": 0.3837, "Incorrect": 0.6163}], "Trajector": {"Correct": 0.4736923136137947, "Incorrect": 0.5263076863862053}}