{"Uniform": [{"Correct": 0.3727, "Incorrect": 0.6273}], "Trajector": {"Correct": 0.40013856279588933, "Incorrect": 0.5998614372041107}}