{"Uniform": [{"Correct": 0.5248, "Incorrect": 0.4752}], "Trajector": {"Correct": 0.45925868904199224, "Incorrect": 0.5407413109580078}}