{"Uniform": [{"Correct": 0.4417, "Incorrect": 0.5583}], "Trajector": {"Correct": 0.39578923059158616, "Incorrect": 0.6042107694084139}}