{"Uniform": [{"Correct": 0.473, "Incorrect": 0.527}], "Trajector": {"Correct": 0.42569570070436086, "Incorrect": 0.5743042992956391}}