{"Uniform": [{"Correct": 0.3317, "Incorrect": 0.6683}], "Trajector": {"Correct": 0.4701897540510373, "Incorrect": 0.5298102459489628}}