{"Uniform": [{"Correct": 0.438, "Incorrect": 0.562}], "Trajector": {"Correct": 0.5266540933759286, "Incorrect": 0.47334590662407144}}