{"Uniform": [{"Correct": 0.3257, "Incorrect": 0.6743}], "Trajector": {"Correct": 0.39244062969092797, "Incorrect": 0.607559370309072}}