{"Uniform": [{"Correct": 0.4994, "Incorrect": 0.5006}], "Trajector": {"Correct": 0.3316269581617336, "Incorrect": 0.6683730418382664}}