{"Uniform": [{"Correct": 0.4468, "Incorrect": 0.5532}], "Trajector": {"Correct": 0.3725029829490782, "Incorrect": 0.6274970170509219}}