{"Uniform": [{"Correct": 0.4605, "Incorrect": 0.5395}], "Trajector": {"Correct": 0.40098533543743503, "Incorrect": 0.5990146645625649}}