{"Uniform": [{"Correct": 0.3746, "Incorrect": 0.6254}], "Trajector": {"Correct": 0.39933027981986835, "Incorrect": 0.6006697201801316}}