{"Uniform": [{"Correct": 0.3194, "Incorrect": 0.6806}], "Trajector": {"Correct": 0.34771563835110275, "Incorrect": 0.6522843616488972}}