{"Uniform": [{"Correct": 0.3828, "Incorrect": 0.6172}], "Trajector": {"Correct": 0.4747700242484893, "Incorrect": 0.5252299757515108}}