{"Uniform": [{"Correct": 0.3482, "Incorrect": 0.6518}], "Trajector": {"Correct": 0.3043377853046457, "Incorrect": 0.6956622146953543}}