{"Uniform": [{"Correct": 0.3472, "Incorrect": 0.6528}], "Trajector": {"Correct": 0.2901350987259921, "Incorrect": 0.7098649012740079}}