{"Uniform": [{"Correct": 0.2187, "Incorrect": 0.7813}], "Trajector": {"Correct": 0.4755013278934606, "Incorrect": 0.5244986721065394}}