{"Uniform": [{"Correct": 0.1777, "Incorrect": 0.8223}], "Trajector": {"Correct": 0.2727762595743043, "Incorrect": 0.7272237404256957}}