{"Uniform": [{"Correct": 0.3163, "Incorrect": 0.6837}], "Trajector": {"Correct": 0.49047380778261035, "Incorrect": 0.5095261922173896}}