{"Uniform": [{"Correct": 0.3899, "Incorrect": 0.6101}], "Trajector": {"Correct": 0.31211269774065664, "Incorrect": 0.6878873022593434}}