{"Uniform": [{"Correct": 0.3859, "Incorrect": 0.6141}], "Trajector": {"Correct": 0.32396751472229707, "Incorrect": 0.676032485277703}}