{"Uniform": [{"Correct": 0.2165, "Incorrect": 0.7835}], "Trajector": {"Correct": 0.4216542858242562, "Incorrect": 0.5783457141757438}}