{"Uniform": [{"Correct": 0.4681, "Incorrect": 0.5319}], "Trajector": {"Correct": 0.4598745236903891, "Incorrect": 0.5401254763096108}}