{"Uniform": [{"Correct": 0.3816, "Incorrect": 0.6184}], "Trajector": {"Correct": 0.4048727916554405, "Incorrect": 0.5951272083445595}}