{"Uniform": [{"Correct": 0.2705, "Incorrect": 0.7295}], "Trajector": {"Correct": 0.43016050190523847, "Incorrect": 0.5698394980947615}}