{"Uniform": [{"Correct": 0.4331, "Incorrect": 0.5669}], "Trajector": {"Correct": 0.402986798044725, "Incorrect": 0.597013201955275}}