{"Uniform": [{"Correct": 0.366, "Incorrect": 0.634}], "Trajector": {"Correct": 0.45132981794388205, "Incorrect": 0.548670182056118}}