{"Uniform": [{"Correct": 0.3987, "Incorrect": 0.6013}], "Trajector": {"Correct": 0.31973365151456834, "Incorrect": 0.6802663484854317}}