{"Uniform": [{"Correct": 0.3016, "Incorrect": 0.6984}], "Trajector": {"Correct": 0.4996728378430391, "Incorrect": 0.5003271621569608}}