{"Uniform": [{"Correct": 0.377, "Incorrect": 0.623}], "Trajector": {"Correct": 0.3778530464570263, "Incorrect": 0.6221469535429737}}