{"Uniform": [{"Correct": 0.3525, "Incorrect": 0.6475}], "Trajector": {"Correct": 0.36957776836919287, "Incorrect": 0.6304222316308071}}