{"Uniform": [{"Correct": 0.3198, "Incorrect": 0.6802}], "Trajector": {"Correct": 0.46703360147800316, "Incorrect": 0.5329663985219969}}