{"Uniform": [{"Correct": 0.5503, "Incorrect": 0.4497}], "Trajector": {"Correct": 0.34821600400292524, "Incorrect": 0.6517839959970748}}