{"Uniform": [{"Correct": 0.4367, "Incorrect": 0.5633}], "Trajector": {"Correct": 0.5214579885300796, "Incorrect": 0.4785420114699203}}