{"Uniform": [{"Correct": 0.5086, "Incorrect": 0.4914}], "Trajector": {"Correct": 0.41965282321696623, "Incorrect": 0.5803471767830337}}