{"Uniform": [{"Correct": 0.5531, "Incorrect": 0.4469}], "Trajector": {"Correct": 0.49601631961818254, "Incorrect": 0.5039836803818175}}