{"Uniform": [{"Correct": 0.4407, "Incorrect": 0.5593}], "Trajector": {"Correct": 0.42650398368038184, "Incorrect": 0.5734960163196182}}