{"Uniform": [{"Correct": 0.4552, "Incorrect": 0.5448}], "Trajector": {"Correct": 0.4638004695739194, "Incorrect": 0.5361995304260806}}