{"Uniform": [{"Correct": 0.3268, "Incorrect": 0.6732}], "Trajector": {"Correct": 0.330741695854663, "Incorrect": 0.6692583041453369}}