{"Uniform": [{"Correct": 0.3801, "Incorrect": 0.6199}], "Trajector": {"Correct": 0.5087563989068935, "Incorrect": 0.4912436010931065}}