{"Uniform": [{"Correct": 0.5342, "Incorrect": 0.4658}], "Trajector": {"Correct": 0.3710018859936107, "Incorrect": 0.6289981140063893}}