{"Uniform": [{"Correct": 0.518, "Incorrect": 0.482}], "Trajector": {"Correct": 0.4532543012201224, "Incorrect": 0.5467456987798776}}