{"Uniform": [{"Correct": 0.4212, "Incorrect": 0.5788}], "Trajector": {"Correct": 0.34960163196181826, "Incorrect": 0.6503983680381817}}