{"Uniform": [{"Correct": 0.6576, "Incorrect": 0.3424}], "Trajector": {"Correct": 0.39975366614064123, "Incorrect": 0.6002463338593588}}