{"Uniform": [{"Correct": 0.3221, "Incorrect": 0.6779}], "Trajector": {"Correct": 0.4329317578230245, "Incorrect": 0.5670682421769755}}