{"Uniform": [{"Correct": 0.3155, "Incorrect": 0.6845}], "Trajector": {"Correct": 0.3501404872791655, "Incorrect": 0.6498595127208344}}