{"Uniform": [{"Correct": 0.3234, "Incorrect": 0.6766}], "Trajector": {"Correct": 0.28582425618721374, "Incorrect": 0.7141757438127863}}