{"Uniform": [{"Correct": 0.4965, "Incorrect": 0.5035}], "Trajector": {"Correct": 0.5583695777683692, "Incorrect": 0.4416304222316308}}