{"Uniform": [{"Correct": 0.3757, "Incorrect": 0.6243}], "Trajector": {"Correct": 0.27893460605827336, "Incorrect": 0.7210653939417266}}