{"Uniform": [{"Correct": 0.3502, "Incorrect": 0.6498}], "Trajector": {"Correct": 0.2907124437088642, "Incorrect": 0.7092875562911358}}