{"Uniform": [{"Correct": 0.3154, "Incorrect": 0.6846}], "Trajector": {"Correct": 0.384473268927293, "Incorrect": 0.615526731072707}}