{"Uniform": [{"Correct": 0.4605, "Incorrect": 0.5395}], "Trajector": {"Correct": 0.425079866055964, "Incorrect": 0.5749201339440361}}