{"Uniform": [{"Correct": 0.2778, "Incorrect": 0.7222}], "Trajector": {"Correct": 0.2896347330741696, "Incorrect": 0.7103652669258305}}