{"Uniform": [{"Correct": 0.3832, "Incorrect": 0.6168}], "Trajector": {"Correct": 0.5174935529810246, "Incorrect": 0.4825064470189754}}