{"Uniform": [{"Correct": 0.3213, "Incorrect": 0.6787}], "Trajector": {"Correct": 0.3352834763865902, "Incorrect": 0.6647165236134098}}