{"Uniform": [{"Correct": 0.4472, "Incorrect": 0.5528}], "Trajector": {"Correct": 0.3584927446980486, "Incorrect": 0.6415072553019514}}