{"Uniform": [{"Correct": 0.2999, "Incorrect": 0.7001}], "Trajector": {"Correct": 0.29132827835726105, "Incorrect": 0.708671721642739}}