{"Uniform": [{"Correct": 0.1945, "Incorrect": 0.8055}], "Trajector": {"Correct": 0.4083368615526731, "Incorrect": 0.5916631384473269}}