{"Uniform": [{"Correct": 0.3111, "Incorrect": 0.6889}], "Trajector": {"Correct": 0.33913244293907086, "Incorrect": 0.6608675570609291}}