{"Uniform": [{"Correct": 0.2846, "Incorrect": 0.7154}], "Trajector": {"Correct": 0.45721873676917746, "Incorrect": 0.5427812632308225}}