{"Uniform": [{"Correct": 0.3708, "Incorrect": 0.6292}], "Trajector": {"Correct": 0.5071783226203764, "Incorrect": 0.49282167737962357}}