{"Uniform": [{"Correct": 0.3724, "Incorrect": 0.6276}], "Trajector": {"Correct": 0.3896308841076171, "Incorrect": 0.6103691158923829}}