{"Uniform": [{"Correct": 0.2232, "Incorrect": 0.7768}], "Trajector": {"Correct": 0.34248104383972905, "Incorrect": 0.657518956160271}}