{"Uniform": [{"Correct": 0.2601, "Incorrect": 0.7399}], "Trajector": {"Correct": 0.5428582425618721, "Incorrect": 0.45714175743812785}}