{"Uniform": [{"Correct": 0.203, "Incorrect": 0.797}], "Trajector": {"Correct": 0.4828143643431739, "Incorrect": 0.5171856356568262}}