{"Uniform": [{"Correct": 0.3259, "Incorrect": 0.6741}], "Trajector": {"Correct": 0.3263923636503599, "Incorrect": 0.6736076363496402}}