{"Uniform": [{"Correct": 0.4059, "Incorrect": 0.5941}], "Trajector": {"Correct": 0.2818598206381587, "Incorrect": 0.7181401793618414}}