{"Uniform": [{"Correct": 0.3594, "Incorrect": 0.6406}], "Trajector": {"Correct": 0.33832415996304993, "Incorrect": 0.6616758400369501}}