{"Uniform": [{"Correct": 0.3562, "Incorrect": 0.6438}], "Trajector": {"Correct": 0.3114198837612101, "Incorrect": 0.6885801162387899}}