{"Uniform": [{"Correct": 0.3617, "Incorrect": 0.6383}], "Trajector": {"Correct": 0.3394788499287941, "Incorrect": 0.6605211500712059}}