{"Uniform": [{"Correct": 0.3541, "Incorrect": 0.6459}], "Trajector": {"Correct": 0.2612293599168623, "Incorrect": 0.7387706400831376}}