{"Uniform": [{"Correct": 0.3427, "Incorrect": 0.6573}], "Trajector": {"Correct": 0.3534121088487741, "Incorrect": 0.646587891151226}}