{"Uniform": [{"Correct": 0.4571, "Incorrect": 0.5429}], "Trajector": {"Correct": 0.33897848427697164, "Incorrect": 0.6610215157230284}}