{"Uniform": [{"Correct": 0.4349, "Incorrect": 0.5651}], "Trajector": {"Correct": 0.30530002694276587, "Incorrect": 0.6946999730572342}}