{"Uniform": [{"Correct": 0.3536, "Incorrect": 0.6464}], "Trajector": {"Correct": 0.29590854855471305, "Incorrect": 0.704091451445287}}