{"Uniform": [{"Correct": 0.4556, "Incorrect": 0.5444}], "Trajector": {"Correct": 0.3296639852199684, "Incorrect": 0.6703360147800316}}