{"Uniform": [{"Correct": 0.3585, "Incorrect": 0.6415}], "Trajector": {"Correct": 0.31457603633424425, "Incorrect": 0.6854239636657558}}