{"Uniform": [{"Correct": 0.3595, "Incorrect": 0.6405}], "Trajector": {"Correct": 0.34024864323929027, "Incorrect": 0.6597513567607097}}