{"Uniform": [{"Correct": 0.359, "Incorrect": 0.641}], "Trajector": {"Correct": 0.34779261768215236, "Incorrect": 0.6522073823178477}}