{"Uniform": [{"Correct": 0.3521, "Incorrect": 0.6479}], "Trajector": {"Correct": 0.30210538470420695, "Incorrect": 0.6978946152957931}}