{"Uniform": [{"Correct": 0.3605, "Incorrect": 0.6395}], "Trajector": {"Correct": 0.34994803895154153, "Incorrect": 0.6500519610484585}}