{"Uniform": [{"Correct": 0.3185, "Incorrect": 0.6815}], "Trajector": {"Correct": 0.26781109272160425, "Incorrect": 0.7321889072783957}}