{"Uniform": [{"Correct": 0.3573, "Incorrect": 0.6427}], "Trajector": {"Correct": 0.3210807898079366, "Incorrect": 0.6789192101920635}}