{"Uniform": [{"Correct": 0.3554, "Incorrect": 0.6446}], "Trajector": {"Correct": 0.29221354066433164, "Incorrect": 0.7077864593356684}}