{"Uniform": [{"Correct": 0.523, "Incorrect": 0.477}], "Trajector": {"Correct": 0.3883607251452985, "Incorrect": 0.6116392748547015}}