{"Uniform": [{"Correct": 0.261, "Incorrect": 0.739}], "Trajector": {"Correct": 0.2824371656210308, "Incorrect": 0.7175628343789693}}