{"Uniform": [{"Correct": 0.3532, "Incorrect": 0.6468}], "Trajector": {"Correct": 0.26034409760979177, "Incorrect": 0.7396559023902082}}