{"Uniform": [{"Correct": 0.3531, "Incorrect": 0.6469}], "Trajector": {"Correct": 0.2563026827296871, "Incorrect": 0.743697317270313}}