{"Uniform": [{"Correct": 0.3558, "Incorrect": 0.6442}], "Trajector": {"Correct": 0.31634656094838537, "Incorrect": 0.6836534390516147}}