{"Uniform": [{"Correct": 0.3597, "Incorrect": 0.6403}], "Trajector": {"Correct": 0.344482506447019, "Incorrect": 0.6555174935529811}}