{"Uniform": [{"Correct": 0.243, "Incorrect": 0.757}], "Trajector": {"Correct": 0.3124591047303799, "Incorrect": 0.6875408952696201}}