{"Uniform": [{"Correct": 0.2599, "Incorrect": 0.7401}], "Trajector": {"Correct": 0.2261652746237635, "Incorrect": 0.7738347253762364}}