{"Uniform": [{"Correct": 0.2605, "Incorrect": 0.7395}], "Trajector": {"Correct": 0.27716408144413224, "Incorrect": 0.7228359185558677}}