{"Uniform": [{"Correct": 0.3539, "Incorrect": 0.6461}], "Trajector": {"Correct": 0.32454485970516916, "Incorrect": 0.6754551402948309}}