{"Uniform": [{"Correct": 0.341, "Incorrect": 0.659}], "Trajector": {"Correct": 0.3539509641661214, "Incorrect": 0.6460490358338786}}