{"Uniform": [{"Correct": 0.3569, "Incorrect": 0.6431}], "Trajector": {"Correct": 0.3109964974404372, "Incorrect": 0.6890035025595628}}