{"Uniform": [{"Correct": 0.3595, "Incorrect": 0.6405}], "Trajector": {"Correct": 0.33128055117201033, "Incorrect": 0.6687194488279897}}