{"Uniform": [{"Correct": 0.3542, "Incorrect": 0.6458}], "Trajector": {"Correct": 0.28363034525229974, "Incorrect": 0.7163696547477002}}