{"Uniform": [{"Correct": 0.4553, "Incorrect": 0.5447}], "Trajector": {"Correct": 0.33258919979985374, "Incorrect": 0.6674108002001463}}