{"Uniform": [{"Correct": 0.3577, "Incorrect": 0.6423}], "Trajector": {"Correct": 0.3187714098764482, "Incorrect": 0.6812285901235519}}