{"Uniform": [{"Correct": 0.3342, "Incorrect": 0.6658}], "Trajector": {"Correct": 0.23721180862938301, "Incorrect": 0.762788191370617}}