{"Uniform": [{"Correct": 0.4562, "Incorrect": 0.5438}], "Trajector": {"Correct": 0.3421346368500058, "Incorrect": 0.6578653631499942}}