{"Uniform": [{"Correct": 0.5131, "Incorrect": 0.4869}], "Trajector": {"Correct": 0.30333705400100075, "Incorrect": 0.6966629459989993}}