{"Uniform": [{"Correct": 0.3405, "Incorrect": 0.6595}], "Trajector": {"Correct": 0.35475924714214235, "Incorrect": 0.6452407528578576}}