{"Uniform": [{"Correct": 0.342, "Incorrect": 0.658}], "Trajector": {"Correct": 0.3515646049035834, "Incorrect": 0.6484353950964166}}