{"Uniform": [{"Correct": 0.4575, "Incorrect": 0.5425}], "Trajector": {"Correct": 0.3131904083753512, "Incorrect": 0.6868095916246488}}