{"Uniform": [{"Correct": 0.4563, "Incorrect": 0.5437}], "Trajector": {"Correct": 0.30907201416419694, "Incorrect": 0.6909279858358031}}