{"Uniform": [{"Correct": 0.3533, "Incorrect": 0.6467}], "Trajector": {"Correct": 0.29721719718255646, "Incorrect": 0.7027828028174435}}