{"Uniform": [{"Correct": 0.3376, "Incorrect": 0.6624}], "Trajector": {"Correct": 0.29163619568145954, "Incorrect": 0.7083638043185405}}