{"Uniform": [{"Correct": 0.3571, "Incorrect": 0.6429}], "Trajector": {"Correct": 0.3322812824756553, "Incorrect": 0.6677187175243448}}