{"Uniform": [{"Correct": 0.3633, "Incorrect": 0.6367}], "Trajector": {"Correct": 0.3338593587621724, "Incorrect": 0.6661406412378277}}