{"Uniform": [{"Correct": 0.3541, "Incorrect": 0.6459}], "Trajector": {"Correct": 0.2866710288287595, "Incorrect": 0.7133289711712405}}