{"Uniform": [{"Correct": 0.3557, "Incorrect": 0.6443}], "Trajector": {"Correct": 0.2972556868480813, "Incorrect": 0.7027443131519188}}