{"Uniform": [{"Correct": 0.2712, "Incorrect": 0.7288}], "Trajector": {"Correct": 0.26380816750702435, "Incorrect": 0.7361918324929756}}