{"Uniform": [{"Correct": 0.3544, "Incorrect": 0.6456}], "Trajector": {"Correct": 0.33478311073476774, "Incorrect": 0.6652168892652323}}