{"Uniform": [{"Correct": 0.3541, "Incorrect": 0.6459}], "Trajector": {"Correct": 0.33970978792194295, "Incorrect": 0.660290212078057}}