{"Uniform": [{"Correct": 0.3579, "Incorrect": 0.6421}], "Trajector": {"Correct": 0.3148839536584427, "Incorrect": 0.6851160463415573}}