{"Uniform": [{"Correct": 0.3546, "Incorrect": 0.6454}], "Trajector": {"Correct": 0.31619260228628615, "Incorrect": 0.6838073977137139}}