{"Uniform": [{"Correct": 0.3601, "Incorrect": 0.6399}], "Trajector": {"Correct": 0.34174974019475773, "Incorrect": 0.6582502598052423}}