{"Uniform": [{"Correct": 0.3604, "Incorrect": 0.6396}], "Trajector": {"Correct": 0.3382086909664755, "Incorrect": 0.6617913090335245}}