{"Uniform": [{"Correct": 0.3528, "Incorrect": 0.6472}], "Trajector": {"Correct": 0.29075093337438895, "Incorrect": 0.709249066625611}}