{"Uniform": [{"Correct": 0.8058, "Incorrect": 0.1942}], "Trajector": {"Correct": 0.9231242853373208, "Incorrect": 0.07687571466267921}}