{"Uniform": [{"Correct": 0.9392, "Incorrect": 0.0608}], "Trajector": {"Correct": 0.9831559503914152, "Incorrect": 0.01684404960858475}}