{"Uniform": [{"Correct": 0.743, "Incorrect": 0.257}], "Trajector": {"Correct": 0.9583956372592136, "Incorrect": 0.04160436274078635}}