{"Uniform": [{"Correct": 0.9334, "Incorrect": 0.0666}], "Trajector": {"Correct": 0.9762512094291494, "Incorrect": 0.02374879057085056}}