{"Uniform": [{"Correct": 0.9145, "Incorrect": 0.0855}], "Trajector": {"Correct": 0.9799014864983727, "Incorrect": 0.02009851350162723}}