{"Uniform": [{"Correct": 0.9256, "Incorrect": 0.0744}], "Trajector": {"Correct": 0.9515348755387457, "Incorrect": 0.04846512446125429}}