{"Uniform": [{"Correct": 0.8079, "Incorrect": 0.1921}], "Trajector": {"Correct": 0.8797607529246195, "Incorrect": 0.12023924707538042}}