{"Uniform": [{"Correct": 0.9196, "Incorrect": 0.0804}], "Trajector": {"Correct": 0.9274782302753101, "Incorrect": 0.07252176972468995}}