{"Uniform": [{"Correct": 0.9265, "Incorrect": 0.0735}], "Trajector": {"Correct": 0.9690386137742986, "Incorrect": 0.03096138622570147}}