{"Uniform": [{"Correct": 0.9273, "Incorrect": 0.0727}], "Trajector": {"Correct": 0.9770428357815111, "Incorrect": 0.022957164218488875}}