{"Uniform": [{"Correct": 0.7884, "Incorrect": 0.2116}], "Trajector": {"Correct": 0.9841234937109684, "Incorrect": 0.01587650628903158}}