{"Uniform": [{"Correct": 0.9208, "Incorrect": 0.0792}], "Trajector": {"Correct": 0.8419825842202481, "Incorrect": 0.15801741577975195}}