{"Uniform": [{"Correct": 0.4713, "Incorrect": 0.5287}], "Trajector": {"Correct": 0.4258881490319849, "Incorrect": 0.5741118509680151}}