{"Uniform": [{"Correct": 0.5374, "Incorrect": 0.4626}], "Trajector": {"Correct": 0.5119510411454524, "Incorrect": 0.4880489588545476}}