{"Uniform": [{"Correct": 0.4032, "Incorrect": 0.5968}], "Trajector": {"Correct": 0.41511104268503907, "Incorrect": 0.5848889573149609}}