{"Uniform": [{"Correct": 0.2765, "Incorrect": 0.7235}], "Trajector": {"Correct": 0.3671914091066549, "Incorrect": 0.6328085908933452}}