{"Uniform": [{"Correct": 0.4447, "Incorrect": 0.5553}], "Trajector": {"Correct": 0.407567068242177, "Incorrect": 0.5924329317578231}}