{"Uniform": [{"Correct": 0.2129, "Incorrect": 0.7871}], "Trajector": {"Correct": 0.31630807128286054, "Incorrect": 0.6836919287171395}}