{"Uniform": [{"Correct": 0.4282, "Incorrect": 0.5718}], "Trajector": {"Correct": 0.4537546668719449, "Incorrect": 0.5462453331280551}}