{"Uniform": [{"Correct": 0.2828, "Incorrect": 0.7172}], "Trajector": {"Correct": 0.44486355413571455, "Incorrect": 0.5551364458642855}}