{"Uniform": [{"Correct": 0.3277, "Incorrect": 0.6723}], "Trajector": {"Correct": 0.4100688965012894, "Incorrect": 0.5899311034987106}}