{"Uniform": [{"Correct": 0.253, "Incorrect": 0.747}], "Trajector": {"Correct": 0.5260767483930565, "Incorrect": 0.47392325160694354}}