{"Uniform": [{"Correct": 0.382, "Incorrect": 0.618}], "Trajector": {"Correct": 0.3430198991570763, "Incorrect": 0.6569801008429237}}