{"Uniform": [{"Correct": 0.4406, "Incorrect": 0.5594}], "Trajector": {"Correct": 0.30376044032177363, "Incorrect": 0.6962395596782264}}