{"Uniform": [{"Correct": 0.9101, "Incorrect": 0.0899}], "Trajector": {"Correct": 0.9663119007828305, "Incorrect": 0.0336880992171695}}