{"Uniform": [{"Correct": 0.911, "Incorrect": 0.089}], "Trajector": {"Correct": 0.9130530389656082, "Incorrect": 0.08694696103439177}}