{"Uniform": [{"Correct": 0.9128, "Incorrect": 0.0872}], "Trajector": {"Correct": 0.8163866654938868, "Incorrect": 0.1836133345061131}}