{"Uniform": [{"Correct": 0.9111, "Incorrect": 0.0889}], "Trajector": {"Correct": 0.9686867798399156, "Incorrect": 0.03131322016008444}}