{"Uniform": [{"Correct": 0.9176, "Incorrect": 0.0824}], "Trajector": {"Correct": 0.8764623097897792, "Incorrect": 0.12353769021022078}}