{"Uniform": [{"Correct": 0.9155, "Incorrect": 0.0845}], "Trajector": {"Correct": 0.8911513765502683, "Incorrect": 0.10884862344973173}}