{"Uniform": [{"Correct": 0.9111, "Incorrect": 0.0889}], "Trajector": {"Correct": 0.9690825930160964, "Incorrect": 0.0309174069839036}}