{"Uniform": [{"Correct": 0.911, "Incorrect": 0.089}], "Trajector": {"Correct": 0.9674993403113731, "Incorrect": 0.03250065968862697}}