{"Uniform": [{"Correct": 0.9122, "Incorrect": 0.0878}], "Trajector": {"Correct": 0.8672706482540241, "Incorrect": 0.1327293517459759}}