{"Uniform": [{"Correct": 0.913, "Incorrect": 0.087}], "Trajector": {"Correct": 0.8429501275398013, "Incorrect": 0.15704987246019878}}