{"Uniform": [{"Correct": 0.9125, "Incorrect": 0.0875}], "Trajector": {"Correct": 0.8350778432579822, "Incorrect": 0.16492215674201777}}