{"Uniform": [{"Correct": 0.9104, "Incorrect": 0.0896}], "Trajector": {"Correct": 0.9031577095610872, "Incorrect": 0.09684229043891283}}