{"Uniform": [{"Correct": 0.9142, "Incorrect": 0.0858}], "Trajector": {"Correct": 0.9516228340223415, "Incorrect": 0.048377165977658544}}