{"Uniform": [{"Correct": 0.9134, "Incorrect": 0.0866}], "Trajector": {"Correct": 0.9704459495118304, "Incorrect": 0.029554050488169583}}