{"Uniform": [{"Correct": 0.9152, "Incorrect": 0.0848}], "Trajector": {"Correct": 0.9539097545958307, "Incorrect": 0.046090245404169235}}