{"Uniform": [{"Correct": 0.9105, "Incorrect": 0.0895}], "Trajector": {"Correct": 0.9645087518691178, "Incorrect": 0.035491248130882225}}