{"Uniform": [{"Correct": 0.9108, "Incorrect": 0.0892}], "Trajector": {"Correct": 0.8087782566628551, "Incorrect": 0.19122174333714487}}