{"Uniform": [{"Correct": 0.911, "Incorrect": 0.089}], "Trajector": {"Correct": 0.8705251121470666, "Incorrect": 0.12947488785293343}}