{"Uniform": [{"Correct": 0.912, "Incorrect": 0.088}], "Trajector": {"Correct": 0.7877561790834726, "Incorrect": 0.2122438209165274}}