{"Uniform": [{"Correct": 0.9141, "Incorrect": 0.0859}], "Trajector": {"Correct": 0.9684668836309263, "Incorrect": 0.0315331163690738}}