{"Uniform": [{"Correct": 0.9113, "Incorrect": 0.0887}], "Trajector": {"Correct": 0.9717653267657665, "Incorrect": 0.028234673234233443}}