{"Uniform": [{"Correct": 0.9136, "Incorrect": 0.0864}], "Trajector": {"Correct": 0.8948016536194916, "Incorrect": 0.1051983463805084}}