{"Uniform": [{"Correct": 0.7828, "Incorrect": 0.2172}], "Trajector": {"Correct": 0.988741314099745, "Incorrect": 0.01125868590025508}}