{"Uniform": [{"Correct": 0.9254, "Incorrect": 0.0746}], "Trajector": {"Correct": 0.9799894449819685, "Incorrect": 0.02001055501803149}}