{"Uniform": [{"Correct": 0.7646, "Incorrect": 0.2354}], "Trajector": {"Correct": 0.9786700677280323, "Incorrect": 0.021329932271967632}}