{"Uniform": [{"Correct": 0.9299, "Incorrect": 0.0701}], "Trajector": {"Correct": 0.9849590993051279, "Incorrect": 0.01504090069487202}}