{"Uniform": [{"Correct": 0.8167, "Incorrect": 0.1833}], "Trajector": {"Correct": 0.9889172310669364, "Incorrect": 0.011082768933063593}}