{"Uniform": [{"Correct": 0.822, "Incorrect": 0.178}], "Trajector": {"Correct": 0.9768229395725218, "Incorrect": 0.02317706042747823}}