{"Uniform": [{"Correct": 0.7974, "Incorrect": 0.2026}], "Trajector": {"Correct": 0.9854868502067025, "Incorrect": 0.014513149793297564}}