{"Uniform": [{"Correct": 0.6282, "Incorrect": 0.3718}], "Trajector": {"Correct": 0.9671475063769901, "Incorrect": 0.03285249362300994}}