{"Uniform": [{"Correct": 0.9374, "Incorrect": 0.0626}], "Trajector": {"Correct": 0.9923036326853725, "Incorrect": 0.007696367314627496}}