{"Uniform": [{"Correct": 0.7657, "Incorrect": 0.2343}], "Trajector": {"Correct": 0.9625736652300114, "Incorrect": 0.037426334769988565}}