{"Uniform": [{"Correct": 0.7848, "Incorrect": 0.2152}], "Trajector": {"Correct": 0.9824962617644472, "Incorrect": 0.017503738235552818}}