{"Uniform": [{"Correct": 0.8127, "Incorrect": 0.1873}], "Trajector": {"Correct": 0.9842554314363621, "Incorrect": 0.015744568563637963}}