{"Uniform": [{"Correct": 0.9289, "Incorrect": 0.0711}], "Trajector": {"Correct": 0.9841674729527663, "Incorrect": 0.015832527047233706}}