{"Uniform": [{"Correct": 0.6742, "Incorrect": 0.3258}], "Trajector": {"Correct": 0.9715454305567772, "Incorrect": 0.028454569443222798}}