{"Uniform": [{"Correct": 0.8087, "Incorrect": 0.1913}], "Trajector": {"Correct": 0.9861025595918727, "Incorrect": 0.013897440408127364}}