{"Uniform": [{"Correct": 0.9151, "Incorrect": 0.0849}], "Trajector": {"Correct": 0.7713519218928666, "Incorrect": 0.22864807810713345}}