{"Uniform": [{"Correct": 0.9352, "Incorrect": 0.0648}], "Trajector": {"Correct": 0.9653003782214795, "Incorrect": 0.03469962177852054}}