{"Uniform": [{"Correct": 0.8276, "Incorrect": 0.1724}], "Trajector": {"Correct": 0.9550092356407776, "Incorrect": 0.044990764359222446}}