{"Uniform": [{"Correct": 0.9322, "Incorrect": 0.0678}], "Trajector": {"Correct": 0.9889612103087343, "Incorrect": 0.011038789691265722}}