{"Uniform": [{"Correct": 0.7873, "Incorrect": 0.2127}], "Trajector": {"Correct": 0.9663558800246284, "Incorrect": 0.033644119975371624}}