{"Uniform": [{"Correct": 0.9274, "Incorrect": 0.0726}], "Trajector": {"Correct": 0.9847831823379365, "Incorrect": 0.015216817662063505}}