{"Uniform": [{"Correct": 0.9358, "Incorrect": 0.0642}], "Trajector": {"Correct": 0.983595742809394, "Incorrect": 0.016404257190606033}}