{"Uniform": [{"Correct": 0.914, "Incorrect": 0.086}], "Trajector": {"Correct": 0.9650804820124901, "Incorrect": 0.0349195179875099}}