{"Uniform": [{"Correct": 0.8555, "Incorrect": 0.1445}], "Trajector": {"Correct": 0.9872020406368194, "Incorrect": 0.012797959363180579}}