{"Uniform": [{"Correct": 0.7964, "Incorrect": 0.2036}], "Trajector": {"Correct": 0.8710088838068432, "Incorrect": 0.12899111619315684}}