{"Uniform": [{"Correct": 0.9383, "Incorrect": 0.0617}], "Trajector": {"Correct": 0.9903245668044683, "Incorrect": 0.00967543319553171}}