{"Uniform": [{"Correct": 0.9257, "Incorrect": 0.0743}], "Trajector": {"Correct": 0.923388160788108, "Incorrect": 0.07661183921189199}}