{"Uniform": [{"Correct": 0.8331, "Incorrect": 0.1669}], "Trajector": {"Correct": 0.9840355352273726, "Incorrect": 0.01596446477262732}}