{"Uniform": [{"Correct": 0.9082, "Incorrect": 0.0918}], "Trajector": {"Correct": 0.97809833758466, "Incorrect": 0.02190166241533996}}