{"Uniform": [{"Correct": 0.917, "Incorrect": 0.083}], "Trajector": {"Correct": 0.9824522825226493, "Incorrect": 0.01754771747735069}}