{"Uniform": [{"Correct": 0.9177, "Incorrect": 0.0823}], "Trajector": {"Correct": 0.9857507256574897, "Incorrect": 0.014249274342510335}}