{"Uniform": [{"Correct": 0.8034, "Incorrect": 0.1966}], "Trajector": {"Correct": 0.9715894097985751, "Incorrect": 0.02841059020142493}}