{"Uniform": [{"Correct": 0.9287, "Incorrect": 0.0713}], "Trajector": {"Correct": 0.9824962617644472, "Incorrect": 0.017503738235552818}}