{"Uniform": [{"Correct": 0.9273, "Incorrect": 0.0727}], "Trajector": {"Correct": 0.9738323511302666, "Incorrect": 0.026167648869733485}}