{"Uniform": [{"Correct": 0.8134, "Incorrect": 0.1866}], "Trajector": {"Correct": 0.9815726976866919, "Incorrect": 0.01842730231330812}}