{"Uniform": [{"Correct": 0.7616, "Incorrect": 0.2384}], "Trajector": {"Correct": 0.9737004134048729, "Incorrect": 0.0262995865951271}}