{"Uniform": [{"Correct": 0.9341, "Incorrect": 0.0659}], "Trajector": {"Correct": 0.9572961562142669, "Incorrect": 0.04270384378573314}}