{"Uniform": [{"Correct": 0.9233, "Incorrect": 0.0767}], "Trajector": {"Correct": 0.9729967455361069, "Incorrect": 0.027003254463893043}}