{"Uniform": [{"Correct": 0.8175, "Incorrect": 0.1825}], "Trajector": {"Correct": 0.8694256311021198, "Incorrect": 0.1305743688978802}}