{"Uniform": [{"Correct": 0.9413, "Incorrect": 0.0587}], "Trajector": {"Correct": 0.8343741753892163, "Incorrect": 0.1656258246107837}}