{"Uniform": [{"Correct": 0.8053, "Incorrect": 0.1947}], "Trajector": {"Correct": 0.8727240742369602, "Incorrect": 0.12727592576303984}}