{"Uniform": [{"Correct": 0.7939, "Incorrect": 0.2061}], "Trajector": {"Correct": 0.9523265018911073, "Incorrect": 0.047673498108892605}}