{"Uniform": [{"Correct": 0.8089, "Incorrect": 0.1911}], "Trajector": {"Correct": 0.981528718444894, "Incorrect": 0.01847128155510599}}