{"Uniform": [{"Correct": 0.762, "Incorrect": 0.238}], "Trajector": {"Correct": 0.9773506904740962, "Incorrect": 0.022649309525903775}}