{"Uniform": [{"Correct": 0.7525, "Incorrect": 0.2475}], "Trajector": {"Correct": 0.9855308294485003, "Incorrect": 0.014469170551499691}}