{"Uniform": [{"Correct": 0.9286, "Incorrect": 0.0714}], "Trajector": {"Correct": 0.9834638050840003, "Incorrect": 0.016536194915999648}}