{"Uniform": [{"Correct": 0.7934, "Incorrect": 0.2066}], "Trajector": {"Correct": 0.9854428709649046, "Incorrect": 0.014557129035095435}}