{"Uniform": [{"Correct": 0.9294, "Incorrect": 0.0706}], "Trajector": {"Correct": 0.9671475063769901, "Incorrect": 0.03285249362300994}}