{"Uniform": [{"Correct": 0.8164, "Incorrect": 0.1836}], "Trajector": {"Correct": 0.9064121734541296, "Incorrect": 0.09358782654587035}}