{"Uniform": [{"Correct": 0.8009, "Incorrect": 0.1991}], "Trajector": {"Correct": 0.9865863312516492, "Incorrect": 0.013413668748350779}}