{"Uniform": [{"Correct": 0.8354, "Incorrect": 0.1646}], "Trajector": {"Correct": 0.9869381651860322, "Incorrect": 0.013061834813967808}}