{"Uniform": [{"Correct": 0.6256, "Incorrect": 0.3744}], "Trajector": {"Correct": 0.9408039405400651, "Incorrect": 0.05919605945993491}}