{"Uniform": [{"Correct": 0.9301, "Incorrect": 0.0699}], "Trajector": {"Correct": 0.9678071950039582, "Incorrect": 0.032192804996041866}}