{"Uniform": [{"Correct": 0.7431, "Incorrect": 0.2569}], "Trajector": {"Correct": 0.9562846336529158, "Incorrect": 0.04371536634708418}}