{"Uniform": [{"Correct": 0.7525, "Incorrect": 0.2475}], "Trajector": {"Correct": 0.9699621778520539, "Incorrect": 0.030037822147946168}}