{"Uniform": [{"Correct": 0.7986, "Incorrect": 0.2014}], "Trajector": {"Correct": 0.9745799982408303, "Incorrect": 0.025420001759169673}}