{"Uniform": [{"Correct": 0.8223, "Incorrect": 0.1777}], "Trajector": {"Correct": 0.9631893746151816, "Incorrect": 0.036810625384818364}}