{"Uniform": [{"Correct": 0.8229, "Incorrect": 0.1771}], "Trajector": {"Correct": 0.941859442343214, "Incorrect": 0.058140557656785996}}