{"Uniform": [{"Correct": 0.9397, "Incorrect": 0.0603}], "Trajector": {"Correct": 0.9816166769284898, "Incorrect": 0.018383323071510246}}