{"Uniform": [{"Correct": 0.8189, "Incorrect": 0.1811}], "Trajector": {"Correct": 0.9839915559855749, "Incorrect": 0.01600844401442519}}