{"Uniform": [{"Correct": 0.6353, "Incorrect": 0.3647}], "Trajector": {"Correct": 0.9640249802093412, "Incorrect": 0.035975019790658806}}