{"Uniform": [{"Correct": 0.807, "Incorrect": 0.193}], "Trajector": {"Correct": 0.9865863312516492, "Incorrect": 0.013413668748350779}}