{"Uniform": [{"Correct": 0.8424, "Incorrect": 0.1576}], "Trajector": {"Correct": 0.9868062274606386, "Incorrect": 0.013193772539361421}}