{"Uniform": [{"Correct": 0.8309, "Incorrect": 0.1691}], "Trajector": {"Correct": 0.9863664350426599, "Incorrect": 0.013633564957340135}}