{"Uniform": [{"Correct": 0.756, "Incorrect": 0.244}], "Trajector": {"Correct": 0.9718093060075644, "Incorrect": 0.02819069399243557}}