{"Uniform": [{"Correct": 0.8202, "Incorrect": 0.1798}], "Trajector": {"Correct": 0.9851789955141174, "Incorrect": 0.014821004485882663}}