{"Uniform": [{"Correct": 0.8944, "Incorrect": 0.1056}], "Trajector": {"Correct": 0.8528014777025245, "Incorrect": 0.1471985222974756}}