{"Uniform": [{"Correct": 0.9298, "Incorrect": 0.0702}], "Trajector": {"Correct": 0.9345149089629695, "Incorrect": 0.06548509103703053}}