{"Uniform": [{"Correct": 0.7779, "Incorrect": 0.2221}], "Trajector": {"Correct": 0.9735244964376815, "Incorrect": 0.026475503562318585}}