{"Uniform": [{"Correct": 0.8152, "Incorrect": 0.1848}], "Trajector": {"Correct": 0.9812208637523089, "Incorrect": 0.018779136247691088}}