{"Uniform": [{"Correct": 0.9067, "Incorrect": 0.0933}], "Trajector": {"Correct": 0.9480605154367139, "Incorrect": 0.05193948456328613}}