{"Uniform": [{"Correct": 0.7247, "Incorrect": 0.2753}], "Trajector": {"Correct": 0.9590993051279796, "Incorrect": 0.04090069487202041}}