{"Uniform": [{"Correct": 0.8203, "Incorrect": 0.1797}], "Trajector": {"Correct": 0.9808690298179259, "Incorrect": 0.01913097018207406}}