{"Uniform": [{"Correct": 0.9218, "Incorrect": 0.0782}], "Trajector": {"Correct": 0.9853988917231067, "Incorrect": 0.014601108276893307}}