{"Uniform": [{"Correct": 0.8817, "Incorrect": 0.1183}], "Trajector": {"Correct": 0.9696543231594688, "Incorrect": 0.030345676840531268}}