{"Uniform": [{"Correct": 0.8596, "Incorrect": 0.1404}], "Trajector": {"Correct": 0.9858826633828833, "Incorrect": 0.014117336617116722}}