{"Uniform": [{"Correct": 0.8771, "Incorrect": 0.1229}], "Trajector": {"Correct": 0.9792417978714048, "Incorrect": 0.020758202128595304}}