{"Uniform": [{"Correct": 0.9312, "Incorrect": 0.0688}], "Trajector": {"Correct": 0.8711408215322368, "Incorrect": 0.1288591784677632}}