{"Uniform": [{"Correct": 0.9211, "Incorrect": 0.0789}], "Trajector": {"Correct": 0.9845193068871493, "Incorrect": 0.015480693112850734}}