{"Uniform": [{"Correct": 0.6578, "Incorrect": 0.3422}], "Trajector": {"Correct": 0.9626176444718093, "Incorrect": 0.03738235552819069}}