{"Uniform": [{"Correct": 0.6391, "Incorrect": 0.3609}], "Trajector": {"Correct": 0.9780103791010643, "Incorrect": 0.0219896208989357}}