{"Uniform": [{"Correct": 0.8239, "Incorrect": 0.1761}], "Trajector": {"Correct": 0.9713695135895857, "Incorrect": 0.028630486410414286}}