{"Uniform": [{"Correct": 0.8736, "Incorrect": 0.1264}], "Trajector": {"Correct": 0.9819685108628727, "Incorrect": 0.018031489137127276}}