{"Uniform": [{"Correct": 0.8533, "Incorrect": 0.1467}], "Trajector": {"Correct": 0.9837276805347875, "Incorrect": 0.01627231946521242}}