{"Uniform": [{"Correct": 0.9205, "Incorrect": 0.0795}], "Trajector": {"Correct": 0.9840795144691705, "Incorrect": 0.015920485530829448}}