{"Uniform": [{"Correct": 0.7932, "Incorrect": 0.2068}], "Trajector": {"Correct": 0.9561087166857244, "Incorrect": 0.043891283314275664}}