{"Uniform": [{"Correct": 0.92, "Incorrect": 0.08}], "Trajector": {"Correct": 0.8755827249538218, "Incorrect": 0.12441727504617821}}