{"Uniform": [{"Correct": 0.7862, "Incorrect": 0.2138}], "Trajector": {"Correct": 0.9718972644911602, "Incorrect": 0.028102735508839828}}