{"Uniform": [{"Correct": 0.8001, "Incorrect": 0.1999}], "Trajector": {"Correct": 0.9691705514996921, "Incorrect": 0.030829448500307853}}