{"Uniform": [{"Correct": 0.7463, "Incorrect": 0.2537}], "Trajector": {"Correct": 0.9752836661095963, "Incorrect": 0.02471633389040373}}