{"Uniform": [{"Correct": 0.6112, "Incorrect": 0.3888}], "Trajector": {"Correct": 0.9624417275046179, "Incorrect": 0.037558272495382176}}