{"Uniform": [{"Correct": 0.7881, "Incorrect": 0.2119}], "Trajector": {"Correct": 0.8864895769196939, "Incorrect": 0.1135104230803061}}