{"Uniform": [{"Correct": 0.9222, "Incorrect": 0.0778}], "Trajector": {"Correct": 0.983947576743777, "Incorrect": 0.016052423256223063}}