{"Uniform": [{"Correct": 0.638, "Incorrect": 0.362}], "Trajector": {"Correct": 0.9721611399419474, "Incorrect": 0.027838860058052597}}