{"Uniform": [{"Correct": 0.8553, "Incorrect": 0.1447}], "Trajector": {"Correct": 0.982892074940628, "Incorrect": 0.017107925059371976}}