{"Uniform": [{"Correct": 0.7937, "Incorrect": 0.2063}], "Trajector": {"Correct": 0.9821444278300642, "Incorrect": 0.01785557216993579}}