{"Uniform": [{"Correct": 0.9279, "Incorrect": 0.0721}], "Trajector": {"Correct": 0.9878617292637875, "Incorrect": 0.012138270736212507}}