{"Uniform": [{"Correct": 0.7677, "Incorrect": 0.2323}], "Trajector": {"Correct": 0.9772187527487026, "Incorrect": 0.022781247251297387}}