{"Uniform": [{"Correct": 0.918, "Incorrect": 0.082}], "Trajector": {"Correct": 0.9897968159028938, "Incorrect": 0.010203184097106166}}