{"Uniform": [{"Correct": 0.7952, "Incorrect": 0.2048}], "Trajector": {"Correct": 0.9153839387808954, "Incorrect": 0.08461606121910459}}