{"Uniform": [{"Correct": 0.9274, "Incorrect": 0.0726}], "Trajector": {"Correct": 0.9844313484035535, "Incorrect": 0.015568651596446477}}