{"Uniform": [{"Correct": 0.9288, "Incorrect": 0.0712}], "Trajector": {"Correct": 0.9766910018471282, "Incorrect": 0.023308998152871845}}