{"Uniform": [{"Correct": 0.7908, "Incorrect": 0.2092}], "Trajector": {"Correct": 0.9887852933415427, "Incorrect": 0.011214706658457209}}