{"Uniform": [{"Correct": 0.8081, "Incorrect": 0.1919}], "Trajector": {"Correct": 0.9876418330547981, "Incorrect": 0.012358166945201865}}