{"Uniform": [{"Correct": 0.7977, "Incorrect": 0.2023}], "Trajector": {"Correct": 0.9630574368897881, "Incorrect": 0.03694256311021198}}