{"Uniform": [{"Correct": 0.6697, "Incorrect": 0.3303}], "Trajector": {"Correct": 0.9779224206174686, "Incorrect": 0.022077579382531444}}