{"Uniform": [{"Correct": 0.7845, "Incorrect": 0.2155}], "Trajector": {"Correct": 0.982892074940628, "Incorrect": 0.017107925059371976}}