{"Uniform": [{"Correct": 0.7255, "Incorrect": 0.2745}], "Trajector": {"Correct": 0.9808690298179259, "Incorrect": 0.01913097018207406}}