{"Uniform": [{"Correct": 0.6942, "Incorrect": 0.3058}], "Trajector": {"Correct": 0.9502594775266074, "Incorrect": 0.04974052247339256}}