{"Uniform": [{"Correct": 0.7846, "Incorrect": 0.2154}], "Trajector": {"Correct": 0.985970621866479, "Incorrect": 0.014029378133520978}}