{"Uniform": [{"Correct": 0.8475, "Incorrect": 0.1525}], "Trajector": {"Correct": 0.9838596182601812, "Incorrect": 0.016140381739818806}}