{"Uniform": [{"Correct": 0.7821, "Incorrect": 0.2179}], "Trajector": {"Correct": 0.9706658457208198, "Incorrect": 0.029334154279180225}}