{"Uniform": [{"Correct": 0.916, "Incorrect": 0.084}], "Trajector": {"Correct": 0.9842114521945642, "Incorrect": 0.015788547805435833}}