{"Uniform": [{"Correct": 0.8221, "Incorrect": 0.1779}], "Trajector": {"Correct": 0.9780543583428621, "Incorrect": 0.021945641657137832}}