{"Uniform": [{"Correct": 0.8012, "Incorrect": 0.1988}], "Trajector": {"Correct": 0.9764711056381388, "Incorrect": 0.023528894361861202}}