{"Uniform": [{"Correct": 0.6157, "Incorrect": 0.3843}], "Trajector": {"Correct": 0.94731286832615, "Incorrect": 0.052687131673849946}}