{"Uniform": [{"Correct": 0.7897, "Incorrect": 0.2103}], "Trajector": {"Correct": 0.9776585451666814, "Incorrect": 0.022341454833318675}}