{"Uniform": [{"Correct": 0.9226, "Incorrect": 0.0774}], "Trajector": {"Correct": 0.9796376110475855, "Incorrect": 0.020362388952414462}}