{"Uniform": [{"Correct": 0.7683, "Incorrect": 0.2317}], "Trajector": {"Correct": 0.9765150848799367, "Incorrect": 0.02348491512006333}}