{"Uniform": [{"Correct": 0.764, "Incorrect": 0.236}], "Trajector": {"Correct": 0.9744920397572346, "Incorrect": 0.025507960242765415}}