{"Uniform": [{"Correct": 0.7844, "Incorrect": 0.2156}], "Trajector": {"Correct": 0.9817046354120855, "Incorrect": 0.018295364587914503}}