{"Uniform": [{"Correct": 0.9217, "Incorrect": 0.0783}], "Trajector": {"Correct": 0.9758553962529686, "Incorrect": 0.024144603747031403}}