{"Uniform": [{"Correct": 0.6795, "Incorrect": 0.3205}], "Trajector": {"Correct": 0.9713695135895857, "Incorrect": 0.028630486410414286}}