{"Uniform": [{"Correct": 0.7723, "Incorrect": 0.2277}], "Trajector": {"Correct": 0.9815726976866919, "Incorrect": 0.01842730231330812}}