{"Uniform": [{"Correct": 0.6001, "Incorrect": 0.3999}], "Trajector": {"Correct": 0.9423871932447885, "Incorrect": 0.05761280675521154}}