{"Uniform": [{"Correct": 0.634, "Incorrect": 0.366}], "Trajector": {"Correct": 0.9737443926466708, "Incorrect": 0.026255607353329227}}