{"Uniform": [{"Correct": 0.7272, "Incorrect": 0.2728}], "Trajector": {"Correct": 0.9717653267657665, "Incorrect": 0.028234673234233443}}