{"Uniform": [{"Correct": 0.9197, "Incorrect": 0.0803}], "Trajector": {"Correct": 0.9840795144691705, "Incorrect": 0.015920485530829448}}