{"Uniform": [{"Correct": 0.9149, "Incorrect": 0.0851}], "Trajector": {"Correct": 0.9829800334242238, "Incorrect": 0.017019966575776233}}