{"Uniform": [{"Correct": 0.9171, "Incorrect": 0.0829}], "Trajector": {"Correct": 0.9702260533028411, "Incorrect": 0.02977394669715894}}