{"Uniform": [{"Correct": 0.9114, "Incorrect": 0.0886}], "Trajector": {"Correct": 0.9535579206614478, "Incorrect": 0.046442079338552204}}