{"Uniform": [{"Correct": 0.9115, "Incorrect": 0.0885}], "Trajector": {"Correct": 0.9587474711935966, "Incorrect": 0.04125252880640338}}