{"Uniform": [{"Correct": 0.9113, "Incorrect": 0.0887}], "Trajector": {"Correct": 0.8482716157973437, "Incorrect": 0.15172838420265636}}