{"Uniform": [{"Correct": 0.9095, "Incorrect": 0.0905}], "Trajector": {"Correct": 0.9666637347172135, "Incorrect": 0.03333626528278653}}