{"Uniform": [{"Correct": 0.9126, "Incorrect": 0.0874}], "Trajector": {"Correct": 0.9593631805787668, "Incorrect": 0.04063681942123318}}