{"Uniform": [{"Correct": 0.9117, "Incorrect": 0.0883}], "Trajector": {"Correct": 0.9585715542264052, "Incorrect": 0.04142844577359486}}