{"Uniform": [{"Correct": 0.9118, "Incorrect": 0.0882}], "Trajector": {"Correct": 0.9562846336529158, "Incorrect": 0.04371536634708418}}