{"Uniform": [{"Correct": 0.9129, "Incorrect": 0.0871}], "Trajector": {"Correct": 0.9683349459055326, "Incorrect": 0.03166505409446741}}