{"Uniform": [{"Correct": 0.9121, "Incorrect": 0.0879}], "Trajector": {"Correct": 0.8990236608320873, "Incorrect": 0.10097633916791275}}