{"Uniform": [{"Correct": 0.9109, "Incorrect": 0.0891}], "Trajector": {"Correct": 0.913492831383587, "Incorrect": 0.08650716861641305}}