{"Uniform": [{"Correct": 0.9099, "Incorrect": 0.0901}], "Trajector": {"Correct": 0.8580350074764711, "Incorrect": 0.1419649925235289}}