{"Uniform": [{"Correct": 0.9142, "Incorrect": 0.0858}], "Trajector": {"Correct": 0.9670155686515964, "Incorrect": 0.03298443134840355}}