{"Uniform": [{"Correct": 0.9117, "Incorrect": 0.0883}], "Trajector": {"Correct": 0.8720643856099921, "Incorrect": 0.12793561439000792}}