{"Uniform": [{"Correct": 0.9131, "Incorrect": 0.0869}], "Trajector": {"Correct": 0.8654674993403114, "Incorrect": 0.13453250065968864}}