{"Uniform": [{"Correct": 0.9104, "Incorrect": 0.0896}], "Trajector": {"Correct": 0.9647286480781071, "Incorrect": 0.03527135192189287}}