{"Uniform": [{"Correct": 0.9132, "Incorrect": 0.0868}], "Trajector": {"Correct": 0.8836309262028322, "Incorrect": 0.11636907379716774}}