{"Uniform": [{"Correct": 0.91, "Incorrect": 0.09}], "Trajector": {"Correct": 0.9711496173805964, "Incorrect": 0.02885038261940364}}