{"Uniform": [{"Correct": 0.914, "Incorrect": 0.086}], "Trajector": {"Correct": 0.9536018999032456, "Incorrect": 0.04639810009675433}}