{"Uniform": [{"Correct": 0.9118, "Incorrect": 0.0882}], "Trajector": {"Correct": 0.7991468027091213, "Incorrect": 0.2008531972908787}}