{"Uniform": [{"Correct": 0.9115, "Incorrect": 0.0885}], "Trajector": {"Correct": 0.967851174245756, "Incorrect": 0.032148825754244}}