{"Uniform": [{"Correct": 0.9095, "Incorrect": 0.0905}], "Trajector": {"Correct": 0.9635851877913625, "Incorrect": 0.03641481220863752}}