{"Uniform": [{"Correct": 0.9099, "Incorrect": 0.0901}], "Trajector": {"Correct": 0.9687747383235114, "Incorrect": 0.031225261676488696}}