{"Uniform": [{"Correct": 0.908, "Incorrect": 0.092}], "Trajector": {"Correct": 0.9592312428533732, "Incorrect": 0.04076875714662679}}