{"Uniform": [{"Correct": 0.9101, "Incorrect": 0.0899}], "Trajector": {"Correct": 0.96033072389832, "Incorrect": 0.03966927610168001}}