{"Uniform": [{"Correct": 0.9114, "Incorrect": 0.0886}], "Trajector": {"Correct": 0.9624417275046179, "Incorrect": 0.037558272495382176}}