{"Uniform": [{"Correct": 0.9061, "Incorrect": 0.0939}], "Trajector": {"Correct": 0.9580438033248306, "Incorrect": 0.04195619667516932}}