{"Uniform": [{"Correct": 0.448, "Incorrect": 0.552}], "Trajector": {"Correct": 0.5605634887032832, "Incorrect": 0.43943651129671685}}