{"Uniform": [{"Correct": 0.645, "Incorrect": 0.355}], "Trajector": {"Correct": 0.5923174627612486, "Incorrect": 0.4076825372387514}}