{"Uniform": [{"Correct": 0.5176, "Incorrect": 0.4824}], "Trajector": {"Correct": 0.5227281474923983, "Incorrect": 0.47727185250760173}}