{"Uniform": [{"Correct": 0.4184, "Incorrect": 0.5816}], "Trajector": {"Correct": 0.4651091182017628, "Incorrect": 0.5348908817982372}}