{"Uniform": [{"Correct": 0.3957, "Incorrect": 0.6043}], "Trajector": {"Correct": 0.479196335783842, "Incorrect": 0.520803664216158}}