{"Uniform": [{"Correct": 0.3521, "Incorrect": 0.6479}], "Trajector": {"Correct": 0.4275047149840268, "Incorrect": 0.5724952850159732}}