{"Uniform": [{"Correct": 0.6916, "Incorrect": 0.3084}], "Trajector": {"Correct": 0.4852777029367615, "Incorrect": 0.5147222970632385}}