{"Uniform": [{"Correct": 0.4338, "Incorrect": 0.5662}], "Trajector": {"Correct": 0.4597205650282899, "Incorrect": 0.54027943497171}}