{"Uniform": [{"Correct": 0.3943, "Incorrect": 0.6057}], "Trajector": {"Correct": 0.45891228205226897, "Incorrect": 0.541087717947731}}