{"Uniform": [{"Correct": 0.2298, "Incorrect": 0.7702}], "Trajector": {"Correct": 0.5237288787960432, "Incorrect": 0.47627112120395676}}