{"Uniform": [{"Correct": 0.5682, "Incorrect": 0.4318}], "Trajector": {"Correct": 0.6065586390054271, "Incorrect": 0.39344136099457294}}