{"Uniform": [{"Correct": 0.4011, "Incorrect": 0.5989}], "Trajector": {"Correct": 0.4007543974442862, "Incorrect": 0.5992456025557138}}