{"Uniform": [{"Correct": 0.7298, "Incorrect": 0.2702}], "Trajector": {"Correct": 0.9822323863136599, "Incorrect": 0.01776761368634005}}