{"Uniform": [{"Correct": 0.8631, "Incorrect": 0.1369}], "Trajector": {"Correct": 0.9855308294485003, "Incorrect": 0.014469170551499691}}