{"Uniform": [{"Correct": 0.8951, "Incorrect": 0.1049}], "Trajector": {"Correct": 0.864895769196939, "Incorrect": 0.13510423080306094}}