{"Uniform": [{"Correct": 0.8437, "Incorrect": 0.1563}], "Trajector": {"Correct": 0.9327997185328525, "Incorrect": 0.0672002814671475}}