{"Uniform": [{"Correct": 0.8149, "Incorrect": 0.1851}], "Trajector": {"Correct": 0.9831119711496173, "Incorrect": 0.016888028850382618}}