{"Uniform": [{"Correct": 0.7021, "Incorrect": 0.2979}], "Trajector": {"Correct": 0.9636291670331604, "Incorrect": 0.03637083296683965}}