{"Uniform": [{"Correct": 0.8152, "Incorrect": 0.1848}], "Trajector": {"Correct": 0.9806051543671387, "Incorrect": 0.01939484563286129}}