{"Uniform": [{"Correct": 0.8307, "Incorrect": 0.1693}], "Trajector": {"Correct": 0.9457296156214267, "Incorrect": 0.054270384378573316}}