{"Uniform": [{"Correct": 0.8131, "Incorrect": 0.1869}], "Trajector": {"Correct": 0.9816606561702876, "Incorrect": 0.018339343829712376}}