{"Uniform": [{"Correct": 0.8331, "Incorrect": 0.1669}], "Trajector": {"Correct": 0.9819685108628727, "Incorrect": 0.018031489137127276}}