{"Uniform": [{"Correct": 0.8039, "Incorrect": 0.1961}], "Trajector": {"Correct": 0.9674113818277773, "Incorrect": 0.03258861817222271}}