{"Uniform": [{"Correct": 0.8938, "Incorrect": 0.1062}], "Trajector": {"Correct": 0.9354824522825227, "Incorrect": 0.06451754771747735}}