{"Uniform": [{"Correct": 0.8544, "Incorrect": 0.1456}], "Trajector": {"Correct": 0.9818365731374791, "Incorrect": 0.01816342686252089}}