{"Uniform": [{"Correct": 0.848, "Incorrect": 0.152}], "Trajector": {"Correct": 0.8690737971677368, "Incorrect": 0.13092620283226317}}