{"Uniform": [{"Correct": 0.9211, "Incorrect": 0.0789}], "Trajector": {"Correct": 0.9733485794704899, "Incorrect": 0.02665142052951007}}