{"Uniform": [{"Correct": 0.6582, "Incorrect": 0.3418}], "Trajector": {"Correct": 0.9718532852493623, "Incorrect": 0.028146714750637698}}