{"Uniform": [{"Correct": 0.6393, "Incorrect": 0.3607}], "Trajector": {"Correct": 0.9713255343477878, "Incorrect": 0.028674465652212155}}