{"Uniform": [{"Correct": 0.8572, "Incorrect": 0.1428}], "Trajector": {"Correct": 0.9605066408655115, "Incorrect": 0.03949335913448852}}