{"Uniform": [{"Correct": 0.7934, "Incorrect": 0.2066}], "Trajector": {"Correct": 0.9812208637523089, "Incorrect": 0.018779136247691088}}