{"Uniform": [{"Correct": 0.7888, "Incorrect": 0.2112}], "Trajector": {"Correct": 0.9816606561702876, "Incorrect": 0.018339343829712376}}