{"Uniform": [{"Correct": 0.6566, "Incorrect": 0.3434}], "Trajector": {"Correct": 0.9797255695311813, "Incorrect": 0.020274430468818716}}