{"Uniform": [{"Correct": 0.9186, "Incorrect": 0.0814}], "Trajector": {"Correct": 0.9827161579734366, "Incorrect": 0.01728384202656346}}