{"Uniform": [{"Correct": 0.7911, "Incorrect": 0.2089}], "Trajector": {"Correct": 0.9769548772979154, "Incorrect": 0.023045122702084617}}