{"Uniform": [{"Correct": 0.9244, "Incorrect": 0.0756}], "Trajector": {"Correct": 0.9854868502067025, "Incorrect": 0.014513149793297564}}