{"Uniform": [{"Correct": 0.6988, "Incorrect": 0.3012}], "Trajector": {"Correct": 0.94731286832615, "Incorrect": 0.052687131673849946}}