{"Uniform": [{"Correct": 0.8989, "Incorrect": 0.1011}], "Trajector": {"Correct": 0.9863664350426599, "Incorrect": 0.013633564957340135}}