{"Uniform": [{"Correct": 0.8879, "Incorrect": 0.1121}], "Trajector": {"Correct": 0.9670155686515964, "Incorrect": 0.03298443134840355}}