{"Uniform": [{"Correct": 0.7868, "Incorrect": 0.2132}], "Trajector": {"Correct": 0.9744920397572346, "Incorrect": 0.025507960242765415}}