{"Uniform": [{"Correct": 0.8626, "Incorrect": 0.1374}], "Trajector": {"Correct": 0.9665757762336177, "Incorrect": 0.033424223766382266}}