{"Uniform": [{"Correct": 0.8947, "Incorrect": 0.1053}], "Trajector": {"Correct": 0.945641657137831, "Incorrect": 0.054358342862169055}}