{"Uniform": [{"Correct": 0.7874, "Incorrect": 0.2126}], "Trajector": {"Correct": 0.9674553610695752, "Incorrect": 0.03254463893042484}}