{"Uniform": [{"Correct": 0.714, "Incorrect": 0.286}], "Trajector": {"Correct": 0.9610343917670859, "Incorrect": 0.03896560823291406}}