{"Uniform": [{"Correct": 0.8479, "Incorrect": 0.1521}], "Trajector": {"Correct": 0.8863576391943003, "Incorrect": 0.11364236080569971}}