{"Uniform": [{"Correct": 0.6382, "Incorrect": 0.3618}], "Trajector": {"Correct": 0.9716773682821708, "Incorrect": 0.028322631717829186}}