{"Uniform": [{"Correct": 0.8348, "Incorrect": 0.1652}], "Trajector": {"Correct": 0.9825842202480429, "Incorrect": 0.017415779751957076}}