{"Uniform": [{"Correct": 0.7853, "Incorrect": 0.2147}], "Trajector": {"Correct": 0.9813528014777025, "Incorrect": 0.018647198522297476}}