{"Uniform": [{"Correct": 0.8531, "Incorrect": 0.1469}], "Trajector": {"Correct": 0.9619579558448412, "Incorrect": 0.038042044155158765}}