{"Uniform": [{"Correct": 0.9493, "Incorrect": 0.0507}], "Trajector": {"Correct": 0.9848711408215323, "Incorrect": 0.015128859178467763}}