{"Uniform": [{"Correct": 0.6558, "Incorrect": 0.3442}], "Trajector": {"Correct": 0.964772627319905, "Incorrect": 0.035227372680094994}}