{"Uniform": [{"Correct": 0.8619, "Incorrect": 0.1381}], "Trajector": {"Correct": 0.9724689946345325, "Incorrect": 0.0275310053654675}}