{"Uniform": [{"Correct": 0.9293, "Incorrect": 0.0707}], "Trajector": {"Correct": 0.986322455800862, "Incorrect": 0.013677544199138006}}