{"Uniform": [{"Correct": 0.8529, "Incorrect": 0.1471}], "Trajector": {"Correct": 0.9623097897792242, "Incorrect": 0.037690210220775795}}