{"Uniform": [{"Correct": 0.7686, "Incorrect": 0.2314}], "Trajector": {"Correct": 0.9771747735069047, "Incorrect": 0.02282522649309526}}