{"Uniform": [{"Correct": 0.9174, "Incorrect": 0.0826}], "Trajector": {"Correct": 0.9893570234849152, "Incorrect": 0.01064297651508488}}