{"Uniform": [{"Correct": 0.7949, "Incorrect": 0.2051}], "Trajector": {"Correct": 0.9490280587562671, "Incorrect": 0.05097194124373296}}