{"Uniform": [{"Correct": 0.7922, "Incorrect": 0.2078}], "Trajector": {"Correct": 0.9712375758641921, "Incorrect": 0.028762424135807898}}