{"Uniform": [{"Correct": 0.7351, "Incorrect": 0.2649}], "Trajector": {"Correct": 0.9577799278740434, "Incorrect": 0.04222007212595655}}