{"Uniform": [{"Correct": 0.7941, "Incorrect": 0.2059}], "Trajector": {"Correct": 0.9885653971325534, "Incorrect": 0.011434602867446565}}