{"Uniform": [{"Correct": 0.9158, "Incorrect": 0.0842}], "Trajector": {"Correct": 0.9862344973172662, "Incorrect": 0.01376550268273375}}