{"Uniform": [{"Correct": 0.7933, "Incorrect": 0.2067}], "Trajector": {"Correct": 0.9564165713783095, "Incorrect": 0.04358342862169056}}