{"Uniform": [{"Correct": 0.773, "Incorrect": 0.227}], "Trajector": {"Correct": 0.9752396868677984, "Incorrect": 0.0247603131322016}}