{"Uniform": [{"Correct": 0.8449, "Incorrect": 0.1551}], "Trajector": {"Correct": 0.9847392030961386, "Incorrect": 0.015260796903861378}}