{"Uniform": [{"Correct": 0.7258, "Incorrect": 0.2742}], "Trajector": {"Correct": 0.9819245316210748, "Incorrect": 0.01807546837892515}}