{"Uniform": [{"Correct": 0.7889, "Incorrect": 0.2111}], "Trajector": {"Correct": 0.9703140117864368, "Incorrect": 0.0296859882135632}}