{"Uniform": [{"Correct": 0.8016, "Incorrect": 0.1984}], "Trajector": {"Correct": 0.9867622482188407, "Incorrect": 0.013237751781159292}}