{"Uniform": [{"Correct": 0.8026, "Incorrect": 0.1974}], "Trajector": {"Correct": 0.9706218664790219, "Incorrect": 0.029378133520978098}}