{"Uniform": [{"Correct": 0.8012, "Incorrect": 0.1988}], "Trajector": {"Correct": 0.9047409622658106, "Incorrect": 0.09525903773418946}}