{"Uniform": [{"Correct": 0.79, "Incorrect": 0.21}], "Trajector": {"Correct": 0.9843873691617556, "Incorrect": 0.015612630838244348}}