{"Uniform": [{"Correct": 0.8749, "Incorrect": 0.1251}], "Trajector": {"Correct": 0.9865863312516492, "Incorrect": 0.013413668748350779}}