{"Uniform": [{"Correct": 0.6898, "Incorrect": 0.3102}], "Trajector": {"Correct": 0.9665757762336177, "Incorrect": 0.033424223766382266}}