{"Uniform": [{"Correct": 0.8609, "Incorrect": 0.1391}], "Trajector": {"Correct": 0.9783182337936494, "Incorrect": 0.0216817662063506}}