{"Uniform": [{"Correct": 0.6882, "Incorrect": 0.3118}], "Trajector": {"Correct": 0.9817046354120855, "Incorrect": 0.018295364587914503}}