{"Uniform": [{"Correct": 0.8013, "Incorrect": 0.1987}], "Trajector": {"Correct": 0.9765590641217345, "Incorrect": 0.02344093587826546}}