{"Uniform": [{"Correct": 0.7844, "Incorrect": 0.2156}], "Trajector": {"Correct": 0.9812648429941068, "Incorrect": 0.01873515700589322}}