{"Uniform": [{"Correct": 0.6925, "Incorrect": 0.3075}], "Trajector": {"Correct": 0.9817925938956812, "Incorrect": 0.01820740610431876}}