{"Uniform": [{"Correct": 0.7732, "Incorrect": 0.2268}], "Trajector": {"Correct": 0.9832878881168089, "Incorrect": 0.016712111883191133}}