{"Uniform": [{"Correct": 0.8135, "Incorrect": 0.1865}], "Trajector": {"Correct": 0.9708417626880113, "Incorrect": 0.02915823731198874}}