{"Uniform": [{"Correct": 0.7935, "Incorrect": 0.2065}], "Trajector": {"Correct": 0.9853988917231067, "Incorrect": 0.014601108276893307}}