{"Uniform": [{"Correct": 0.912, "Incorrect": 0.088}], "Trajector": {"Correct": 0.9507872284281819, "Incorrect": 0.0492127715718181}}