{"Uniform": [{"Correct": 0.9154, "Incorrect": 0.0846}], "Trajector": {"Correct": 0.9713255343477878, "Incorrect": 0.028674465652212155}}