{"Uniform": [{"Correct": 0.9115, "Incorrect": 0.0885}], "Trajector": {"Correct": 0.8702172574544815, "Incorrect": 0.12978274254551853}}