{"Uniform": [{"Correct": 0.9142, "Incorrect": 0.0858}], "Trajector": {"Correct": 0.9571202392470753, "Incorrect": 0.04287976075292462}}