{"Uniform": [{"Correct": 0.9114, "Incorrect": 0.0886}], "Trajector": {"Correct": 0.9604626616237136, "Incorrect": 0.039537338376286396}}