{"Uniform": [{"Correct": 0.913, "Incorrect": 0.087}], "Trajector": {"Correct": 0.9600668484475328, "Incorrect": 0.03993315155246724}}