{"Uniform": [{"Correct": 0.9126, "Incorrect": 0.0874}], "Trajector": {"Correct": 0.9210572609728208, "Incorrect": 0.07894273902717917}}