{"Uniform": [{"Correct": 0.9158, "Incorrect": 0.0842}], "Trajector": {"Correct": 0.8011698478318234, "Incorrect": 0.19883015216817662}}