{"Uniform": [{"Correct": 0.9112, "Incorrect": 0.0888}], "Trajector": {"Correct": 0.9690825930160964, "Incorrect": 0.0309174069839036}}