{"Uniform": [{"Correct": 0.9125, "Incorrect": 0.0875}], "Trajector": {"Correct": 0.8749230363268538, "Incorrect": 0.12507696367314627}}