{"Uniform": [{"Correct": 0.9154, "Incorrect": 0.0846}], "Trajector": {"Correct": 0.874483243908875, "Incorrect": 0.12551675609112498}}