{"Uniform": [{"Correct": 0.9107, "Incorrect": 0.0893}], "Trajector": {"Correct": 0.9669715894097985, "Incorrect": 0.033028410590201424}}