{"Uniform": [{"Correct": 0.9104, "Incorrect": 0.0896}], "Trajector": {"Correct": 0.9597150145131498, "Incorrect": 0.04028498548685021}}