{"Uniform": [{"Correct": 0.9108, "Incorrect": 0.0892}], "Trajector": {"Correct": 0.9567244260708946, "Incorrect": 0.043275573929105464}}