{"Uniform": [{"Correct": 0.909, "Incorrect": 0.091}], "Trajector": {"Correct": 0.9674993403113731, "Incorrect": 0.03250065968862697}}