{"Uniform": [{"Correct": 0.9089, "Incorrect": 0.0911}], "Trajector": {"Correct": 0.9631014161315858, "Incorrect": 0.03689858386841411}}