{"Uniform": [{"Correct": 0.9107, "Incorrect": 0.0893}], "Trajector": {"Correct": 0.9622658105374263, "Incorrect": 0.03773418946257367}}