{"Uniform": [{"Correct": 0.9098, "Incorrect": 0.0902}], "Trajector": {"Correct": 0.9629254991643944, "Incorrect": 0.037074500835605595}}