{"Uniform": [{"Correct": 0.9135, "Incorrect": 0.0865}], "Trajector": {"Correct": 0.9652124197378837, "Incorrect": 0.03478758026211628}}