{"Uniform": [{"Correct": 0.9112, "Incorrect": 0.0888}], "Trajector": {"Correct": 0.9668836309262029, "Incorrect": 0.03311636907379717}}