{"Uniform": [{"Correct": 0.9107, "Incorrect": 0.0893}], "Trajector": {"Correct": 0.9038173981880553, "Incorrect": 0.09618260181194477}}