{"Uniform": [{"Correct": 0.9105, "Incorrect": 0.0895}], "Trajector": {"Correct": 0.9499956020758202, "Incorrect": 0.05000439792417979}}