{"Uniform": [{"Correct": 0.91, "Incorrect": 0.09}], "Trajector": {"Correct": 0.8425543143636204, "Incorrect": 0.15744568563637962}}