{"Uniform": [{"Correct": 0.9152, "Incorrect": 0.0848}], "Trajector": {"Correct": 0.9611663294924796, "Incorrect": 0.03883367050752045}}