{"Uniform": [{"Correct": 0.9298, "Incorrect": 0.0702}], "Trajector": {"Correct": 0.9874219368458088, "Incorrect": 0.012578063154191221}}