{"Uniform": [{"Correct": 0.9363, "Incorrect": 0.0637}], "Trajector": {"Correct": 0.973304600228692, "Incorrect": 0.026695399771307943}}