{"Uniform": [{"Correct": 0.6406, "Incorrect": 0.3594}], "Trajector": {"Correct": 0.9751517283842026, "Incorrect": 0.024848271615797345}}