{"Uniform": [{"Correct": 0.8308, "Incorrect": 0.1692}], "Trajector": {"Correct": 0.9913360893658193, "Incorrect": 0.008663910634180667}}