{"Uniform": [{"Correct": 0.9049, "Incorrect": 0.0951}], "Trajector": {"Correct": 0.9742721435482452, "Incorrect": 0.025727856451754773}}