{"Uniform": [{"Correct": 0.911, "Incorrect": 0.089}], "Trajector": {"Correct": 0.88780895417363, "Incorrect": 0.11219104582636995}}