{"Uniform": [{"Correct": 0.9155, "Incorrect": 0.0845}], "Trajector": {"Correct": 0.8998152871844489, "Incorrect": 0.10018471281555107}}