{"Uniform": [{"Correct": 0.9105, "Incorrect": 0.0895}], "Trajector": {"Correct": 0.9729087870525112, "Incorrect": 0.027091212947488785}}