{"Uniform": [{"Correct": 0.9113, "Incorrect": 0.0887}], "Trajector": {"Correct": 0.9637611047585539, "Incorrect": 0.03623889524144604}}