{"Uniform": [{"Correct": 0.9139, "Incorrect": 0.0861}], "Trajector": {"Correct": 0.8047761456592488, "Incorrect": 0.19522385434075115}}