{"Uniform": [{"Correct": 0.9136, "Incorrect": 0.0864}], "Trajector": {"Correct": 0.8942299234761193, "Incorrect": 0.10577007652388073}}