{"Uniform": [{"Correct": 0.9102, "Incorrect": 0.0898}], "Trajector": {"Correct": 0.964068959451139, "Incorrect": 0.03593104054886094}}