{"Uniform": [{"Correct": 0.914, "Incorrect": 0.086}], "Trajector": {"Correct": 0.8729879496877474, "Incorrect": 0.12701205031225263}}