{"Uniform": [{"Correct": 0.9094, "Incorrect": 0.0906}], "Trajector": {"Correct": 0.9634092708241709, "Incorrect": 0.036590729175829007}}