{"Uniform": [{"Correct": 0.9137, "Incorrect": 0.0863}], "Trajector": {"Correct": 0.875186911777641, "Incorrect": 0.12481308822235905}}