{"Uniform": [{"Correct": 0.9114, "Incorrect": 0.0886}], "Trajector": {"Correct": 0.8900958747471194, "Incorrect": 0.10990412525288064}}