{"Uniform": [{"Correct": 0.9118, "Incorrect": 0.0882}], "Trajector": {"Correct": 0.8422464596710353, "Incorrect": 0.15775354032896474}}