{"Uniform": [{"Correct": 0.9112, "Incorrect": 0.0888}], "Trajector": {"Correct": 0.9643328349019263, "Incorrect": 0.03566716509807371}}