{"Uniform": [{"Correct": 0.9153, "Incorrect": 0.0847}], "Trajector": {"Correct": 0.849195179875099, "Incorrect": 0.15080482012490104}}