{"Uniform": [{"Correct": 0.9097, "Incorrect": 0.0903}], "Trajector": {"Correct": 0.9628375406807986, "Incorrect": 0.037162459319201334}}