{"Uniform": [{"Correct": 0.9111, "Incorrect": 0.0889}], "Trajector": {"Correct": 0.9713255343477878, "Incorrect": 0.028674465652212155}}