{"Uniform": [{"Correct": 0.9116, "Incorrect": 0.0884}], "Trajector": {"Correct": 0.9686428005981177, "Incorrect": 0.031357199401882314}}