{"Uniform": [{"Correct": 0.9118, "Incorrect": 0.0882}], "Trajector": {"Correct": 0.9576479901486499, "Incorrect": 0.04235200985135016}}