{"Uniform": [{"Correct": 0.9138, "Incorrect": 0.0862}], "Trajector": {"Correct": 0.844401442519131, "Incorrect": 0.15559855748086904}}