{"Uniform": [{"Correct": 0.9139, "Incorrect": 0.0861}], "Trajector": {"Correct": 0.8680622746063857, "Incorrect": 0.1319377253936142}}