{"Uniform": [{"Correct": 0.9121, "Incorrect": 0.0879}], "Trajector": {"Correct": 0.7296156214266866, "Incorrect": 0.2703843785733134}}