{"Uniform": [{"Correct": 0.9172, "Incorrect": 0.0828}], "Trajector": {"Correct": 0.9202216553786613, "Incorrect": 0.07977834462133873}}