{"Uniform": [{"Correct": 0.9112, "Incorrect": 0.0888}], "Trajector": {"Correct": 0.9566364675872988, "Incorrect": 0.0433635324127012}}