{"Uniform": [{"Correct": 0.9142, "Incorrect": 0.0858}], "Trajector": {"Correct": 0.952106605682118, "Incorrect": 0.04789339431788196}}