{"Uniform": [{"Correct": 0.91, "Incorrect": 0.09}], "Trajector": {"Correct": 0.9717213475239687, "Incorrect": 0.028278652476031313}}