{"Uniform": [{"Correct": 0.9105, "Incorrect": 0.0895}], "Trajector": {"Correct": 0.9610783710088838, "Incorrect": 0.038921628991116196}}