{"Uniform": [{"Correct": 0.9116, "Incorrect": 0.0884}], "Trajector": {"Correct": 0.9718972644911602, "Incorrect": 0.028102735508839828}}