{"Uniform": [{"Correct": 0.9126, "Incorrect": 0.0874}], "Trajector": {"Correct": 0.966487817750022, "Incorrect": 0.03351218224997801}}