{"Uniform": [{"Correct": 0.9133, "Incorrect": 0.0867}], "Trajector": {"Correct": 0.8802885038261941, "Incorrect": 0.11971149617380597}}