{"Uniform": [{"Correct": 0.9124, "Incorrect": 0.0876}], "Trajector": {"Correct": 0.7879760752924619, "Incorrect": 0.21202392470753803}}