{"Uniform": [{"Correct": 0.9112, "Incorrect": 0.0888}], "Trajector": {"Correct": 0.9382091652739907, "Incorrect": 0.061790834726009325}}