{"Uniform": [{"Correct": 0.8585, "Incorrect": 0.1415}], "Trajector": {"Correct": 0.9772627319905005, "Incorrect": 0.022737268009499517}}