{"Uniform": [{"Correct": 0.7929, "Incorrect": 0.2071}], "Trajector": {"Correct": 0.977438648957692, "Incorrect": 0.02256135104230803}}