{"Uniform": [{"Correct": 0.9402, "Incorrect": 0.0598}], "Trajector": {"Correct": 0.9912041516404257, "Incorrect": 0.00879584835957428}}