{"Uniform": [{"Correct": 0.6774, "Incorrect": 0.3226}], "Trajector": {"Correct": 0.9798575072565749, "Incorrect": 0.020142492743425104}}