{"Uniform": [{"Correct": 0.7734, "Incorrect": 0.2266}], "Trajector": {"Correct": 0.9761632509455537, "Incorrect": 0.023836749054446302}}