{"Uniform": [{"Correct": 0.825, "Incorrect": 0.175}], "Trajector": {"Correct": 0.9829360541824259, "Incorrect": 0.017063945817574106}}