{"Uniform": [{"Correct": 0.9229, "Incorrect": 0.0771}], "Trajector": {"Correct": 0.9878177500219896, "Incorrect": 0.012182249978010378}}