{"Uniform": [{"Correct": 0.7818, "Incorrect": 0.2182}], "Trajector": {"Correct": 0.9643328349019263, "Incorrect": 0.03566716509807371}}