{"Uniform": [{"Correct": 0.8096, "Incorrect": 0.1904}], "Trajector": {"Correct": 0.9785381300026388, "Incorrect": 0.021461869997361247}}