{"Uniform": [{"Correct": 0.6884, "Incorrect": 0.3116}], "Trajector": {"Correct": 0.9622218312956284, "Incorrect": 0.037778168704371534}}