{"Uniform": [{"Correct": 0.8923, "Incorrect": 0.1077}], "Trajector": {"Correct": 0.9902805875626705, "Incorrect": 0.00971941243732958}}