{"Uniform": [{"Correct": 0.8066, "Incorrect": 0.1934}], "Trajector": {"Correct": 0.9882135631981704, "Incorrect": 0.011786436801829536}}