{"Uniform": [{"Correct": 0.8278, "Incorrect": 0.1722}], "Trajector": {"Correct": 0.9701380948192453, "Incorrect": 0.029861905180754683}}