{"Uniform": [{"Correct": 0.8445, "Incorrect": 0.1555}], "Trajector": {"Correct": 0.9840795144691705, "Incorrect": 0.015920485530829448}}