{"Uniform": [{"Correct": 0.927, "Incorrect": 0.073}], "Trajector": {"Correct": 0.9859266426246811, "Incorrect": 0.014073357375318849}}