{"Uniform": [{"Correct": 0.8823, "Incorrect": 0.1177}], "Trajector": {"Correct": 0.9786700677280323, "Incorrect": 0.021329932271967632}}