{"Uniform": [{"Correct": 0.9169, "Incorrect": 0.0831}], "Trajector": {"Correct": 0.9697422816430644, "Incorrect": 0.030257718356935526}}