{"Uniform": [{"Correct": 0.6446, "Incorrect": 0.3554}], "Trajector": {"Correct": 0.9794616940803941, "Incorrect": 0.020538305919605947}}