{"Uniform": [{"Correct": 0.7986, "Incorrect": 0.2014}], "Trajector": {"Correct": 0.985266953997713, "Incorrect": 0.01473304600228692}}