{"Uniform": [{"Correct": 0.8107, "Incorrect": 0.1893}], "Trajector": {"Correct": 0.985266953997713, "Incorrect": 0.01473304600228692}}