{"Uniform": [{"Correct": 0.7879, "Incorrect": 0.2121}], "Trajector": {"Correct": 0.9571202392470753, "Incorrect": 0.04287976075292462}}