{"Uniform": [{"Correct": 0.8982, "Incorrect": 0.1018}], "Trajector": {"Correct": 0.9886093763743513, "Incorrect": 0.011390623625648693}}