{"Uniform": [{"Correct": 0.8527, "Incorrect": 0.1473}], "Trajector": {"Correct": 0.9835077843257982, "Incorrect": 0.016492215674201775}}