{"Uniform": [{"Correct": 0.8164, "Incorrect": 0.1836}], "Trajector": {"Correct": 0.9820564693464685, "Incorrect": 0.017943530653531534}}