{"Uniform": [{"Correct": 0.6389, "Incorrect": 0.3611}], "Trajector": {"Correct": 0.9702260533028411, "Incorrect": 0.02977394669715894}}