{"Uniform": [{"Correct": 0.7852, "Incorrect": 0.2148}], "Trajector": {"Correct": 0.9867182689770428, "Incorrect": 0.013281731022957164}}