{"Uniform": [{"Correct": 0.8242, "Incorrect": 0.1758}], "Trajector": {"Correct": 0.9473568475679479, "Incorrect": 0.05264315243205207}}