{"Uniform": [{"Correct": 0.92, "Incorrect": 0.08}], "Trajector": {"Correct": 0.9859266426246811, "Incorrect": 0.014073357375318849}}