{"Uniform": [{"Correct": 0.9302, "Incorrect": 0.0698}], "Trajector": {"Correct": 0.9737883718884687, "Incorrect": 0.026211628111531358}}