{"Uniform": [{"Correct": 0.9284, "Incorrect": 0.0716}], "Trajector": {"Correct": 0.9633213123405753, "Incorrect": 0.03667868765942475}}