{"Uniform": [{"Correct": 0.859, "Incorrect": 0.141}], "Trajector": {"Correct": 0.985970621866479, "Incorrect": 0.014029378133520978}}