{"Uniform": [{"Correct": 0.8115, "Incorrect": 0.1885}], "Trajector": {"Correct": 0.9890931480341278, "Incorrect": 0.010906851965872108}}