{"Uniform": [{"Correct": 0.8281, "Incorrect": 0.1719}], "Trajector": {"Correct": 0.9557568827513414, "Incorrect": 0.044243117248658634}}