{"Uniform": [{"Correct": 0.9273, "Incorrect": 0.0727}], "Trajector": {"Correct": 0.9726009323599261, "Incorrect": 0.027399067640073885}}