{"Uniform": [{"Correct": 0.7883, "Incorrect": 0.2117}], "Trajector": {"Correct": 0.9871140821532237, "Incorrect": 0.012885917846776321}}