{"Uniform": [{"Correct": 0.8391, "Incorrect": 0.1609}], "Trajector": {"Correct": 0.9772187527487026, "Incorrect": 0.022781247251297387}}