{"Uniform": [{"Correct": 0.7524, "Incorrect": 0.2476}], "Trajector": {"Correct": 0.9649485442870965, "Incorrect": 0.03505145571290351}}