{"Uniform": [{"Correct": 0.939, "Incorrect": 0.061}], "Trajector": {"Correct": 0.9861465388336705, "Incorrect": 0.013853461166329493}}