{"Uniform": [{"Correct": 0.9384, "Incorrect": 0.0616}], "Trajector": {"Correct": 0.972644911601724, "Incorrect": 0.027355088398276012}}