{"Uniform": [{"Correct": 0.739, "Incorrect": 0.261}], "Trajector": {"Correct": 0.9733485794704899, "Incorrect": 0.02665142052951007}}