{"Uniform": [{"Correct": 0.9255, "Incorrect": 0.0745}], "Trajector": {"Correct": 0.9879936669891811, "Incorrect": 0.012006333010818894}}