{"Uniform": [{"Correct": 0.7993, "Incorrect": 0.2007}], "Trajector": {"Correct": 0.9870701029114258, "Incorrect": 0.012929897088574192}}