{"Uniform": [{"Correct": 0.6431, "Incorrect": 0.3569}], "Trajector": {"Correct": 0.9804292373999473, "Incorrect": 0.019570762600052777}}