{"Uniform": [{"Correct": 0.9345, "Incorrect": 0.0655}], "Trajector": {"Correct": 0.9874659160876067, "Incorrect": 0.01253408391239335}}