{"Uniform": [{"Correct": 0.9298, "Incorrect": 0.0702}], "Trajector": {"Correct": 0.9892690650013194, "Incorrect": 0.010730934998680624}}