{"Uniform": [{"Correct": 0.7495, "Incorrect": 0.2505}], "Trajector": {"Correct": 0.9820124901046706, "Incorrect": 0.017987509895329403}}