{"Uniform": [{"Correct": 0.7883, "Incorrect": 0.2117}], "Trajector": {"Correct": 0.9842554314363621, "Incorrect": 0.015744568563637963}}