{"Uniform": [{"Correct": 0.807, "Incorrect": 0.193}], "Trajector": {"Correct": 0.9761192717037558, "Incorrect": 0.023880728296244172}}