{"Uniform": [{"Correct": 0.9419, "Incorrect": 0.0581}], "Trajector": {"Correct": 0.9914240478494151, "Incorrect": 0.008575952150584924}}