{"Uniform": [{"Correct": 0.9379, "Incorrect": 0.0621}], "Trajector": {"Correct": 0.9642888556601285, "Incorrect": 0.03571114433987158}}