{"Uniform": [{"Correct": 0.7572, "Incorrect": 0.2428}], "Trajector": {"Correct": 0.9785821092444367, "Incorrect": 0.021417890755563374}}