{"Uniform": [{"Correct": 0.899, "Incorrect": 0.101}], "Trajector": {"Correct": 0.9855748086902982, "Incorrect": 0.01442519130970182}}