{"Uniform": [{"Correct": 0.7081, "Incorrect": 0.2919}], "Trajector": {"Correct": 0.9825842202480429, "Incorrect": 0.017415779751957076}}