{"Uniform": [{"Correct": 0.7303, "Incorrect": 0.2697}], "Trajector": {"Correct": 0.9856627671738939, "Incorrect": 0.014337232826106078}}