{"Uniform": [{"Correct": 0.93, "Incorrect": 0.07}], "Trajector": {"Correct": 0.9859266426246811, "Incorrect": 0.014073357375318849}}