{"Uniform": [{"Correct": 0.8, "Incorrect": 0.2}], "Trajector": {"Correct": 0.9600668484475328, "Incorrect": 0.03993315155246724}}