{"Uniform": [{"Correct": 0.8256, "Incorrect": 0.1744}], "Trajector": {"Correct": 0.9889612103087343, "Incorrect": 0.011038789691265722}}