{"Uniform": [{"Correct": 0.9388, "Incorrect": 0.0612}], "Trajector": {"Correct": 0.9843873691617556, "Incorrect": 0.015612630838244348}}