{"Uniform": [{"Correct": 0.7733, "Incorrect": 0.2267}], "Trajector": {"Correct": 0.9575160524232562, "Incorrect": 0.04248394757674378}}