{"Uniform": [{"Correct": 0.7689, "Incorrect": 0.2311}], "Trajector": {"Correct": 0.9766470226053303, "Incorrect": 0.023352977394669718}}