{"Uniform": [{"Correct": 0.8688, "Incorrect": 0.1312}], "Trajector": {"Correct": 0.9879936669891811, "Incorrect": 0.012006333010818894}}