{"Uniform": [{"Correct": 0.9332, "Incorrect": 0.0668}], "Trajector": {"Correct": 0.9855748086902982, "Incorrect": 0.01442519130970182}}