{"Uniform": [{"Correct": 0.8982, "Incorrect": 0.1018}], "Trajector": {"Correct": 0.9799454657401706, "Incorrect": 0.020054534259829362}}