{"Uniform": [{"Correct": 0.8031, "Incorrect": 0.1969}], "Trajector": {"Correct": 0.9861465388336705, "Incorrect": 0.013853461166329493}}