{"Uniform": [{"Correct": 0.8569, "Incorrect": 0.1431}], "Trajector": {"Correct": 0.9720731814583516, "Incorrect": 0.027926818541648343}}