{"Uniform": [{"Correct": 0.9025, "Incorrect": 0.0975}], "Trajector": {"Correct": 0.9864983727680535, "Incorrect": 0.013501627231946521}}