{"Uniform": [{"Correct": 0.9304, "Incorrect": 0.0696}], "Trajector": {"Correct": 0.9607265370745008, "Incorrect": 0.039273462925499165}}