{"Uniform": [{"Correct": 0.8495, "Incorrect": 0.1505}], "Trajector": {"Correct": 0.9805611751253408, "Incorrect": 0.01943882487465916}}