{"Uniform": [{"Correct": 0.7904, "Incorrect": 0.2096}], "Trajector": {"Correct": 0.9831999296332131, "Incorrect": 0.016800070366786875}}