{"Uniform": [{"Correct": 0.858, "Incorrect": 0.142}], "Trajector": {"Correct": 0.9869381651860322, "Incorrect": 0.013061834813967808}}