{"Uniform": [{"Correct": 0.8235, "Incorrect": 0.1765}], "Trajector": {"Correct": 0.9854868502067025, "Incorrect": 0.014513149793297564}}