{"Uniform": [{"Correct": 0.8343, "Incorrect": 0.1657}], "Trajector": {"Correct": 0.9760313132201601, "Incorrect": 0.023968686779839914}}