{"Uniform": [{"Correct": 0.935, "Incorrect": 0.065}], "Trajector": {"Correct": 0.9639810009675434, "Incorrect": 0.03601899903245668}}