{"Uniform": [{"Correct": 0.8004, "Incorrect": 0.1996}], "Trajector": {"Correct": 0.9784061922772451, "Incorrect": 0.02159380772275486}}