{"Uniform": [{"Correct": 0.9258, "Incorrect": 0.0742}], "Trajector": {"Correct": 0.9882575424399683, "Incorrect": 0.011742457560031665}}