{"Uniform": [{"Correct": 0.9152, "Incorrect": 0.0848}], "Trajector": {"Correct": 0.9821444278300642, "Incorrect": 0.01785557216993579}}