{"Uniform": [{"Correct": 0.7984, "Incorrect": 0.2016}], "Trajector": {"Correct": 0.9889172310669364, "Incorrect": 0.011082768933063593}}