{"Uniform": [{"Correct": 0.9369, "Incorrect": 0.0631}], "Trajector": {"Correct": 0.9908083384642449, "Incorrect": 0.009191661535755123}}