{"Uniform": [{"Correct": 0.6467, "Incorrect": 0.3533}], "Trajector": {"Correct": 0.9693904477086815, "Incorrect": 0.0306095522913185}}