{"Uniform": [{"Correct": 0.928, "Incorrect": 0.072}], "Trajector": {"Correct": 0.9890931480341278, "Incorrect": 0.010906851965872108}}