{"Uniform": [{"Correct": 0.6825, "Incorrect": 0.3175}], "Trajector": {"Correct": 0.9884334594071599, "Incorrect": 0.01156654059284018}}