{"Uniform": [{"Correct": 0.8019, "Incorrect": 0.1981}], "Trajector": {"Correct": 0.9810449467851174, "Incorrect": 0.018955053214882576}}