{"Uniform": [{"Correct": 0.936, "Incorrect": 0.064}], "Trajector": {"Correct": 0.9853988917231067, "Incorrect": 0.014601108276893307}}