{"Uniform": [{"Correct": 0.8633, "Incorrect": 0.1367}], "Trajector": {"Correct": 0.98429941067816, "Incorrect": 0.01570058932184009}}