{"Uniform": [{"Correct": 0.9248, "Incorrect": 0.0752}], "Trajector": {"Correct": 0.9857067464156918, "Incorrect": 0.014293253584308207}}