{"Uniform": [{"Correct": 0.7816, "Incorrect": 0.2184}], "Trajector": {"Correct": 0.9334154279180227, "Incorrect": 0.06658457208197731}}