{"Uniform": [{"Correct": 0.7828, "Incorrect": 0.2172}], "Trajector": {"Correct": 0.9820564693464685, "Incorrect": 0.017943530653531534}}